{
    "name": "tcp_15",
    "flow_rate_mbps": [
        0.996142174221764,
        1.9285258116019162,
        2.4854797747432738,
        2.0673232749083557,
        0.3624425476034143,
        0.30135541695915824,
        0.15624222162495335,
        0.13324655826025342,
        0.2612021959506562,
        0.4788940120386933,
        0.363107028450529,
        0.2331785594004331,
        0.33411969207847037,
        0.13608326401681223,
        0.4874250815728901,
        0.8360637115473281,
        0.7605297055192208,
        0.36827110579143857,
        0.22238164977300157,
        0.22796332534464941,
        0.44572619782248435,
        0.5945117518387323,
        0.5180203146960112,
        0.40822227702984276,
        0.220019192904908,
        0.25837035487761967,
        0.2805408797668331,
        0.4129614306797177,
        0.4429930301929259,
        0.22881993811156645,
        0.46307015512850197,
        0.7635572119826493,
        0.5329594445400622,
        0.1695311177286849,
        0.27084585311176984,
        0.3193850955745354,
        0.4046406265001466,
        0.327324561125647,
        0.2932912659065349,
        0.38557209103785484,
        0.428808832892768,
        0.6530877372059574,
        0.9321877454993679,
        0.8472787966185208,
        0.23214153687953318,
        0.38278227592426345,
        0.7229959955544683,
        0.5692206418933484,
        0.37548509381362716,
        0.3329463946434672,
        0.21100364239726738,
        0.3007039505860759,
        0.23405443965998848,
        0.23851546410508656,
        0.4851450689222397
    ],
    "time_stamp_us": [
        1667360,
        1888469,
        2038789,
        2201803,
        2536249,
        6282829,
        10678967,
        18734152,
        28345207,
        33079011,
        35430429,
        38957323,
        44165349,
        48031269,
        56630710,
        58986272,
        60333155,
        62017034,
        65554428,
        71114599,
        76344914,
        79044688,
        80901674,
        83608286,
        86312695,
        92233633,
        96976592,
        101384078,
        104271321,
        106987752,
        112487972,
        114872060,
        116404676,
        118786846,
        126471099,
        130914069,
        134681809,
        137764841,
        141711016,
        145663401,
        148755741,
        151510535,
        153234775,
        154442772,
        155993336,
        161890428,
        164832257,
        166389776,
        168639589,
        172109021,
        175756455,
        181668770,
        185854149,
        191089854,
        196366493,
        198642101
    ]
}