{
    "name": "scps_tp_14",
    "flow_rate_mbps": [
        0.3522220527550211,
        0.42207865625612667,
        0.42211473075097194,
        0.8964055531235235,
        0.7175050704308511,
        0.4761795135798961,
        0.6077377393747504,
        0.269202011027142,
        0.2290139848519046,
        0.543783802760996,
        0.2520748842024658,
        0.6174303908103383,
        0.5635552556041185,
        0.7836823663819271,
        0.8151346282701831,
        0.3208201837741705,
        0.4208819354309821,
        0.8989000538105962,
        0.5410325364224712,
        0.4612002737123363,
        0.5152545185482783,
        0.31748490693528447,
        0.4412010177757484,
        0.5855131322534151,
        0.3462266511569047,
        0.8444828588366311,
        0.8077944289039821,
        0.35477590723747426,
        0.7168123739591769,
        0.5461113176333635,
        0.8674456336587857,
        0.4052219566955178,
        0.26647269697920023,
        0.37117705608679014,
        0.36369481488381494,
        0.4220889864541852,
        1.0807890034346785,
        0.8951695571682058,
        0.9195524486947178,
        0.8837494103580684,
        0.5766534075716031,
        2.055741246756136,
        0.6314812615569059,
        0.6281680134601353,
        0.6405590109066255,
        0.8410763392702999,
        0.36260389749095945,
        0.3942891173763107
    ],
    "time_stamp_us": [
        5237750,
        7112908,
        11402535,
        15299485,
        18760240,
        23299302,
        27078381,
        32673426,
        37430597,
        41865610,
        45682421,
        50412444,
        55025628,
        58747712,
        62931652,
        66182158,
        70311574,
        74324861,
        77935674,
        81996354,
        85586985,
        89250883,
        94014826,
        98543918,
        103257732,
        107785633,
        112021314,
        116299036,
        120406643,
        124287826,
        127663841,
        131074683,
        134643690,
        140443909,
        144132068,
        149413859,
        152735623,
        155881769,
        160432594,
        163518095,
        167827914,
        171197425,
        175171466,
        179070109,
        182831141,
        186984763,
        191473868,
        195705924,
        199065895
    ]
}