{
    "throughput_send_bps": [
        39726535.15999999,
        58017201.18000001,
        59644161.18,
        57976288.1,
        49363671.78000001,
        47295474.52,
        53889654.94,
        57148731.54000001,
        57700058.06000001,
        56883277.699999996,
        57065217.50000001,
        56490309.14000001,
        56772297.599999994,
        54596922.56000001,
        51895463.039999984,
        52549408.000000015,
        54226321.6,
        58549871.99999999,
        48492814.39999999,
        56708562.699999996,
        53295330.10000001,
        44295323.20000001,
        48975464.0,
        55034518.39999999,
        57594972.800000004,
        58479043.09999999,
        50159131.300000004,
        46388272.300000004,
        49264546.9,
        50773283.580000006,
        43793041.219999984,
        45644504.0,
        40878396.800000004,
        45733763.20000001,
        48370948.8,
        50963160.00000001,
        45218524.34000001,
        44442243.66,
        40425291.199999996,
        45942417.60000001
    ],
    "throughput_sink_bps": [
        38319649.599999994,
        56951043.2,
        58649242.800000004,
        56752178.00000001,
        48531774.4,
        46187708.96,
        53062569.720000006,
        56001234.85999999,
        56372233.32,
        56256069.84,
        55714585.00000001,
        55599691.1,
        55769850.040000014,
        53589065.039999984,
        50978208.120000005,
        51319824.00000001,
        53573499.35999999,
        57004004.640000015,
        47925502.4,
        55687315.199999996,
        52490168.18000001,
        43454118.22,
        47908635.2,
        54117030.400000006,
        56436905.92,
        57751116.48000001,
        49257265.96,
        45714347.72,
        48250817.12,
        49837689.199999996,
        42958813.940000005,
        44737595.65999999,
        40124974.39999999,
        44879324.58,
        47235560.21999999,
        49857024.0,
        44630742.400000006,
        43628748.800000004,
        39799092.8,
        44846424.0
    ],
    "time_stamp_ns": [
        0.0,
        5000000000.0,
        10000000000.0,
        15000000000.0,
        20000000000.0,
        25000000000.0,
        30000000000.0,
        35000000000.0,
        40000000000.0,
        45000000000.0,
        50000000000.0,
        55000000000.0,
        60000000000.0,
        65000000000.0,
        70000000000.0,
        75000000000.0,
        80000000000.0,
        85000000000.0,
        90000000000.0,
        95000000000.0,
        100000000000.0,
        105000000000.0,
        110000000000.0,
        115000000000.0,
        120000000000.0,
        125000000000.0,
        130000000000.0,
        135000000000.0,
        140000000000.0,
        145000000000.0,
        150000000000.0,
        155000000000.0,
        160000000000.0,
        165000000000.0,
        170000000000.0,
        175000000000.0,
        180000000000.0,
        185000000000.0,
        190000000000.0,
        195000000000.0
    ]
}