{
    "time_stamp (ns)": [
        0.0,
        5000000000.0,
        10000000000.0,
        15000000000.0,
        20000000000.0,
        25000000000.0,
        30000000000.0,
        35000000000.0,
        40000000000.0,
        45000000000.0,
        50000000000.0,
        55000000000.0,
        60000000000.0,
        65000000000.0,
        70000000000.0,
        75000000000.0,
        80000000000.0,
        85000000000.0,
        90000000000.0,
        95000000000.0,
        100000000000.0,
        105000000000.0,
        110000000000.0,
        115000000000.0,
        120000000000.0,
        125000000000.0,
        130000000000.0,
        135000000000.0,
        140000000000.0,
        145000000000.0,
        150000000000.0,
        155000000000.0,
        160000000000.0,
        165000000000.0,
        170000000000.0,
        175000000000.0,
        180000000000.0,
        185000000000.0,
        190000000000.0,
        195000000000.0
    ],
    "max_utilization_details": [
        {
            "constellation_name": "Test1",
            "maximum_link_utilization (MLU)": [
                0.0074652928,
                0.0085098288,
                0.0121353664,
                0.0095517808,
                0.0075306176,
                0.0077805152,
                0.0092173472,
                0.0102684528,
                0.0093805536,
                0.009155552,
                0.0100391936,
                0.010480104,
                0.0086771264,
                0.0105679904,
                0.0099604496,
                0.0091335712,
                0.0093773568,
                0.0099935664,
                0.0088938192,
                0.0118489664,
                0.0076927616,
                0.0074449968,
                0.0091803632,
                0.0128011984,
                0.0126400592,
                0.0125954912,
                0.010486904,
                0.0084065376,
                0.0090622032,
                0.0087129792,
                0.0079310576,
                0.0049177232,
                0.0062742624,
                0.0055222672,
                0.0054976928,
                0.0068295168,
                0.006294496,
                0.0052165312,
                0.0051785776,
                0.0055293248
            ]
        }
    ]
}