{
    "name": "scps_tp_8",
    "flow_rate_mbps": [
        0.7030375699440446,
        0.45403395072025254,
        0.35135184188078145,
        0.8356693333333333,
        0.8693872038554765,
        0.4972723132827966,
        0.37122387226848336,
        1.1234960316109097,
        0.6278648312550278,
        0.32799549267559786,
        1.0895527046852078,
        1.1188666666666667,
        0.9355400984505943,
        0.6011393302063617,
        0.6279190417614257,
        0.74328,
        0.7583547995553512,
        0.6870303781254056,
        0.6172697300969455,
        0.581127698930375,
        0.6659911439717021,
        0.7512566192064324,
        0.4274592858936635,
        0.3558167214162807,
        0.5903890082223702,
        0.606583292898621,
        0.554144,
        0.6127386127386126,
        1.1759287200419295,
        0.6785359065660819,
        0.8269064400759781,
        0.4763564976374286,
        0.4964423189082002,
        0.4020533333333334,
        0.5858155764245354,
        0.5271141181208003,
        0.5660794578297763,
        0.44292632508981195,
        0.4614828330292351,
        0.3898685719158936,
        0.47803913030807443,
        0.4995636612597091,
        0.6571326877220702,
        1.1203877028377185,
        0.7064157149580995,
        0.8764337444391955,
        0.5654678797866818,
        0.5231591560909463,
        0.7749724725466371,
        0.6175848098204028,
        0.4155932591262316,
        0.5160144301331907,
        0.32423426779801495,
        0.3325733326263559,
        0.5583418181818182,
        0.4522216437279718,
        0.7283519126273343,
        0.8840764969797227,
        0.8435243220428406,
        0.9656853297594444,
        0.6961641297948378,
        0.76684,
        0.7013046153846154,
        0.9641707295671914,
        0.7336251797116767,
        1.0242907756225628,
        1.0174418280152038,
        1.3599407920863567,
        1.0114183325721111
    ],
    "time_stamp_us": [
        1918403,
        2578931,
        3268342,
        3929514,
        4304514,
        4867246,
        5512848,
        6114986,
        6790449,
        7346110,
        7985070,
        8369514,
        8729514,
        9153483,
        9805445,
        10418403,
        10818403,
        11229514,
        11707292,
        12268123,
        12740625,
        13279467,
        13740625,
        14429514,
        15164679,
        15751736,
        16262848,
        16762848,
        17207292,
        17585070,
        18018403,
        18544344,
        19162738,
        19762848,
        20362848,
        20846181,
        21385070,
        23212983,
        23812848,
        24412983,
        25046181,
        25629514,
        26251737,
        26737788,
        27086096,
        27640625,
        28229119,
        28812848,
        29396181,
        29834834,
        30496314,
        31212957,
        31796181,
        32512848,
        33229514,
        33779514,
        34296181,
        34999742,
        35518403,
        35992253,
        36329514,
        36862848,
        37262848,
        37912848,
        38357317,
        38790650,
        39104514,
        39462848,
        39906032,
        40304514
    ]
}