{
    "name": "tcp_23",
    "flow_rate_mbps": [
        0.23994831152972979,
        0.2584615070280928,
        0.13151218720191588,
        0.453746443250079,
        0.36361058992129414,
        0.1192548165846973,
        0.2532306631760616,
        0.2898896560047946,
        0.12601763289242854,
        0.2415553608128558,
        0.16226409647028872,
        0.43375527240240885,
        0.20412050072295684,
        0.14177608458431218,
        0.14736048896889523,
        0.1389299470998528,
        0.28688141195547107,
        0.6131502398589311,
        0.1859506112249328,
        0.15179223848660903,
        0.17500061876490075,
        0.17701708941395006,
        0.2540451426372631,
        0.1936185685277829,
        0.18277229922690347,
        0.23566669690771325,
        0.16387278088942545,
        0.23506768499926428,
        0.1910322452692647,
        0.3340737374552466
    ],
    "time_stamp_us": [
        7571037,
        12632127,
        17330699,
        26396931,
        28927331,
        32722600,
        43276136,
        48158957,
        52500471,
        62400038,
        67655976,
        75276146,
        77999525,
        84652066,
        93061947,
        101302962,
        110361916,
        114210196,
        116226798,
        123113788,
        131623314,
        138815060,
        145488314,
        150485851,
        156986054,
        163871999,
        169118731,
        176798835,
        182058937,
        188820518,
        192587830
    ]
}