{
    "name": "tcp_19",
    "flow_rate_mbps": [
        0.00971106482512753,
        0.019756742040642823
    ],
    "time_stamp_us": [
        20781809,
        116277001,
        171597863
    ]
}