{
    "name": "scps_tp_2",
    "flow_rate_mbps": [
        0.4715547184811516,
        1.0574785091514503,
        0.4558692722859271,
        0.43769067003574164,
        0.7550460362647791,
        0.8482385180989428,
        0.4829031100875117,
        0.7919810984805086,
        0.6748141860808482,
        0.4884797885481033,
        0.4065948583250791,
        0.5538132452095893,
        0.6155895707842106,
        0.44712003789152854,
        0.9005093600184385,
        0.9484089154381781,
        0.7567285791561722,
        0.42886509701429804,
        0.4298530038714768,
        0.47097890441394785,
        0.9774187898046636,
        0.7954411779533699,
        0.7119284429979289,
        0.7769053972063272,
        0.4939466528259898,
        0.818983889645391,
        0.4582140619942131
    ],
    "time_stamp_us": [
        2947468,
        4638012,
        5748601,
        8237683,
        14694846,
        19256793,
        23278492,
        26595762,
        28533384,
        29908281,
        31205219,
        34550977,
        37320416,
        42628888,
        46999258,
        51780552,
        57298172,
        61879154,
        66590006,
        73190588,
        79003842,
        84244748,
        89005276,
        94277716,
        98711306,
        99823005,
        102208986,
        103114135
    ]
}