{
    "name": "scps_tp_22",
    "flow_rate_mbps": [
        0.7129471993196964,
        1.3747257815544804,
        4.931506849315069,
        2.659574468085107,
        1.0835406635196625,
        1.0844286592203967,
        1.1913170664192574,
        1.567014632987721,
        3.387286278413101,
        1.1563631055836823,
        1.1740611866781145,
        0.6323580661226585,
        1.8802299234653734,
        0.5883720930232558,
        0.6125111996696883,
        0.6805017793965706,
        0.5510065986802639,
        0.910667679986098,
        0.6043792469346991,
        1.158028165966992,
        1.6514416881564689,
        0.8639173644260114,
        0.8634947013228169,
        1.0008298407960894,
        0.5989343528471389,
        0.6154248128182039,
        1.9740253049278278,
        1.829301428129608,
        0.3748498702193446,
        1.1421598718764572,
        0.8747617717095304,
        0.48701014187174857,
        1.3724078941141653,
        1.5308441332355625,
        1.2772128006542007,
        0.844225040978838,
        0.7014039257873889,
        0.9026576244073298,
        0.70741440635557,
        0.9384494974887395,
        1.6575518021498377,
        1.2349437669098873,
        1.3432995508488976,
        0.37548985584777494,
        1.03217601517347,
        0.8158556954355433,
        2.5749063670411987,
        0.5362407992703052,
        1.6617325566285823,
        0.5032457221834421,
        0.9088093124712044,
        0.8176775473282839,
        0.6087831623559625,
        1.4992013899108492,
        0.8369741265072507,
        2.212626472261361,
        0.8697632494024301,
        0.4315529540268782,
        1.9469168597831887,
        0.9672266069391253,
        0.4415185367206896,
        0.7273829557510785,
        0.8916861660495805,
        0.7993223541610868
    ],
    "time_stamp_us": [
        3549054,
        7048668,
        10574142,
        11218878,
        11322654,
        13013998,
        16628067,
        20038343,
        22842350,
        24351381,
        27311005,
        30630355,
        33947463,
        36419416,
        39515416,
        42777789,
        45843997,
        48969622,
        52606514,
        56442516,
        59493219,
        62147191,
        65840322,
        68998280,
        72439904,
        76661001,
        79585030,
        82224753,
        84620684,
        87860381,
        91059793,
        94177076,
        97532078,
        100363656,
        103666618,
        106821613,
        109855496,
        113129387,
        116615094,
        120142079,
        123036044,
        125087455,
        128672266,
        132485682,
        135955070,
        139238696,
        142635179,
        144993323,
        148246190,
        150870439,
        154161078,
        157234462,
        159894288,
        163448657,
        166880244,
        170072314,
        172881428,
        176016626,
        179598110,
        182376657,
        185447044,
        188997699,
        192837657,
        195796725,
        199746871
    ]
}