{
    "name": "tcp_36",
    "flow_rate_mbps": [
        0.04520626470212293,
        0.04468668828379058,
        0.061389080738427575,
        0.03762113914596326,
        0.03475218440197015,
        0.04301649514326944,
        0.04345706637247686
    ],
    "time_stamp_us": [
        2266522,
        30595339,
        58759431,
        78001941,
        107934049,
        137795769,
        162947051,
        189875698
    ]
}