{
    "name": "tcp_15",
    "flow_rate_mbps": [
        0.09299375681300169,
        0.10844404406985927,
        0.11309170942502442,
        0.070132002006168,
        0.06997566123752948,
        0.10258716994289338,
        0.10704205156104325,
        0.07562186782816958,
        0.12419053438532039,
        0.08251560841325588,
        0.11581248580050844,
        0.12091481857699271,
        0.11596428812592104,
        0.07218874130024619,
        0.08716818451501418
    ],
    "time_stamp_us": [
        2317581,
        16444981,
        27643383,
        38967290,
        55181286,
        71904815,
        84065400,
        95307337,
        111950142,
        122528726,
        136844563,
        147139826,
        157183260,
        168512265,
        185028968,
        198327398
    ]
}