{
    "name": "tcp_27",
    "flow_rate_mbps": [
        0.10956669882883938,
        0.04346787758208643,
        0.10748303410737395,
        0.10297996809859683,
        0.1602657968350787,
        0.0962744741835704,
        0.22203993443385994,
        0.11492039917304987,
        0.06355060032894781,
        0.21046016589523914,
        0.09806551095596265,
        0.04758947784155715,
        0.07985340593729492,
        0.12244382870373748
    ],
    "time_stamp_us": [
        3767089,
        15656833,
        43594705,
        55201374,
        67422780,
        75344620,
        87614539,
        93183267,
        103654515,
        121895098,
        127875137,
        140596429,
        166346659,
        182660553,
        192668734
    ]
}