{
    "name": "tcp_3",
    "flow_rate_mbps": [
        0.9985029120621493,
        0.43855552296766,
        0.45361596284434463,
        0.7702700545335968,
        0.5914359550316763,
        0.4033735630550689,
        0.9665390050654428,
        1.2253383586979942,
        0.6859026133024275,
        0.3658925749248061,
        0.30412121589310864,
        0.8180511553479279,
        0.7200501543363934,
        0.5226710661250797,
        0.5631486588117324,
        0.2783498588080426,
        0.4787149471547393,
        0.27568711888619507,
        1.1957318063802198,
        2.0593138921811702,
        0.4545073284920474,
        0.1939588279962338,
        1.7558970343545073,
        3.063230350568273,
        0.4310447405997145,
        0.4226194558710704,
        0.3956103645288484,
        0.6301933165818863,
        1.4193653954245482,
        0.6588764050102061,
        0.6531844054549354,
        0.7816120362074825,
        0.22561792726162744,
        0.9242670328014332,
        1.6466628388144218,
        1.0831627825091876,
        0.2783004885290211,
        0.5261052446575634,
        0.6491879525933258,
        0.33829917910989893,
        0.9173543899486138,
        0.8201299717893069,
        0.8958911496008917,
        0.4096355158319008,
        0.25195007678937925,
        0.686204812557335,
        0.2469092450506535,
        0.9512832617361981,
        0.7100430060035379,
        0.8640321368182419,
        0.34366711528481086,
        0.41149314047317,
        0.72731895909062,
        0.8680042414982174,
        0.9496404814922579,
        0.13200830791416115,
        0.4885474181025553,
        0.18799375968598903,
        0.6133902249879108,
        0.6791334852551776,
        0.4263992198838897,
        0.27653907239435493,
        0.504958971692618,
        0.2090663179570186,
        0.6867436651320921,
        0.3338029209995274,
        0.8837538190599443,
        1.2417466165687814,
        1.0212839257674342,
        1.7150620446674707,
        0.594684692785773,
        1.190499096617045,
        0.37738643938401234,
        0.7726374750293753,
        0.40400811937604625,
        1.9608901337250013,
        0.4927827704574822,
        0.9115217943991243,
        0.8866776937002644
    ],
    "time_stamp_us": [
        3516220,
        4776667,
        7470237,
        10196067,
        11887318,
        13996625,
        17198818,
        18409571,
        19481732,
        21203959,
        24372102,
        28292644,
        30060553,
        31563115,
        34055543,
        36349218,
        40870722,
        43361390,
        48006656,
        48985337,
        49591131,
        52190165,
        58337449,
        58991337,
        59366157,
        62593293,
        65728028,
        68909340,
        70766294,
        71707447,
        73450050,
        75427562,
        76981274,
        82363825,
        83737454,
        84495059,
        85585643,
        89869933,
        92157232,
        94112906,
        97898431,
        99186134,
        100814949,
        102306023,
        105486216,
        111270219,
        113072130,
        117856398,
        119214227,
        120971191,
        122491690,
        126603576,
        129662096,
        131392506,
        132829734,
        134166661,
        143366082,
        145919611,
        151733421,
        153857224,
        155677897,
        158500041,
        163130996,
        165688986,
        171708894,
        173525467,
        177097395,
        178446549,
        179433417,
        180687368,
        181369699,
        183671692,
        184617581,
        188128041,
        189756955,
        192735509,
        193321039,
        197264034,
        198487307,
        199869365
    ]
}