{
    "name": "tcp_6",
    "flow_rate_mbps": [
        0.719487351778212,
        0.5842250830521194,
        0.5579761349624801,
        0.2665411219353203,
        0.523706513169309,
        0.5144739486399819,
        0.32905334183785206,
        0.2999945900185101,
        0.5930767172384713,
        0.33365226275263116,
        0.5325311229878069,
        0.39301317056640983,
        0.1820184149535016,
        0.30208461490596245,
        0.4295709397593877,
        0.8150539854357578,
        0.7110067723731083,
        0.5003604311107724,
        0.17272687734763997,
        0.6380207113068741,
        0.683861598822741,
        0.2636196764511757,
        0.32076248138342234,
        1.0489646397682328,
        0.4180259209810581,
        0.4557490047080328,
        0.22910970386291343,
        0.2952897373348796,
        0.18390879118059017,
        0.09940036406548518,
        0.33965936819863346,
        0.4526611321275893,
        0.5020338176948397,
        0.4731229270561863,
        0.5352084276278956,
        0.4745924829322421,
        0.5564355865326459,
        0.9955696752336158,
        0.5461236132622516,
        0.24232443646112412,
        0.4054426948650866,
        0.2374535221490326,
        0.42956691034083117,
        0.531266293463533,
        0.4581313605989982,
        0.6325761068128509,
        0.6275758178665833,
        0.36599508563639,
        0.3591796329175699,
        0.3064212864460127,
        0.3249630795057902,
        0.46995903724959415,
        0.5682225160745465,
        0.30089427817888986,
        0.3825712238065579,
        0.43692407652641224,
        0.47827405449898186,
        0.4773113145263598
    ],
    "time_stamp_us": [
        2956771,
        4736705,
        7023221,
        9120515,
        14090855,
        16367550,
        18770937,
        22629278,
        26677351,
        28650519,
        32720385,
        34876428,
        38612486,
        45163032,
        50096749,
        52975156,
        54505754,
        56291391,
        58850826,
        65817663,
        67738353,
        69594869,
        74494655,
        78074126,
        79231839,
        82480250,
        85072203,
        90324534,
        94586653,
        101249956,
        114466809,
        118107162,
        120887520,
        123284490,
        126014605,
        128345510,
        130950861,
        133034121,
        134242836,
        136527154,
        141766411,
        144734426,
        149848690,
        152727124,
        155116886,
        157791752,
        159711521,
        161787318,
        165075231,
        168671426,
        172454453,
        176599170,
        179183225,
        181514706,
        186247797,
        189508680,
        192414448,
        195068993,
        197636374
    ]
}