{
    "name": "tcp_1",
    "flow_rate_mbps": [
        3.736536483392507,
        3.224055355903553,
        1.9359874369319994,
        0.47565311497302815,
        0.6347352507815256,
        0.9891862695292523,
        0.44396337748207854,
        0.3031040460047248,
        0.42677107549247517,
        0.4505697271779634,
        0.8233153357396416,
        0.9275338940544574,
        0.38241774176007864,
        0.4633241577803416,
        0.3729236639843171,
        0.6019217425609757,
        1.0532562217485961,
        0.9603026148708328,
        0.33358763133047586,
        0.3081398326351261,
        0.46687743605848187,
        0.453271202609017,
        0.7337508091862411,
        1.0450685826257349,
        0.7193532711931794,
        0.6896098059560326,
        0.6779701834724298,
        0.5515709461401264,
        0.8272256924217258,
        0.25672967165849886,
        0.5722668297765361,
        0.4882503508950247,
        0.38915973388341724,
        0.46913715694538555,
        0.5209942717713928,
        0.30082863070256755,
        0.6104150561004813,
        0.5551147488558301,
        0.30112339872077104,
        0.4935668455087816,
        0.3692714792043221,
        0.33591652642838254,
        0.5721889156338303,
        0.7529965161916241,
        0.40607186973495596,
        0.7933513705791682,
        1.0402519337057403,
        0.8492335140061863,
        0.36172920269919084,
        0.5468134741972392,
        0.5211167277439732,
        0.749575501598783,
        0.5556880002233003,
        0.3321740080079255,
        0.20986341769419087,
        0.5024528711495112,
        0.4371514285139026,
        0.40365603632421293,
        0.5002963712199076,
        0.30293277772093496,
        0.6362609984110765,
        0.5176676736088083,
        0.4216054880442167,
        0.435295184547021,
        0.2999741761361413,
        0.33694664070234864,
        0.47099744399564836,
        0.7701902872307475,
        1.1760073939083804,
        1.1783948388717094,
        1.3806040142562372,
        1.407988956949357,
        0.5396534186994153,
        0.40993165505568246,
        0.4687995670364897,
        0.5016225217514226,
        0.42862949988177745,
        0.710356143229418,
        0.3429553329672619,
        0.4471287853227862,
        0.2588404103080892
    ],
    "time_stamp_us": [
        1971510,
        2272880,
        2563942,
        3078466,
        4393357,
        6167451,
        7350484,
        10309647,
        14316192,
        17135877,
        19806629,
        21147549,
        22337802,
        26061897,
        28444678,
        31878732,
        33822905,
        34871083,
        36216159,
        39955866,
        43861106,
        46414924,
        49118471,
        50623069,
        51679459,
        53490419,
        55299442,
        56960400,
        59222158,
        60583431,
        65571713,
        67693800,
        70271494,
        73165113,
        75753695,
        78190574,
        82007232,
        83996698,
        85985476,
        90165025,
        92625482,
        95854326,
        99699567,
        101706177,
        103406902,
        106343131,
        107734696,
        108817203,
        110364198,
        113935046,
        115954016,
        118284396,
        119992883,
        122178282,
        125767726,
        131659558,
        133856779,
        136836799,
        139817951,
        142024643,
        146325003,
        148060140,
        150427373,
        153438719,
        155974929,
        160575325,
        164081162,
        166472003,
        167905415,
        168862960,
        169818565,
        170618215,
        171417994,
        174302512,
        177345751,
        179747801,
        182322805,
        184898456,
        186670187,
        190050219,
        192963742,
        197655436
    ]
}