{
    "name": "scps_tp_11",
    "flow_rate_mbps": [
        0.6817833863482297,
        0.40564
    ],
    "time_stamp_us": [
        1875397,
        2354822,
        2954822
    ]
}