{
    "name": "scps_tp_40",
    "flow_rate_mbps": [
        1.4930227816357087,
        1.022121501980338,
        1.409415128233034,
        1.5261734188760434,
        1.226813066876629,
        0.5474580219192285,
        1.6426421161031577,
        2.565193127809872,
        1.6874065153839237,
        2.254018355090991,
        1.3525437136196747,
        0.6081124450823714,
        0.9833684297075201,
        0.5782188568950025,
        0.8122798155957761,
        0.8184766827640887,
        1.3723614209114154,
        0.614327170002569,
        1.1475082153336906,
        1.3099230467671004,
        0.32041490868863554,
        0.9448345492659858,
        0.4416372657730928,
        1.192670439102384,
        1.4455515921223197,
        1.7009355344239652,
        1.0119054215053647,
        0.5583221856620612,
        1.1632949767375915,
        1.4370208796388513,
        0.9787353264819696,
        2.810927589263912,
        1.2670557281910804,
        1.7408554315386138,
        0.7902330966619031,
        1.138215582600293
    ],
    "time_stamp_us": [
        2670117,
        6995838,
        13217251,
        17306096,
        21154466,
        25896900,
        33358294,
        36597758,
        40014951,
        43685341,
        46477155,
        51195021,
        57785118,
        63914906,
        71781270,
        78332313,
        85616088,
        89911866,
        98915277,
        103167691,
        107381679,
        117752732,
        122882265,
        133381379,
        137454256,
        141356877,
        146387050,
        152704004,
        160850698,
        165491447,
        169040790,
        173473776,
        175967757,
        180123912,
        184188948,
        190559524,
        194856355
    ]
}