{
    "name": "tcp_0",
    "flow_rate_mbps": [
        0.17233531397194965,
        0.18733185712438127,
        0.11111911397244184,
        0.0717235891939294,
        0.06330967266386449,
        0.1334034781663019,
        0.06576042814545517,
        0.16719952747959624,
        0.10792231939141195,
        0.06993625558116728,
        0.16746065063754906,
        0.2605914626912686,
        0.09235379484618236,
        0.05664918135679508,
        0.11520297037096322
    ],
    "time_stamp_us": [
        16485184,
        23724095,
        30737104,
        41566564,
        58498232,
        77680135,
        86617833,
        106427923,
        113955217,
        125719234,
        142925760,
        150045761,
        154960120,
        167870472,
        188723024,
        199168588
    ]
}