{
    "name": "tcp_25",
    "flow_rate_mbps": [
        0.09266485534277122,
        0.13546914166291918,
        0.07424568110120525,
        0.12963138657676387,
        0.16240097911314944,
        0.09786800230486237,
        0.09681460570932234,
        0.11835635675472256,
        0.19926084080685352,
        0.11812567548729717,
        0.09633489784030186,
        0.1561456560757699,
        0.10412820794099947,
        0.12100009742358891,
        0.09434010475699221,
        0.11303148960532075,
        0.10869697763761298,
        0.13279340143031804
    ],
    "time_stamp_us": [
        4860549,
        17131868,
        25933282,
        42587180,
        51103636,
        58241524,
        69860439,
        81833839,
        91814545,
        97465831,
        107372568,
        119634791,
        126846519,
        138615088,
        147647808,
        159584195,
        169058369,
        180129146,
        189939272
    ]
}