{
    "name": "tcp_17",
    "flow_rate_mbps": [
        0.10321924860625488,
        0.10706277174661187,
        0.11559512919578278,
        0.09713818306484087,
        0.13086761053192184,
        0.12183998702291493,
        0.14750247173526007,
        0.10758422645935424,
        0.12055811327971401,
        0.09635530839394352,
        0.09755809111599327,
        0.09825753381675671,
        0.14700591655235296,
        0.13057472818052024,
        0.1637258605017661,
        0.114882465405607,
        0.11387846774393487
    ],
    "time_stamp_us": [
        7027906,
        19541851,
        31709666,
        42979345,
        55481123,
        66026131,
        76536966,
        85368818,
        96246249,
        106960418,
        120251227,
        132359705,
        145617925,
        153878817,
        163940182,
        171559748,
        182226650,
        193278432
    ]
}