{
    "name": "scps_tp_6",
    "flow_rate_mbps": [
        1.7386509372088845,
        0.2820451681030078,
        3.501396177933277,
        1.8136756000562029,
        0.10416666666666667,
        4.430946794058539,
        2.3208119875290145,
        1.2345038848659495,
        1.5759067868153775,
        2.4655129556772692,
        1.4592159738384671,
        2.161358667096052,
        1.96672580935483,
        1.868871111111111
    ],
    "time_stamp_us": [
        1576172,
        2054934,
        2172362,
        2383295,
        3038067,
        3144051,
        3322189,
        3540616,
        3782838,
        4051727,
        4285061,
        4504620,
        4740616,
        4973950,
        5423950
    ]
}