{
    "name": "tcp_10",
    "flow_rate_mbps": [
        0.16396514308560473,
        0.246255972376504,
        0.14676949362459327,
        0.15941488055293943,
        0.23838049966400288,
        0.21700445276056007,
        0.23676077397010423,
        0.3532055830219417,
        0.38828941629971436,
        0.32618426456380245,
        0.4171298007367095,
        0.27858160153627043,
        0.2007194850719266,
        0.14862965911545126,
        0.17439538924052764,
        0.19817157996959217,
        0.20412192763727038,
        0.32265481557501596,
        0.43730909302003956,
        0.43357205522921155,
        0.319355636415021,
        0.411155226333436,
        0.2369449467495916,
        0.192729049047829,
        0.20098902355646306,
        0.12981689195080204,
        0.28826903631184225,
        0.7033300958736813,
        0.25987677533307,
        0.1953910873492177,
        0.221460613123674,
        0.1671461014383043,
        0.2674799511177944,
        0.5798646863476313,
        0.25626834056560693,
        0.18951300736840382,
        0.14968640256364554
    ],
    "time_stamp_us": [
        2720134,
        10261249,
        15192703,
        23617342,
        31373707,
        36699646,
        42244970,
        47234310,
        50766304,
        54036030,
        57759079,
        60670403,
        65346663,
        71506902,
        80346053,
        87182931,
        93310954,
        99206254,
        103072677,
        106001132,
        108929365,
        112835731,
        115789360,
        121287346,
        127588420,
        133630541,
        144090813,
        148418437,
        150082293,
        155137612,
        161183333,
        166866330,
        174462080,
        178878411,
        180896537,
        185850719,
        192316977,
        199913659
    ]
}