{
    "name": "tcp_9",
    "flow_rate_mbps": [
        0.20586077620116114,
        0.14646668207528674,
        0.07497213474897325,
        0.12336174541079853,
        0.08577730811098538,
        0.08525189316272756,
        0.25641709221078546,
        0.12030242442301542,
        0.10873334814027263,
        0.1468980791085187,
        0.175981655511676,
        0.11326202450835973,
        0.07755522919050865,
        0.11491230098268476,
        0.2161095243069187,
        0.1543545527480788,
        0.13870067482949378,
        0.12740687906457174
    ],
    "time_stamp_us": [
        11657239,
        17610000,
        26730436,
        43517473,
        53093213,
        66735982,
        80333334,
        85284642,
        95929814,
        107910683,
        116027331,
        123680856,
        134013004,
        152518526,
        163374805,
        169760456,
        177985675,
        186741220,
        196532842
    ]
}