{
    "name": "tcp_11",
    "flow_rate_mbps": [
        0.2728930532640124,
        0.3501709132697502,
        0.17156797730003898,
        0.3193201962869284,
        0.3583465094554493,
        0.6187167944111696,
        0.26792281413539265,
        0.376851943621924,
        0.5142453789060183,
        0.5096155572253238,
        0.7772559797446175,
        0.721450322396946,
        0.2761158354371033,
        0.37892696811537707,
        0.4334585122005145,
        0.3134531097997433,
        0.2772578388848327,
        0.3047829387811443,
        0.40270791517094706,
        0.25231768646808117,
        0.2613183385006451,
        0.3555423352725576,
        0.3476165947847823,
        0.48840388083620057,
        0.3506357710145586,
        0.2591367931561041,
        0.3907186769867764,
        0.18691181097966567,
        0.357542786151811,
        0.2138949728463504,
        0.24092695063557304,
        0.2097225654500431,
        0.2740177255847266,
        0.16623429616032204,
        0.32473526393340174,
        0.13564870250226324,
        0.1724404424450142,
        0.40026324248575745,
        0.2780697343020124,
        0.33631433861490023,
        0.42108125946280295,
        0.3239015131221442,
        0.2055625438184606,
        0.5243001356628393,
        0.29739042043263464
    ],
    "time_stamp_us": [
        3181299,
        7833671,
        11112527,
        18576857,
        22518230,
        26153594,
        28116366,
        32937456,
        36277123,
        38788920,
        41128566,
        42662578,
        44376459,
        48934546,
        52197655,
        55304942,
        59320088,
        63739945,
        67507085,
        70714571,
        75877586,
        80862770,
        84278397,
        87994215,
        90412869,
        94065206,
        98666328,
        101972236,
        108528483,
        111955877,
        118614098,
        123700453,
        129648883,
        134403028,
        141774792,
        145786429,
        154413419,
        161775961,
        164865128,
        169549996,
        172963945,
        175979040,
        179898750,
        186558329,
        188790333,
        193282206
    ]
}