{
    "name": "tcp_36",
    "flow_rate_mbps": [
        0.14801905564282541,
        0.2517659153365668,
        0.2565013032854366,
        0.3428420832054549,
        0.1651129722320741,
        0.1650484323272945,
        0.18562163839531437,
        0.18830480917738704,
        0.2484082165794715,
        0.1556680867694355,
        0.20420870992406737,
        0.24580059310157884,
        0.1910810264194776,
        0.13995120108836995,
        0.28667625370225247,
        0.13862293682234542,
        0.1156269030336654,
        0.17354542710482024,
        0.1245275441532528,
        0.14331884986571572,
        0.16080473391824343,
        0.24076639209922493,
        0.572659426784427,
        0.2944044668263932,
        0.17220819697206036,
        0.2719920424621017,
        0.15173054288539745,
        0.12931966388489569,
        0.22583498108436365
    ],
    "time_stamp_us": [
        2619892,
        11346336,
        16301415,
        20863731,
        24438088,
        32394822,
        40153999,
        46934243,
        53324733,
        58524561,
        66538535,
        72161018,
        76787207,
        83027073,
        90678883,
        94529917,
        103449653,
        113379522,
        120313499,
        129710938,
        137491073,
        144699816,
        149239320,
        151109332,
        155459266,
        162062436,
        167054935,
        174913076,
        183876910,
        189498714
    ]
}