{
    "name": "scps_tp_32",
    "flow_rate_mbps": [
        0.46072833470911934,
        0.782369297806865,
        0.0695818266848949,
        0.14442182388873814,
        0.30651979259937945,
        0.17273046267555564,
        0.16277133699344826,
        0.2156883467998258,
        0.2939586383183591,
        0.2861868452158732,
        0.1391318885467684,
        0.30718116619526353,
        0.4791404537109359,
        0.6287795705299478,
        0.15341658873538294,
        0.5074385923613584,
        1.1268656312359413
    ],
    "time_stamp_us": [
        14051467,
        22438188,
        29987564,
        52834909,
        62848908,
        73221876,
        87283090,
        101865510,
        111488283,
        122604949,
        131631779,
        144168948,
        152650718,
        160346499,
        169142968,
        182023974,
        191335682,
        196322399
    ]
}