{
    "name": "scps_tp_43",
    "flow_rate_mbps": [
        1.3225789873561895,
        1.4300094741828517,
        1.4221915054898302,
        1.588951253792032,
        1.2041234293529361,
        1.246511927996516,
        0.7407931439349202,
        0.9893433783279582,
        1.4221771809813362,
        1.0260668058713822,
        2.0986526991842873,
        1.7304140721977215,
        1.2113103483706191,
        1.3811068938360553,
        1.1674446609736042,
        1.090507573493559,
        1.5670060503242726,
        1.2697802998182794,
        1.1563433443248543,
        1.5380758115744457,
        1.8806394904098638,
        1.4844332892828502,
        1.32310720108097,
        1.5220751550723994,
        1.013224213643809,
        1.5948450717085483,
        2.2701915048634045,
        1.382343810611347,
        0.8736646956582161,
        1.5505395498839445,
        1.6040740950441201,
        1.298541658728594,
        1.3136914885955047,
        1.0028391998364936,
        1.1115223654602426,
        1.7547015543627775,
        1.0218859865884076,
        0.8029655510460709,
        2.122788616775852,
        1.614764054027077,
        1.754982218271078,
        0.8712713680864622,
        1.7375734171085144,
        0.9791287327547713,
        2.4490670751398174,
        1.393610561976041,
        0.6672161568533552,
        1.0446942649618272,
        0.6137539308836489,
        1.2398056920247722,
        2.7787760036001825,
        2.539993757685065,
        1.1719842736971187,
        2.6252593197963163,
        1.5945187428959218,
        1.1158595936245286,
        1.8231321921548496,
        1.20518162071103,
        0.9385879846748169,
        1.2206525431478241,
        0.6577386203917226
    ],
    "time_stamp_us": [
        2852480,
        5732308,
        8974804,
        11590823,
        14905009,
        17829759,
        20557627,
        23851178,
        26785973,
        30054089,
        33927521,
        36284233,
        39455081,
        42180196,
        45753330,
        48996927,
        52175777,
        55719554,
        59405987,
        62575703,
        66516315,
        68993600,
        72719628,
        76123978,
        79416956,
        82206309,
        85272889,
        88093444,
        91759218,
        94867779,
        98491911,
        102359862,
        104774386,
        108925863,
        112580766,
        116384846,
        120442972,
        124072966,
        126974012,
        129558763,
        132594352,
        135758555,
        139331816,
        142553136,
        146443125,
        149242493,
        152743959,
        156218695,
        160044197,
        163317952,
        165927006,
        168362438,
        171226760,
        174712131,
        176907297,
        179939886,
        183095982,
        186214571,
        189631417,
        192524955,
        195401056,
        199345480
    ]
}