{
    "name": "scps_tp_18",
    "flow_rate_mbps": [
        0.6048571216191821,
        0.34722484477696336,
        0.39844999959719324,
        0.7805578342213536,
        0.4976889421818798,
        0.518430298746573,
        0.5537604802606271,
        0.185229361235478,
        0.18930215116692167,
        0.7193481659073561,
        0.6630119483965814,
        0.30530173401509714,
        0.18467291251401607,
        0.19524153895332266,
        0.3430530805469502,
        0.3509665182014866,
        0.39040082132010095,
        0.7711508649191127,
        0.2481815653655169,
        0.27089135373008827,
        0.438754737697754,
        0.48240876420412565,
        0.14400126399796945
    ],
    "time_stamp_us": [
        16012439,
        22510238,
        31222057,
        37428507,
        43368874,
        51443315,
        58449387,
        63991711,
        71918748,
        80841626,
        85629961,
        91324700,
        100292615,
        113324954,
        123842388,
        131244158,
        139139612,
        146152712,
        153396742,
        165273853,
        174810370,
        181025414,
        187318832,
        199508725
    ]
}