{
    "name": "scps_tp_29",
    "flow_rate_mbps": [
        0.48560016527787336,
        0.4553925042939269,
        0.5757041062236172,
        0.666314733834409,
        0.5293288596706583,
        0.6381885448883251,
        0.5699620480625127,
        0.8537716198854429,
        0.8479021064523861,
        0.6330288370760545,
        1.1846476235218486,
        0.43231611991133556,
        0.8772172430285512,
        0.4806460850186131,
        0.6040523225624658,
        0.5948770339790188,
        0.9736836701869179,
        0.49074666666666666,
        0.5276096703761595,
        0.9281244444444445,
        0.420556583424071,
        0.5336256482028299,
        0.35054657719812243,
        0.688738025194237,
        0.4171147717411488,
        0.7525178733354322,
        1.3932291355249153,
        0.5463694310263003,
        0.556793984132497,
        0.9033259923435647,
        0.4227635870003206,
        0.4883476248093008,
        0.31766505310770843,
        0.38478967620509275,
        0.7589330513336858,
        0.6731266716359012,
        0.885213662814127,
        0.7209700302768799,
        0.6108658835697106,
        0.7681703848439594,
        1.2728122374779516,
        0.9591804931328514,
        1.5997023223236368,
        1.2369935933034442,
        1.424189354900191,
        0.8768068820915265,
        0.9229773195876289,
        0.696871599037415,
        0.8892602223150555,
        0.797160792779201,
        1.0509187494641068,
        0.6533473055991648,
        0.559928969072513,
        0.3099340243975551,
        0.3931349983286376,
        0.5242036363636363,
        1.0568272909236656,
        0.6830784164214105,
        0.6292365676861126,
        0.6038222828786423,
        0.5625066666666667,
        0.34735999999999995
    ],
    "time_stamp_us": [
        1563666,
        2725346,
        3728507,
        4496999,
        5819221,
        6259129,
        7099470,
        8440640,
        9811311,
        10833646,
        12062342,
        12385888,
        13990140,
        14759564,
        15964359,
        17092897,
        19101460,
        19685888,
        20885888,
        21869221,
        22319221,
        23674777,
        24169221,
        25438941,
        25969221,
        26496999,
        27240285,
        27574777,
        28826399,
        30297708,
        30927505,
        31485888,
        32094176,
        32752555,
        34019221,
        34463666,
        34896999,
        35269221,
        35816173,
        37328374,
        38696383,
        39436797,
        40887035,
        41343905,
        41639221,
        41917302,
        42232555,
        43202555,
        44285888,
        45619221,
        47114568,
        48152555,
        49436050,
        50028468,
        50729030,
        51252555,
        52352555,
        52769221,
        54508219,
        55493362,
        56785888,
        57385888,
        58185888
    ]
}