{
    "name": "scps_tp_25",
    "flow_rate_mbps": [
        0.09442050172440648,
        0.21495759643360177,
        0.24578342545914017,
        0.10518985320688781,
        0.1854352016371757,
        0.15417406660781258,
        0.46994783349918107,
        0.1626244754605437,
        0.28785261945883706,
        0.24659233192341462,
        0.3449217498134773,
        0.6929896755308642,
        0.1398926721156539,
        0.21831668294388157,
        0.23192486433296639,
        0.26257131419745894
    ],
    "time_stamp_us": [
        7429617,
        23448172,
        35722965,
        48210056,
        65947128,
        76961218,
        90566619,
        98178017,
        111008558,
        121555622,
        129479956,
        145259535,
        152412542,
        164802612,
        175776029,
        185629565,
        195846675
    ]
}