{
    "name": "tcp_34",
    "flow_rate_mbps": [
        0.6064083663638744,
        0.38485624962594733,
        0.5431644469553246,
        0.862007462035326,
        0.6035713695027758,
        0.5281525795559572,
        0.5796890292678057,
        0.8523940193858707,
        0.41741960213716334,
        0.75712196223613,
        0.8356545961002786,
        0.6344567618291502,
        0.43997240552878863,
        0.7012735147714785,
        0.6475084706893912,
        0.7050224003772696,
        0.5019917601378399,
        0.5039879271792576,
        0.5297485244776152,
        0.5239784748587106,
        0.6986476973557099,
        0.7111383577914863,
        0.43467733685800936,
        1.0888379317996892,
        1.6431845890614845,
        0.7785543019886985,
        0.6798910546344085,
        0.43788750296137935,
        0.1751276165015159,
        0.9307342003247221,
        0.8970497778790294,
        0.3401283073302206,
        0.4644985217193542,
        0.3154004304377855,
        0.702719808611176,
        0.931546972071897,
        0.4609108717410467,
        0.7016801842950524,
        0.4710960180957865,
        0.7509228857105757,
        0.9141764373648058,
        0.9415184729246695,
        0.573373734615807,
        0.5428769528080606,
        0.9145042073849703,
        1.4070753041094963,
        0.6654618439001504,
        0.38099298464966463,
        0.41134363728825507,
        0.16923009734374805,
        0.23122650581344523,
        0.44170038645146625,
        0.34407070189888916,
        0.47602657921909236,
        0.18944236640021656,
        0.7045830937813742,
        0.5178302226317513,
        0.9075075908201169,
        0.9010235646804496,
        0.27270496099763386,
        0.5319493106272845,
        0.6247775825659401,
        0.5925920441704665,
        0.27141015275015845,
        0.5066120193735588,
        0.7303562589560905,
        0.4278911192261676,
        0.6064183210632219,
        0.8048906366614842,
        0.5572726169714,
        0.3538039546565222,
        0.29243949881753173,
        0.23621587765947102,
        0.38202067646962845,
        0.7362804878048781,
        0.38454323826591247,
        0.384406394378804
    ],
    "time_stamp_us": [
        3892565,
        5931587,
        9173109,
        11530848,
        12837194,
        15013838,
        17501301,
        19615262,
        21052907,
        24120899,
        25812357,
        27265589,
        29144866,
        32055594,
        33834529,
        35539526,
        37371638,
        39834786,
        43273916,
        45441284,
        47927493,
        49713114,
        51513945,
        54231547,
        55326586,
        56099232,
        57644866,
        59512224,
        62310751,
        69434242,
        70810188,
        72127038,
        75762372,
        78400572,
        82390928,
        84056229,
        85454677,
        88185270,
        89915973,
        92610965,
        94228175,
        95508278,
        96856738,
        98878456,
        101115427,
        102479576,
        103366181,
        105207669,
        108482060,
        111461175,
        118376257,
        124965121,
        127714496,
        131308176,
        133928870,
        140164434,
        142029026,
        144310237,
        145672738,
        147179824,
        151592505,
        153916937,
        155878339,
        158039421,
        162432477,
        164785994,
        166478976,
        169420285,
        171350042,
        172913683,
        175073057,
        178879911,
        183334576,
        188475636,
        192030208,
        193709568,
        196838891,
        199969328
    ]
}