{
    "name": "scps_tp_22",
    "flow_rate_mbps": [
        0.26568820082881395,
        0.49926550292996724,
        0.27128168839464756,
        0.3107073369232684,
        0.4863849685774409,
        0.4358554254920153,
        0.13680486560359095,
        0.3065481308521799,
        0.3219130171412913,
        0.18422189508426307,
        0.3181657333269523,
        0.29977971147210886,
        0.25112626093318074,
        0.31413143884833816,
        0.7885768052314643,
        0.6995295334972849,
        0.16956987792987477,
        0.5216567605248588,
        0.2940302785780807,
        0.5247641073034836,
        0.5557387114447253,
        0.512121547006553,
        0.4300587432183411,
        0.22977262084395653,
        0.1310632418976604,
        0.44416322559644195
    ],
    "time_stamp_us": [
        7491701,
        14264753,
        20810048,
        30658409,
        36272438,
        41470296,
        47701353,
        60935970,
        67274420,
        73653286,
        83421506,
        89146824,
        95296940,
        104001406,
        113384994,
        119544952,
        124421601,
        135815134,
        141211786,
        149284424,
        155364413,
        162019339,
        169348849,
        175740906,
        181602701,
        191542330,
        197557416
    ]
}