{
    "name": "tcp_16",
    "flow_rate_mbps": [
        0.09443722403719917,
        0.10824138401003484,
        0.11665112991253541,
        0.06947446999707578,
        0.07014005631741009,
        0.05486244151759841,
        0.06595006059447517,
        0.0565024987700107,
        0.03301281202116098,
        0.06538213637268607
    ],
    "time_stamp_us": [
        6346603,
        19089036,
        30410399,
        41767340,
        59088235,
        76559564,
        97286312,
        116537242,
        137443928,
        170885490,
        188108543
    ]
}