{
    "name": "scps_tp_41",
    "flow_rate_mbps": [
        0.6003418181818181,
        0.41323423515359886,
        0.42068004001000847,
        0.9624657148413662,
        2.257587211744106,
        0.8783663721212098,
        0.7530858689319956,
        0.5174783143227921,
        0.8244439694450382,
        0.7779254122340039,
        0.5151665869297826,
        0.5474379829843636,
        0.45694763188580173,
        0.4720728472072847,
        0.6817091173830604,
        0.7729149870336611,
        0.9508376450450386,
        0.4238765387647669,
        0.49880143744417443,
        0.7165806855652089,
        0.5649298656623468,
        0.6909349936844502,
        0.366294778566762,
        0.5273008503482105,
        0.45761873306821915,
        1.3511717536160766,
        0.7931886096544394,
        0.38529605257918015,
        0.565996714174156,
        0.4047078273305074,
        0.49338467732436303,
        5.520833333333333,
        0.3750483944214377,
        0.756726678118768,
        2.278893245511642,
        6.808510638297872,
        1.2057528482577056,
        3.5979748940191927,
        0.9530746189274937,
        0.8275769379384497,
        0.6168270886834567,
        0.624410967027555,
        0.5373135211496787,
        0.4551665289501683,
        0.29125319036229674,
        0.46677062595161045,
        1.9102081429781046,
        0.47192023225361013,
        0.6132120733340399,
        0.9395498865903543,
        1.9167408712516125,
        1.3509211750766588,
        0.612883957573379,
        0.7573211625205731,
        0.25204081413872437,
        0.8637606734260586,
        0.8080186355233753,
        0.7286437665145328,
        0.28197249086500265,
        0.39755673874566866,
        1.9129063991250315,
        0.5893746362516209,
        2.7040247827541837,
        0.337523000992891,
        0.7027573642850234,
        0.7816548715165047,
        0.34386757918191946,
        0.5409925215572525,
        0.6907882168647079,
        1.542982812478113,
        0.8282563363931466,
        0.6015651810940019,
        0.7169381682811843,
        1.5132327973634276,
        0.6887546883838653,
        0.38062984987067017,
        0.09044201952918608,
        0.16259018184790514,
        0.04261779423097517,
        0.15628495116095278
    ],
    "time_stamp_us": [
        1583313,
        2683313,
        5466277,
        7156854,
        8051556,
        8361090,
        9479876,
        10264339,
        10849979,
        11383313,
        12416646,
        13049979,
        14626764,
        15299979,
        16290216,
        17033313,
        18006988,
        18572502,
        19861198,
        20583313,
        21161347,
        22105535,
        22755518,
        24299979,
        25100357,
        27343919,
        28055118,
        28672202,
        29299979,
        31494861,
        32525570,
        39308837,
        39414821,
        44521298,
        50692509,
        51646867,
        51750643,
        53142371,
        53397370,
        53938868,
        54772202,
        55486360,
        56083313,
        56759328,
        57499980,
        59991860,
        62328031,
        62746109,
        63516646,
        65592626,
        66801077,
        67116646,
        67509948,
        68496027,
        68983313,
        71315348,
        71877726,
        73146271,
        73666646,
        74833313,
        77027757,
        77518746,
        80305700,
        80595579,
        84665512,
        90320949,
        92566646,
        93823246,
        95090221,
        95927757,
        96213313,
        96911068,
        97624979,
        99833069,
        100133459,
        101616646,
        102666674,
        103701945,
        104864180,
        105816646,
        106883313
    ]
}