{
    "name": "scps_tp_1",
    "flow_rate_mbps": [
        0.9047915694527676,
        1.16144094646457,
        0.9070629394528278,
        0.9291485703925413,
        0.775377510998976,
        1.2809950558499594,
        0.39312797141179556,
        0.6519878838918243,
        0.8478954479728821,
        0.7266045988674226,
        1.082396908798751,
        0.9426617121808849,
        0.5056113113044347,
        0.8286573854665519,
        1.4290819292126244,
        0.6593480213457169,
        1.2674971380987066,
        1.000950247151438,
        0.8038743407713221,
        0.5169435720395318,
        0.7085982803673516,
        1.313257024969083,
        0.6686341306714587,
        0.9148022399703419,
        0.9308169578901948,
        0.922853054149875,
        1.3482016559433383,
        0.46212738202463394,
        1.0872753262036483,
        0.4444592370762168,
        1.0398208601117864,
        0.8098867521610232,
        0.6152912408886917,
        0.6652100921040238,
        0.5608180187392244,
        0.89985995262595,
        0.566295069810459,
        0.5780868576501008,
        0.9809747268654089,
        0.7072160440995555,
        1.0927855914196094,
        0.594850860723589,
        0.6453600261071919,
        0.34593943268734767,
        0.8489323797474891,
        0.2924447679292113,
        1.0901429697965277
    ],
    "time_stamp_us": [
        4851354,
        9073144,
        11943785,
        16215859,
        20837897,
        24938506,
        28497864,
        32232831,
        37312680,
        40476655,
        44487860,
        47761927,
        51896093,
        55739045,
        59176316,
        63177990,
        67029067,
        71227325,
        74668535,
        78678714,
        83078111,
        87347046,
        91928632,
        96056450,
        100232041,
        104359512,
        108965229,
        113346176,
        119629119,
        123619571,
        128637084,
        133064462,
        137290238,
        140717298,
        145048922,
        148316720,
        151960487,
        155801029,
        160212546,
        164511617,
        168710843,
        172802405,
        175920363,
        179854911,
        183652570,
        187215822,
        192840679,
        196456058
    ]
}