{
    "name": "tcp_2",
    "flow_rate_mbps": [
        0.09390987842291157,
        0.09070427626796483,
        0.07164935596616652,
        0.06424260715675939,
        0.0712483651505758,
        0.04507722306385318,
        0.0521092654697359,
        0.10066373527737237,
        0.07946259498635602
    ],
    "time_stamp_us": [
        34184881,
        47586666,
        61583801,
        78687095,
        96559346,
        112829193,
        139524715,
        161770279,
        174711583,
        190827845
    ]
}