{
    "name": "tcp_27",
    "flow_rate_mbps": [
        0.2351552898225046,
        0.25611800950045904,
        0.291787510628647,
        0.8663285840293303,
        0.5293540597645638,
        0.23189726608973682,
        0.36178918348320405,
        0.24627138325079675,
        0.2790623319822457,
        0.26808994780945844,
        0.39825315675854045,
        0.22614819137875722,
        0.3677489809508405,
        0.24871889005864953,
        0.2823704703361032,
        0.5922861171138499,
        0.37047992489511106,
        0.4498962635293892,
        0.4526198354027567,
        0.25574217745139965,
        0.3221421263745419,
        0.3677373304782298,
        0.630354722196791,
        0.34774998045368816,
        0.2714610893792699,
        0.24383946297149442,
        0.11549790530651095,
        0.17531867543130028,
        0.28872322028385233,
        0.25408659165093295,
        0.13865623395727592,
        0.24453003276854318,
        0.33445015136569267,
        0.382858574828858,
        0.3329657171983026,
        0.2838128271331178,
        0.24566415085236273,
        0.3617160820758898,
        0.5127061970575123,
        0.23996588142885011,
        0.1664383962697813,
        0.3318128058609295,
        0.36422587796270317
    ],
    "time_stamp_us": [
        4556525,
        10190249,
        14845603,
        18818357,
        20143674,
        22688058,
        27972467,
        31573238,
        36549212,
        40940489,
        45676213,
        48864135,
        54038795,
        57371068,
        62475626,
        66776359,
        68640323,
        72335422,
        74838399,
        77716576,
        83069467,
        86976314,
        90128564,
        92160182,
        95715840,
        100474091,
        105590244,
        116487065,
        123665764,
        127948343,
        132901615,
        142456180,
        147196702,
        150959774,
        154275881,
        158254669,
        162650242,
        167458758,
        170938172,
        173091452,
        178796263,
        186225318,
        190018300,
        193291873
    ]
}