{
    "name": "scps_tp_17",
    "flow_rate_mbps": [
        0.5325981113224837,
        1.1998474770156335,
        0.7344726872870091,
        0.6292574072894896,
        0.9705329120617492,
        0.3694171356431871,
        0.6714035035625256,
        0.0,
        0.5987804726947739,
        0.7477195105175422,
        0.4041169616366339,
        0.6630720556124949,
        0.667794996112721,
        0.5627237101681103,
        0.3128184884344417,
        1.3233244931900932,
        0.7082801811111058,
        0.597680200231812,
        0.7943622020245575,
        0.0,
        1.6966105843846133,
        1.3941333333333334,
        0.8393223867095985,
        1.0186274627627139,
        0.516502255866682,
        0.34759800427655024,
        1.2701296899101144,
        1.7667462822713254,
        0.488590696775997,
        0.2438383963564823,
        0.5853207873380799,
        0.5492842379563965,
        0.7335855467006418,
        1.3110052785923754,
        0.6100814170963131,
        0.8705915133099039,
        0.7295349372737935,
        0.28193392584317656,
        0.509651038213328,
        1.5752366883770899,
        1.3767525689325004,
        0.6966212757550267
    ],
    "time_stamp_us": [
        4395799,
        6764970,
        7850708,
        8712834,
        12905967,
        14426443,
        16416237,
        18537906,
        18648306,
        20504599,
        21180660,
        24017898,
        24534041,
        27594022,
        29314440,
        32425228,
        33025897,
        34478486,
        35430982,
        39280712,
        39391112,
        39787375,
        40117375,
        42158126,
        44737597,
        47922404,
        51956029,
        55328535,
        55578486,
        57488813,
        59554509,
        62567954,
        64217315,
        65601857,
        66241232,
        70548067,
        71689360,
        73639183,
        75160958,
        77732443,
        78089875,
        78489360,
        79825604
    ]
}