{
    "name": "tcp_5",
    "flow_rate_mbps": [
        0.5480171563997001,
        0.2728586521933344,
        0.49825469610650763,
        0.7430371264696939,
        0.24982491483637156,
        0.5904033668577093,
        0.35676012754908204,
        0.4070885674360454,
        0.2639790822685692,
        0.3293191426694888,
        0.17933038893381445,
        0.6157375972131753,
        0.2439387235008742,
        0.41996719990057,
        0.6263420662194066,
        0.30529578223959036,
        0.572888963844168,
        0.40187195104194423,
        0.7197967214397357,
        1.2224174886480226,
        0.9424099951504857,
        0.130169655967562,
        0.5707206566832401,
        0.7032904806986189,
        1.0102158865860116,
        0.26235842822972977,
        0.23123161490644203,
        0.3049104121526108,
        0.24962033139510784,
        0.3926919748729142,
        0.4296841185577076,
        0.5619898376898009,
        0.268455813083783,
        0.6511343296314883,
        0.1729097527093213,
        0.3449090147109279,
        0.25681353233625104,
        0.24117914560094164,
        0.43649504495095026,
        0.3371831415279767,
        0.32033969848255817,
        0.7979371479942123,
        0.5533588529898016,
        0.43813451248287205,
        0.4814551000850956,
        0.6045453379403704,
        0.5242350392634715,
        0.3068165108919356,
        0.29003327227353953,
        0.3699202744121413,
        0.6737693254437109,
        0.14439322740153107,
        0.8402083397037988,
        0.5583943188087452,
        0.6909368954098083
    ],
    "time_stamp_us": [
        1908089,
        2442700,
        5715662,
        8108655,
        9802460,
        14972801,
        17067098,
        20502011,
        23376668,
        28018854,
        31739986,
        38265595,
        40219934,
        45469777,
        48519158,
        50616670,
        54883745,
        56964986,
        60673630,
        62360773,
        63345183,
        64704082,
        74203070,
        76369594,
        78064939,
        79288915,
        84464735,
        89716612,
        93880458,
        98922355,
        102183537,
        105163959,
        107521297,
        112291691,
        114190654,
        121980151,
        125533088,
        130949625,
        137678565,
        140713651,
        144217029,
        147870151,
        149322897,
        151796807,
        154618954,
        157301821,
        159328865,
        161877035,
        165835101,
        170288659,
        173511840,
        175379779,
        183637230,
        185108865,
        187461611,
        189299116
    ]
}