{
    "name": "scps_tp_19",
    "flow_rate_mbps": [
        0.32583971484252405,
        1.1589421874116026,
        1.1381637440585972,
        0.16772264538668724,
        0.6128943985165937,
        0.2803412028197934,
        0.24389893910527233,
        0.6710225807805003,
        0.6497607494181771,
        0.40189725168756774,
        0.25568473438716127,
        0.334593332263054,
        0.34241932500050276,
        0.28427794370321424,
        0.29165358795884333,
        0.2981793268468763,
        0.25502880632628355,
        0.29665067393581257,
        0.7776762861285941,
        0.3112111514612222,
        0.2886594687646054
    ],
    "time_stamp_us": [
        5591777,
        13553974,
        18326464,
        25009650,
        40807159,
        47417890,
        56672327,
        66358962,
        71936360,
        78698726,
        85181577,
        98566811,
        108894333,
        118889096,
        128248387,
        138165906,
        147162908,
        159154024,
        169648792,
        176122231,
        187899701,
        198302547
    ]
}