{
    "name": "tcp_10",
    "flow_rate_mbps": [
        0.16697321045183003,
        0.15084811807066467,
        0.07198291219245437,
        0.11810810045740001,
        0.11510165368457446,
        0.09757389390542404,
        0.18082013104803094,
        0.15698390186751943,
        0.07690858953132422,
        0.19207564591841628,
        0.08682166503039306,
        0.13261721153301775,
        0.1544606817816144,
        0.10301501531143796,
        0.12260700491043107,
        0.12222189137002586,
        0.11204587597308745,
        0.14395585701437688
    ],
    "time_stamp_us": [
        4247969,
        11520992,
        19717846,
        35208189,
        45770716,
        56417305,
        68863257,
        76250930,
        83775778,
        100140140,
        106462649,
        119051212,
        128624630,
        136200927,
        149168357,
        159703481,
        170181473,
        181512546,
        189795085
    ]
}