{
    "name": "tcp_39",
    "flow_rate_mbps": [
        0.07374652408088744,
        0.24945176212831288,
        0.17858824467375234,
        0.23281725040859005,
        0.11123559561450082,
        0.13748956997148085,
        0.13076835842673487,
        0.07859739546195663,
        0.27641763377213674,
        0.23584252867179006,
        0.14964860811431976,
        0.165251994969043,
        0.26972874989914125,
        0.060274081617450764,
        0.0700079154648784,
        0.316661204487521,
        0.12104471726791743,
        0.17488097223229945
    ],
    "time_stamp_us": [
        17259223,
        32678526,
        37635316,
        44558952,
        49964737,
        60683608,
        69275387,
        78393189,
        93703620,
        98017093,
        103400346,
        112474403,
        120224022,
        125094693,
        146707963,
        163739180,
        167504466,
        177354710,
        184425119
    ]
}