{
    "name": "scps_tp_28",
    "flow_rate_mbps": [
        1.6495145778420846,
        1.6664691207907039,
        0.9771774289619399,
        1.3618198090311822,
        1.5491027258616463,
        1.5862443609910486,
        1.0483080904656876,
        1.1439962095275897,
        0.794737834021794,
        1.2948869146874464,
        2.2833363594300007,
        1.649393002885584,
        1.0276659665221837,
        0.8006718208372755,
        1.6515343690328759,
        1.0111293269071575,
        1.0117816369709272,
        1.2352964615714659,
        0.862462489550229,
        1.6282298075431025,
        1.4083342476575014,
        1.2936667409041704,
        1.0477143060503553,
        1.5445454369559166,
        1.4999965540406828,
        1.1540349939867613,
        1.8612394762363675,
        1.6023698674762137,
        2.0586463019488916,
        1.450595234469562,
        1.6357607639625482,
        1.5432735757750529,
        1.3656822782741096,
        0.867989143177993,
        1.583725372839333,
        1.125302123345914,
        1.802403110183659,
        1.2736707874093613,
        0.8505632417856585,
        1.7509963513005455,
        1.4256997745156843,
        1.3489429716804755,
        1.3849174948514396,
        1.0580257784354112,
        1.4650094370482354,
        1.6135261109407197,
        1.7389176830910882,
        1.01595401287926,
        1.6128013652031563,
        0.8677954579252618,
        1.161493950552341,
        1.237917526837847,
        1.7688965592471622,
        1.2414285104203566,
        2.1242201005609758,
        1.4909216263953402,
        1.6558616602849272,
        1.3047951522438634,
        1.4036876915340086,
        1.452112009784126,
        1.2987385042366375,
        0.9012827720271946,
        0.6595411005123898,
        1.0275151289522368
    ],
    "time_stamp_us": [
        3967921,
        6932866,
        9801398,
        13100369,
        15767506,
        18411514,
        20951854,
        24005918,
        26736976,
        29973666,
        32923607,
        35655399,
        38466615,
        41796880,
        44844121,
        47651692,
        50490498,
        53283828,
        55768349,
        59493311,
        62354627,
        65772452,
        68605701,
        71809017,
        74496565,
        77543612,
        80384843,
        83332814,
        86123181,
        89158496,
        92606129,
        95029075,
        98212438,
        101357064,
        104231570,
        106741096,
        110322001,
        112876191,
        115970617,
        120409652,
        124205251,
        127736317,
        130862676,
        133788251,
        136730788,
        139534101,
        142312017,
        145467359,
        148314417,
        151408462,
        154232722,
        157530957,
        161481721,
        164864440,
        168119271,
        170801027,
        173614857,
        177281830,
        180209370,
        183198069,
        186231554,
        189317256,
        192440804,
        195838803,
        199524121
    ]
}