{
    "name": "tcp_36",
    "flow_rate_mbps": [
        0.12100250740334333,
        0.11581829035479586,
        0.16948556148817212,
        0.11960984177746614,
        0.08695813483457725,
        0.13345717589062667,
        0.1326962303004669,
        0.11635660803300013,
        0.11135083848448336,
        0.12316733757875231,
        0.15641723945119299,
        0.10242448640861773,
        0.13039647497043205,
        0.1700416262540859,
        0.1167452569940487,
        0.14968299135492596,
        0.099863574916117,
        0.14954697881585627,
        0.08681895913781883
    ],
    "time_stamp_us": [
        3344514,
        13654383,
        25378956,
        32739583,
        45107796,
        58692264,
        67709089,
        76944016,
        86811612,
        98114266,
        108063657,
        115192283,
        126186529,
        134991675,
        141743904,
        152618864,
        160289475,
        171897311,
        180239305,
        194099872
    ]
}