{
    "name": "scps_tp_1",
    "flow_rate_mbps": [
        0.3356879226632848,
        1.4013940316354547,
        0.8695693558565718,
        0.9085798594679908,
        0.24770173786322228,
        0.7855049898481725,
        0.40521592577470056,
        0.8345153121349402,
        0.8494915643148853,
        1.2357827754098605,
        0.8473922368432215,
        0.7459225631732893,
        0.5686689562398238,
        0.3979654938165675,
        0.7550000020536842,
        0.7496084253160286,
        0.4723382013683548,
        0.4905641448167475,
        0.7680102932372768,
        0.4827816496950241,
        1.0463717061090667,
        0.4923827814465821,
        0.7912455901492811,
        0.742068200264355,
        0.902744801087205,
        1.0345133819510894,
        0.6162051269240798,
        0.7053610905984726,
        0.44712376701773715,
        0.42866978509493736,
        0.7425325895708761,
        0.6846826889750232,
        0.8595004960469805,
        0.6971490381166391,
        0.46920830346638887,
        0.6946882566260957,
        0.5804211818445495,
        0.4363570942782649,
        0.4336993960345601,
        0.8659869979728514
    ],
    "time_stamp_us": [
        4287338,
        11160865,
        15099800,
        19302156,
        23822265,
        29304342,
        33394246,
        37998606,
        42483317,
        46823984,
        50638635,
        55589353,
        61746346,
        66269751,
        72178605,
        77047903,
        81598759,
        88073103,
        93136661,
        97837223,
        102547924,
        106504453,
        112378907,
        116313564,
        120880907,
        125576985,
        130272526,
        135396534,
        139716364,
        144160771,
        149054048,
        154257860,
        159079013,
        163279220,
        167934982,
        173017245,
        177673607,
        182752126,
        187888103,
        191833693,
        196219163
    ]
}