{
    "name": "tcp_7",
    "flow_rate_mbps": [
        0.26731626626361926,
        0.5236041701432499,
        0.507468035327661,
        0.7958356729849908,
        0.5213215311931132,
        0.7290320323020884,
        0.36200361794201646,
        0.23711418910910945,
        0.19374402181655373,
        0.5131054607504283,
        0.3187433334491765,
        0.4185510949590816,
        0.21086081204809784,
        0.19218440984203364,
        0.3697519813446495,
        0.6421971899564047,
        0.6733313458673801,
        0.415037312851512,
        0.1960467274608416,
        0.570293406809999,
        0.497000052962495,
        0.37868786804515187,
        0.4798237346118615,
        0.17834946752539327,
        0.784456816274483,
        0.5428922229115467,
        0.9168800609038688,
        0.3212969954802019,
        0.7041219326721017,
        0.4195266075440688,
        0.18046070721853727,
        0.7557511894939244,
        0.25271446775067335,
        0.4716834131703419,
        0.7888910573011274,
        0.3000670957481176,
        0.25734554958784506,
        0.14821435509241734,
        0.4071921829779476,
        0.6959903138284239,
        0.3777568293062653,
        0.16048123999896868,
        0.1390400162454091,
        0.3067464141162913,
        0.40853364806020853,
        0.21694184425832586,
        0.12356475117542913,
        0.14525556853250768
    ],
    "time_stamp_us": [
        5606505,
        10314636,
        12591776,
        14941323,
        16522755,
        19063989,
        20835763,
        24464898,
        29586481,
        36367387,
        38777184,
        42517874,
        45498442,
        51362405,
        57968560,
        61402213,
        63258839,
        65308350,
        68260952,
        74680646,
        76674567,
        79317947,
        82553963,
        85268960,
        91644757,
        93206908,
        95748849,
        97049259,
        100897661,
        102732116,
        105679438,
        112102997,
        113753699,
        118602808,
        121388066,
        123053391,
        126916527,
        131721273,
        141553519,
        144400332,
        146097597,
        149604615,
        159029268,
        168001649,
        171708685,
        174762338,
        180461930,
        190647359,
        198475768
    ]
}