{
    "time_stamp (ns)": [
        0.0,
        5000000000.0,
        10000000000.0,
        15000000000.0,
        20000000000.0,
        25000000000.0,
        30000000000.0,
        35000000000.0,
        40000000000.0,
        45000000000.0,
        50000000000.0,
        55000000000.0,
        60000000000.0,
        65000000000.0,
        70000000000.0,
        75000000000.0,
        80000000000.0,
        85000000000.0,
        90000000000.0,
        95000000000.0,
        100000000000.0,
        105000000000.0,
        110000000000.0,
        115000000000.0,
        120000000000.0,
        125000000000.0,
        130000000000.0,
        135000000000.0,
        140000000000.0,
        145000000000.0,
        150000000000.0,
        155000000000.0,
        160000000000.0,
        165000000000.0,
        170000000000.0,
        175000000000.0,
        180000000000.0,
        185000000000.0,
        190000000000.0,
        195000000000.0
    ],
    "max_utilization_details": [
        {
            "constellation_name": "Test1",
            "maximum_link_utilization (MLU)": [
                0.0031341424,
                0.0037442576,
                0.0043887424,
                0.0040919664,
                0.0048861296,
                0.0048047648,
                0.0043589248,
                0.0054513792,
                0.0050145408,
                0.0041476896,
                0.0035060832,
                0.0039542976,
                0.004077976,
                0.0036221184,
                0.0048188736,
                0.003856464,
                0.0035634816,
                0.0038951424,
                0.0043231968,
                0.0033876496,
                0.0041909184,
                0.0047565024,
                0.0037540896,
                0.0043721968,
                0.0054456336,
                0.0046623728,
                0.0046459584,
                0.0032034816,
                0.0044866944,
                0.004527648,
                0.004539024,
                0.0040180032,
                0.004755168,
                0.0039451968,
                0.0045686304,
                0.0038420032,
                0.00352656,
                0.0037791072,
                0.0046914624,
                0.0055537632
            ]
        }
    ]
}