{
    "name": "scps_tp_27",
    "flow_rate_mbps": [
        1.1044737788435466,
        1.118217671772558,
        1.0626119684776423,
        1.1688315213866813,
        1.4981710814984177,
        1.2398428352593263,
        1.0486989072028012,
        1.0369057612784878,
        0.9407726252365617,
        1.1111297492241883,
        1.1899669222896303,
        1.929446841739642,
        0.881489529813085,
        1.0683345826318829,
        1.1340281780606907,
        1.765272932451051,
        1.6805326716743345,
        1.0830926405371564,
        1.1354626962623613,
        1.1969942509285727,
        1.5142696514463003,
        1.2719911764438991,
        0.9535598061956821,
        1.5457732201067826,
        0.734976058994734,
        1.051075672958134,
        1.1971039617352806,
        1.2626480677390586,
        1.2162235734567863,
        0.6876025432159283,
        0.7109411234968538,
        1.1836048586839825,
        1.453726100931111,
        1.897743990777605,
        0.5384940097219625,
        0.7468718638359416,
        1.040900723548232,
        1.0601977144288404,
        1.0297586636806706,
        1.077824541099161,
        1.1082954026380052,
        1.5005820689981588,
        0.871150722013506,
        1.3607862419897885,
        0.6724955310799239,
        0.9367272092956012,
        0.6302248684768985,
        0.747455558154984,
        0.9444558393239911,
        1.1090941011999103,
        0.8904985795218555,
        0.7776770069297079
    ],
    "time_stamp_us": [
        3315842,
        6594435,
        10385611,
        14302450,
        17617761,
        20535879,
        23777064,
        27503739,
        32135211,
        35456226,
        38973511,
        42007276,
        44965471,
        48447214,
        51702374,
        54934463,
        58849461,
        61871360,
        65479694,
        68989664,
        72789582,
        75815199,
        79451828,
        82496755,
        86274903,
        89789793,
        93308474,
        97799713,
        101568174,
        105480481,
        110682556,
        114673435,
        118684233,
        122154818,
        125185701,
        130700637,
        135076006,
        138597264,
        142158562,
        145524943,
        150595156,
        153872405,
        157168406,
        160488704,
        164245003,
        167380548,
        171599834,
        175909153,
        180384496,
        185177097,
        189317990,
        193471169,
        196991808
    ]
}