{
    "name": "scps_tp_21",
    "flow_rate_mbps": [
        0.4015667729208711,
        0.41374428304728333,
        0.6791693182716998,
        0.4503629505677319,
        0.7743243464185865,
        0.32705728430957226,
        1.2423544364127415,
        1.0923805925286398,
        0.9797807799670329,
        0.960468809632265,
        0.7417888091787292,
        0.361412716891578,
        0.9243881565688282,
        0.5898828130920323,
        0.8566709173848669,
        0.33510927307662086,
        0.6710055633635842,
        0.44990936046429925,
        0.42299703009390394,
        0.5856967577529295,
        0.9440495197668843,
        0.5762061237692253,
        0.6568373433553609,
        1.0859097310710213,
        0.5268963682366041,
        0.5385373468184473,
        0.6067279299805969,
        0.6872365429215798,
        0.7222751400783086,
        0.5935148050285917,
        1.4083106742184777,
        0.5457022402546954,
        0.48524309070849564,
        0.7776023230994931,
        0.4966262954026772,
        0.487696853217062,
        0.3118187130063921,
        0.5226566262654421,
        0.5118635655191953,
        0.7100267197638144,
        0.6430367994013428,
        0.3745882199831976,
        0.4632910358719372,
        0.5228456769024803,
        0.8093136228758164
    ],
    "time_stamp_us": [
        4204532,
        8575810,
        12898480,
        16767206,
        22920110,
        27140357,
        30853468,
        34328032,
        38340260,
        41720608,
        45375823,
        49498398,
        53958230,
        58066634,
        61959475,
        65464765,
        71394771,
        76050947,
        80320607,
        84339926,
        89372701,
        94564971,
        98301134,
        102099700,
        106125670,
        110756258,
        114999752,
        119639723,
        124394767,
        128903852,
        133516913,
        137318915,
        141972002,
        146021766,
        150323605,
        154658454,
        159887604,
        163852985,
        167633976,
        171731943,
        175976741,
        180595077,
        184898042,
        189306502,
        193001665,
        197912493
    ]
}