{
    "name": "scps_tp_24",
    "flow_rate_mbps": [
        0.24271223659854935,
        0.5530779851757796,
        0.6659726518034839,
        0.4163085128700181,
        0.18906413684254378,
        0.16808827737093757,
        0.4055778479464848,
        0.4754958082172674,
        0.27604508736426947,
        0.3961893574154057,
        0.20720610654583893,
        0.38674607327790483,
        0.2834535088955392,
        0.3520639262543864,
        0.345532155512422,
        0.334300601341109,
        0.13826201141453875,
        0.44693215084154403,
        0.6280644564689545,
        0.4845076073923044,
        0.4916154069658824,
        0.37328782475957173,
        0.5987663437408732,
        0.3805834528933525,
        0.1734549255775488,
        0.2815177877393847,
        0.26404243223702,
        0.26409210271531797,
        0.4598446573908051,
        0.23616471094386005
    ],
    "time_stamp_us": [
        5739680,
        12016743,
        18424230,
        24673856,
        29712427,
        36194037,
        43156093,
        48709059,
        54258130,
        60257150,
        66331821,
        71979531,
        77974162,
        84673250,
        90568543,
        98236715,
        104247114,
        115505738,
        121681172,
        126304137,
        133162729,
        139023896,
        144288252,
        149413991,
        154432391,
        163024825,
        170083704,
        177149841,
        184214649,
        190240684,
        196925510
    ]
}