{
    "name": "scps_tp_25",
    "flow_rate_mbps": [
        0.47058360629936746,
        0.5002817125377342,
        0.11883242350961559,
        0.23999780558080366,
        0.26372723507364565,
        0.27905240662209574,
        0.16907292793151588,
        0.6863017054266212,
        1.3164607201454324,
        1.4734844679216983,
        1.8450932260928603,
        1.5691021216911192,
        1.8519973199639579,
        1.73338281272671,
        1.637651041931702,
        1.9538567651732888,
        1.7814548163753523,
        1.6893711038033088,
        1.4863346135621511,
        2.0866657489109053,
        1.6238435848406805,
        1.7129827490096476,
        1.3554159527888827,
        1.720873245110284,
        1.5349136469466893,
        1.561195346734003,
        1.821958785730113,
        1.6226801555088848,
        2.0311632837521603,
        1.894007771096648
    ],
    "time_stamp_us": [
        10272634,
        18812158,
        27264036,
        42035762,
        52753860,
        63386664,
        71536531,
        83551228,
        90580906,
        96224766,
        100982468,
        105386278,
        111000903,
        115978448,
        121181961,
        126271690,
        130396455,
        135397581,
        139795620,
        143598586,
        147201578,
        151681911,
        156064442,
        162588668,
        168144359,
        172028356,
        177466343,
        181798823,
        187690705,
        192299847,
        197971376
    ]
}