{
    "name": "tcp_36",
    "flow_rate_mbps": [
        0.03939705612873131,
        0.042084872314329516,
        0.040566349246329604,
        0.07591201924000505,
        0.04016848300028166,
        0.03958823145854926,
        0.054551800151356876
    ],
    "time_stamp_us": [
        2067896,
        35694774,
        61665151,
        87519092,
        101625949,
        128835341,
        156164675,
        177009450
    ]
}