{
    "name": "tcp_5",
    "flow_rate_mbps": [
        0.5317364430670098,
        0.4534419726794159,
        0.3856547885850889,
        0.7144739509426312,
        0.6088101506006236,
        0.633547695894091,
        0.6949633831654893,
        0.7053253067839778,
        0.4842450663291614,
        0.533732872237563,
        1.5864625302175663,
        0.7596888164710354,
        0.4148421606795833,
        0.3912918316961557,
        0.1679776357941607,
        0.19326148335665433,
        0.31061867782189956,
        0.9018179525229993,
        0.724584592928838,
        0.7843891185235029,
        0.24197443667733337,
        0.7111309189096968,
        0.9394750641680236,
        1.0704797731906392,
        0.24548503812760253,
        0.6983850218484536,
        0.5849853384643188,
        0.4339605736988248,
        0.5638234818686351,
        0.6304617242365502,
        1.6486707751878034,
        0.34940182607817283,
        0.7162184796635,
        0.4141737561594797,
        0.39272611228709287,
        0.8108087395679262,
        0.8239809551571685,
        0.4103709246252498,
        0.8055253137942754,
        0.7429899825933016,
        0.5096394874191534,
        0.2175902762097771,
        0.5637958345008767,
        0.48447108115120674,
        0.13719265930903835,
        0.7059910235306657,
        0.6551167262603312,
        0.4672512950986984,
        0.9336955546501655,
        0.13574201256800297,
        0.5508257608462638,
        1.0971983082650882,
        0.6166524637033551,
        0.5148472755032033,
        0.40485125727422483,
        0.3742094454908411,
        0.5867764645762285,
        0.3895189089274117,
        0.8579684849729319,
        0.4610765134248222,
        0.6396513062800242,
        0.3000323918636927,
        0.6314758251460912,
        0.33784170581781336,
        0.4093314093314094,
        0.38645241260846,
        0.27020336077775736,
        0.3148970784760114,
        0.5946862759180788,
        0.6497554146284552,
        0.5031849907235848,
        0.9281114901223984,
        0.8680495446862888,
        0.500460996268946,
        0.6028773143462918,
        0.38500306366457104,
        0.7395550541198039,
        1.4388042045323535,
        0.8303334714230172,
        0.5651960549182535
    ],
    "time_stamp_us": [
        1721205,
        2235204,
        2952685,
        3809389,
        4204029,
        5266508,
        6009486,
        7244164,
        7935204,
        9641844,
        11937824,
        12682424,
        14266441,
        15035736,
        17856444,
        25414593,
        32155305,
        35816128,
        37211709,
        38994358,
        40669241,
        45551079,
        47274306,
        48578694,
        49744078,
        54691019,
        56572159,
        58685853,
        61509704,
        63643989,
        65815350,
        66565336,
        70356959,
        72052531,
        75277844,
        78173297,
        79739141,
        81159368,
        84064837,
        85627246,
        87380594,
        89828442,
        95612524,
        97864403,
        100211540,
        108902384,
        110591244,
        112630331,
        115111223,
        116470981,
        125336033,
        127701064,
        128878317,
        130901369,
        133281570,
        136362998,
        139844257,
        141895055,
        145097775,
        146500344,
        149253900,
        151221472,
        155305831,
        157228945,
        161019596,
        164013356,
        167212922,
        171829889,
        175616269,
        177788305,
        179708289,
        182165596,
        183426479,
        184939941,
        187609160,
        189605188,
        192874149,
        194575929,
        195373925,
        197022612,
        199190780
    ]
}