{
    "name": "tcp_2",
    "flow_rate_mbps": [
        0.13122172941681434,
        0.16865523241362168,
        0.19104868068491931,
        0.13351791777247,
        0.5586772472121994,
        0.1352367637399038,
        0.2214537314151375,
        0.19718175965016138,
        0.09602686831036371,
        0.07385173277794788,
        0.10904999032953913,
        0.14634406115835424,
        0.1707434994482709,
        0.12389708354391624,
        0.13907783838876955,
        0.135240505038761,
        0.1195317453341587,
        0.12821124328655786,
        0.08667158061497718,
        0.15707423303675844
    ],
    "time_stamp_us": [
        5410330,
        14496630,
        22220790,
        28924003,
        38102097,
        40196759,
        50156181,
        56138469,
        63081099,
        76072463,
        92366732,
        103705385,
        112380831,
        119816546,
        130241973,
        139529434,
        148672257,
        160402028,
        170046112,
        184949267,
        192891499
    ]
}