{
    "name": "tcp_12",
    "flow_rate_mbps": [
        0.045549691316934864,
        0.039752354951201864,
        0.018734864562276445,
        0.03654249487696603,
        0.06171439891884865
    ],
    "time_stamp_us": [
        27872762,
        52352401,
        79013463,
        135583928,
        167003786,
        186144862
    ]
}