{
    "name": "scps_tp_38",
    "flow_rate_mbps": [
        0.2543466240707747,
        0.3988544495573763,
        0.07713150981392318,
        0.2254310572610404,
        0.10828232319694403,
        0.12454414155005136,
        0.43495045920935327,
        0.14892571720211875,
        0.4890258037236462,
        0.28787699442768055,
        0.18528401553062554,
        0.12562063916896318,
        0.22150891210701115,
        0.13607561347391003
    ],
    "time_stamp_us": [
        7718734,
        18136014,
        31975649,
        47577055,
        59820266,
        78478159,
        91597363,
        101318746,
        114736442,
        122886196,
        132627023,
        146271805,
        161739327,
        174946922,
        187684546
    ]
}