{
    "name": "tcp_20",
    "flow_rate_mbps": [
        0.02823725713552279,
        0.023488083318457687,
        0.03309981072224635
    ],
    "time_stamp_us": [
        21376224,
        60082533,
        103794912,
        138149187
    ]
}