{
    "name": "scps_tp_29",
    "flow_rate_mbps": [
        0.48833600000000005,
        0.5356663716410839,
        1.029540425997019,
        0.718422655349789,
        0.6361880384620274,
        0.7161326344674754,
        0.5038652298185593,
        0.6827670541279952,
        0.7476344163633427,
        0.43143279629192033,
        0.5637882059860696,
        0.7907575241182156,
        0.3542926707410183,
        0.5323328,
        0.43032252640377305,
        0.48374236348400057,
        1.1510091312696027,
        0.8250362841952488,
        0.6096651146063288,
        0.39792261314955313,
        0.4069459108750494,
        0.5787839865516429,
        0.4657781272715579,
        1.126685974348366,
        0.9729801748028138,
        0.8231687863543667,
        0.9383916546202143,
        1.1479392895392646,
        0.5406043930026013,
        0.6907255939532634,
        2.5120508277626326,
        0.7467358520885827,
        0.8771428571428572,
        0.2490937571876174,
        1.6943641483164864,
        0.6273124950290304,
        0.8098439843608938,
        0.5186040816852578,
        0.5069453993514162,
        0.5592328572495148,
        1.1309443039536173,
        0.315902285644915,
        0.21108725093837852,
        0.9775841172097383,
        0.83464929612435,
        2.0588235294117645,
        1.3255826928998153,
        0.2590877832838806,
        0.4935932647733239
    ],
    "time_stamp_us": [
        1735888,
        3235888,
        8458034,
        10452555,
        11638041,
        12817906,
        13511029,
        16069221,
        16806843,
        19134387,
        20662078,
        21907269,
        22482353,
        23619221,
        24869221,
        26094330,
        28495294,
        29185888,
        30241444,
        31286936,
        32909744,
        33902328,
        35170587,
        36818685,
        38268885,
        38719221,
        40286433,
        43202921,
        44068472,
        47996446,
        53814328,
        54266994,
        56152555,
        56852555,
        60065546,
        60385888,
        61643188,
        62202555,
        64685451,
        66205378,
        71120969,
        72985464,
        76626362,
        86877289,
        92297999,
        98303108,
        98415716,
        101319218,
        108627876,
        109452555
    ]
}