{
    "name": "tcp_9",
    "flow_rate_mbps": [
        0.8477896546895397,
        0.4454271097267724,
        0.48926472322075865,
        0.3667356942337771,
        0.16162760837592507,
        0.37805688598054615,
        0.5294992509877011,
        0.32774470828856406,
        0.2779647169667472,
        0.17974877503633963,
        0.4513946738118638,
        0.5165565197119406,
        0.7485272757143268,
        1.527444187410761,
        0.947672941520156,
        0.341692125403245,
        0.45877107703815323,
        0.38314288849792816,
        0.5289378123821998,
        0.3604505632040051,
        0.3621067934915098,
        0.3813931379815196,
        0.7439000504224811,
        0.2246458561030221,
        0.48046752688553035,
        0.2446481226754296,
        0.30564288012280705,
        0.27824538460468284,
        0.47746553572607336,
        0.48355162442592275,
        0.7600223356000398,
        0.4761559347951812,
        0.186014148570127,
        0.22778195065805149,
        0.30173793685610345,
        0.3902475725463349,
        0.3245189885040996,
        0.3885479999364629,
        0.9860537496167552,
        0.43620042039605733,
        0.4150043196350282,
        0.32743845973862484,
        0.29279679873942827,
        0.26808111954085895,
        0.5541334136425237,
        0.8272565869860193,
        0.44322660019968607,
        0.4625197691590645,
        0.2658988889769777,
        0.3640915019988096,
        0.35188893277887756,
        0.424180279363167,
        0.4989573956493814,
        0.4756385464261531,
        0.36275868661281846,
        0.3117249264067165,
        0.20614276235036022,
        0.3552607308289705,
        0.5343379255774052
    ],
    "time_stamp_us": [
        3435760,
        4764014,
        7862164,
        10253998,
        13806202,
        21388075,
        24600290,
        26831228,
        30671290,
        34921038,
        41554296,
        44171252,
        46607694,
        48141586,
        48864362,
        50308911,
        53959917,
        56703246,
        59901635,
        62114069,
        65697584,
        69081779,
        72208002,
        73959205,
        79414191,
        82010662,
        87019652,
        91209640,
        96169291,
        98805209,
        101156809,
        102856338,
        105406763,
        111816598,
        117923491,
        122387232,
        125470813,
        129042869,
        132253592,
        133417991,
        136455127,
        139461168,
        143102524,
        147212405,
        151660014,
        153931236,
        155412566,
        158077749,
        160751105,
        165733450,
        169523706,
        173037542,
        175952529,
        178364278,
        180987110,
        184334790,
        188088869,
        193979932,
        197460418,
        199712476
    ]
}