{
    "throughput_send_bps": [
        18993185.599999998,
        22739009.6,
        23203894.400000002,
        23754635.2,
        21652713.6,
        24454675.2,
        22248354.98,
        23509717.020000003,
        23404113.600000005,
        23020356.419999998,
        20654294.780000005,
        21483840.0,
        22432345.6,
        21572571.199999996,
        24120519.999999993,
        25615793.599999998,
        28945873.599999994,
        23360315.200000003,
        20734076.799999993,
        21677148.8,
        22523707.19999999,
        21680103.98,
        22527188.82,
        24278105.6,
        23286966.4,
        23833966.400000002,
        23365769.599999998,
        22902649.599999998,
        22971657.6,
        22342163.199999996,
        22145411.2,
        21336182.2,
        21699126.599999998,
        23897379.200000007,
        23179467.2,
        22935843.280000005,
        22215864.03999999,
        21039592.16,
        22159374.12,
        19997249.6
    ],
    "throughput_sink_bps": [
        18431945.6,
        22328574.400000002,
        22930945.600000005,
        23391867.2,
        21271116.8,
        24144151.999999996,
        21935308.799999997,
        23179764.800000004,
        23077531.199999996,
        22746747.2,
        20216491.199999996,
        21144847.1,
        22154584.900000002,
        21185455.720000003,
        23681418.66,
        25384865.9,
        28531974.92,
        23225337.599999994,
        20298320.420000006,
        21317069.980000004,
        22227740.8,
        21381407.459999997,
        22210693.34,
        23903017.6,
        23038639.999999996,
        23541643.200000003,
        22959652.799999997,
        22608437.66,
        22576509.540000003,
        22143027.200000003,
        21779445.86,
        21062875.740000002,
        21386776.0,
        23512064.0,
        22889112.0,
        22639110.399999995,
        21797372.80000001,
        20797972.799999997,
        21798383.999999996,
        19663605.96
    ],
    "time_stamp_ns": [
        0.0,
        5000000000.0,
        10000000000.0,
        15000000000.0,
        20000000000.0,
        25000000000.0,
        30000000000.0,
        35000000000.0,
        40000000000.0,
        45000000000.0,
        50000000000.0,
        55000000000.0,
        60000000000.0,
        65000000000.0,
        70000000000.0,
        75000000000.0,
        80000000000.0,
        85000000000.0,
        90000000000.0,
        95000000000.0,
        100000000000.0,
        105000000000.0,
        110000000000.0,
        115000000000.0,
        120000000000.0,
        125000000000.0,
        130000000000.0,
        135000000000.0,
        140000000000.0,
        145000000000.0,
        150000000000.0,
        155000000000.0,
        160000000000.0,
        165000000000.0,
        170000000000.0,
        175000000000.0,
        180000000000.0,
        185000000000.0,
        190000000000.0,
        195000000000.0
    ]
}