{
    "time_stamp (ns)": [
        0.0,
        5000000000.0,
        10000000000.0,
        15000000000.0,
        20000000000.0,
        25000000000.0,
        30000000000.0,
        35000000000.0,
        40000000000.0,
        45000000000.0,
        50000000000.0,
        55000000000.0,
        60000000000.0,
        65000000000.0,
        70000000000.0,
        75000000000.0,
        80000000000.0,
        85000000000.0,
        90000000000.0,
        95000000000.0,
        100000000000.0,
        105000000000.0,
        110000000000.0,
        115000000000.0,
        120000000000.0,
        125000000000.0,
        130000000000.0,
        135000000000.0,
        140000000000.0,
        145000000000.0,
        150000000000.0,
        155000000000.0,
        160000000000.0,
        165000000000.0,
        170000000000.0,
        175000000000.0,
        180000000000.0,
        185000000000.0,
        190000000000.0,
        195000000000.0
    ],
    "max_utilization_details": [
        {
            "constellation_name": "Test1",
            "maximum_link_utilization (MLU)": [
                0.0045155936,
                0.007028256,
                0.0064117232,
                0.0058774896,
                0.005581144,
                0.0082265456,
                0.0060469856,
                0.0067325296,
                0.0057471552,
                0.0067677072,
                0.0060014496,
                0.0051954192,
                0.005939544,
                0.0053603712,
                0.0065821088,
                0.0059736064,
                0.008443032,
                0.0069831376,
                0.0051133552,
                0.0058615408,
                0.0063106928,
                0.005003504,
                0.0072880048,
                0.0057576032,
                0.0063470864,
                0.0068443312,
                0.0071923552,
                0.0058969072,
                0.0063814992,
                0.0055474384,
                0.0060238208,
                0.0059383024,
                0.0052360944,
                0.0060349104,
                0.0067236832,
                0.0058826528,
                0.0067732704,
                0.006575992,
                0.006521936,
                0.0053161008
            ]
        }
    ]
}