{
    "name": "tcp_11",
    "flow_rate_mbps": [
        0.19336311294133024,
        0.08948625714895071,
        0.14964946939550092,
        0.1254246020811419,
        0.2446387729576125,
        0.1467455131293664,
        0.27780555170184623,
        0.16222959013734656,
        0.2170307532375341,
        0.32464769386482517,
        0.384971656443912,
        0.10097341207936109,
        0.1459859405856378,
        0.25466063583931275,
        0.16143002976254647,
        0.24619837632570685,
        0.13615945536217858,
        0.14487185068859137,
        0.16904734845744435,
        0.2149645309902374,
        0.27211373270437206,
        0.37065293775100633,
        0.25507305309884143,
        0.11482260176304715,
        0.20099933242975343,
        0.5214116464659012,
        0.2851774987997898,
        0.16800795186377812
    ],
    "time_stamp_us": [
        4186456,
        10124300,
        23571728,
        32129326,
        42163721,
        47443669,
        55944917,
        60435540,
        67785124,
        73329776,
        77308489,
        80663749,
        92472006,
        100866239,
        105938401,
        114008275,
        119209934,
        128209970,
        136363935,
        143482414,
        149285790,
        153626916,
        157082008,
        161842997,
        172130867,
        178557157,
        180674486,
        185436152,
        192927226
    ]
}