{
    "name": "scps_tp_21",
    "flow_rate_mbps": [
        0.39368491217386653,
        1.7439203244646606,
        0.8592128371238895,
        1.64459054975763,
        0.654768087057076,
        0.42662318660370285,
        0.7699390489497856,
        1.2867855638253056,
        0.4712766109859869,
        0.9785180817440385,
        1.3065062251775652,
        1.47777039347,
        0.48524615427608797,
        0.9216532720305574,
        0.7958250099361232,
        0.5182288618347521,
        0.5345745477790985,
        0.6971098004707414,
        0.9261356486724549,
        0.6169093265825614,
        0.5075562256503687,
        0.5349030340119302,
        0.8125548875439571,
        1.197978965560005,
        1.0156193969215126,
        1.2313386462285618,
        1.5414753320990766,
        1.381521525876093,
        1.20022853565241,
        0.8600415678071801,
        0.8247115941213551,
        1.269666107037336,
        0.8159974619476936,
        0.5978891413883676,
        1.0183825969234035,
        0.8285521548336845,
        1.1805918542518448,
        0.4106469535556202,
        0.6256052964892854,
        1.240403415323594,
        0.5339271999106436,
        1.3574823573842818,
        1.0879554846206887,
        1.548061128222463,
        0.6794854620957319,
        0.4347797010666637,
        0.5999943144351475,
        1.577627188043812,
        2.083132624598116,
        0.2902457499394801,
        1.053991611346958,
        0.7493951892087092,
        1.2456361101452067,
        1.6142016719991745,
        0.2807086537426549,
        0.7436572127661641,
        1.0533265774761793,
        0.6289752910703137,
        0.7445898593777305
    ],
    "time_stamp_us": [
        1918612,
        5564167,
        8412921,
        11843596,
        14515337,
        17971828,
        21180655,
        24435562,
        27283962,
        30704119,
        34179088,
        37136594,
        41185721,
        44871438,
        48129583,
        51209255,
        54575181,
        59180563,
        62632989,
        66232980,
        69239451,
        72523895,
        75764258,
        78957150,
        82956686,
        86261231,
        89713084,
        92334365,
        94867572,
        98758431,
        102442532,
        105588359,
        108596898,
        112114556,
        115475179,
        118488899,
        121939931,
        125110002,
        128739397,
        133609944,
        136466950,
        139940682,
        142673270,
        145991494,
        148665807,
        152256524,
        156293879,
        159881913,
        162324163,
        165180707,
        169022417,
        172164757,
        175847727,
        178878853,
        181785553,
        185325166,
        188620878,
        192163483,
        195147384,
        198409314
    ]
}