{
    "name": "scps_tp_25",
    "flow_rate_mbps": [
        0.7184740890451498,
        0.5028242905802062,
        0.7111295700227275,
        1.227792677110254,
        1.5066448542255775,
        0.7718697638535627,
        0.25055049800136525,
        0.587851939654424,
        0.7510995969605697,
        0.9426327534012423,
        0.6500131494205952,
        1.047731550742463,
        0.4897948711369963,
        0.8459121906367328,
        0.591663425584237,
        0.770791360015326,
        0.6213738699029729,
        0.4068046428790763,
        0.7353093029880564,
        0.6559201337642508,
        0.3679569393318,
        0.8572153585079221,
        0.22830608577117387,
        1.0574560828938182,
        0.36046969166504406,
        1.0941996187480796,
        0.7980943248935086,
        1.0240216347243922,
        0.6968558413284629,
        1.2754156319553291,
        0.5122411761857882,
        0.3081777677718751,
        0.2957868780982879,
        0.39129769058749475,
        0.7081764651251259,
        0.510527460521055,
        0.7613331127220501,
        0.28421066063084643,
        0.5567519191788421,
        0.36348123589264314,
        0.8778587842659388,
        0.9552961125748252,
        0.3230476502599524,
        0.5439264081828036,
        0.8056786594876022,
        0.9179022747499931,
        1.252590263276956
    ],
    "time_stamp_us": [
        4144086,
        8538733,
        11810174,
        15970766,
        21141020,
        25200477,
        29348327,
        34371506,
        37827070,
        42104319,
        45758425,
        49070358,
        53264104,
        57005752,
        61521398,
        65439842,
        70137767,
        74295264,
        78691674,
        82865591,
        87107083,
        91277571,
        94304115,
        98946304,
        103404248,
        107600107,
        110929664,
        114913554,
        119279868,
        123509839,
        128331232,
        132296864,
        136703152,
        141070080,
        145302152,
        148887699,
        153407260,
        157511009,
        161978118,
        165963807,
        170216021,
        174592488,
        178487071,
        182588014,
        186302340,
        190467971,
        195146639,
        199421301
    ]
}