{
    "name": "tcp_10",
    "flow_rate_mbps": [
        0.324011453713014,
        0.28362678881178266,
        0.15637635040403042,
        0.17532299913204724,
        0.04813252340547497,
        0.14446762737579222,
        0.17670963951775737,
        0.1960534766638944,
        0.2924548452121908,
        0.25123741252773507,
        0.25790003892729363,
        0.21574926964406402,
        0.091922713341631,
        0.15561246064283032,
        0.14461926274198803,
        0.10539017627833402,
        0.16291607296864785,
        0.25947377446982184,
        0.13430843668316558,
        0.19687438699664375,
        0.09918037872015409,
        0.2646970609271002,
        0.13529182529835648,
        0.13372293355322984
    ],
    "time_stamp_us": [
        3401643,
        7320023,
        11601706,
        19508784,
        26435428,
        50289569,
        59230534,
        66165300,
        72246906,
        77041082,
        82050527,
        86887750,
        92414165,
        107066474,
        115721822,
        124195382,
        136137292,
        143320377,
        148341000,
        156971880,
        164037502,
        175836610,
        180257664,
        189641823,
        199053522
    ]
}