{
    "name": "tcp_44",
    "flow_rate_mbps": [
        0.08854842273122011,
        0.09538745783831397,
        0.05031438125971596,
        0.11323343415682952,
        0.08446921732078026,
        0.06747022723140901,
        0.08832653460025891,
        0.08534841390368203,
        0.04837978777321063,
        0.165385782267846,
        0.07059200265668826,
        0.10413119167912048
    ],
    "time_stamp_us": [
        8068499,
        21783029,
        34630001,
        58546821,
        69466564,
        84104796,
        100958452,
        115082407,
        128923086,
        151286144,
        158962741,
        178355306,
        190335578
    ]
}