{
    "name": "tcp_9",
    "flow_rate_mbps": [
        0.13207009725167587,
        0.15096130701138785,
        0.16303316544562554,
        0.2271317730866804,
        0.1151486079604124,
        0.2692459542041194,
        0.2448048601077482,
        0.18340046331408524,
        0.18918225018696944,
        0.2080164637829226,
        0.15999319133059295,
        0.12189955726758019,
        0.09060489753814188,
        0.17921141036540572,
        0.4027501455982427,
        0.17520664051555057,
        0.22280648482110454,
        0.15628427536890604,
        0.19057829773605042,
        0.1648592613085311,
        0.15884637236354263,
        0.21402226021614848,
        0.15684331395805295,
        0.22262979047452386,
        0.11728937487958573
    ],
    "time_stamp_us": [
        6923135,
        16201844,
        25050734,
        32702674,
        38049350,
        48116341,
        53118756,
        59387259,
        65828246,
        72539235,
        78271089,
        85861412,
        96729376,
        110985559,
        118254739,
        121324831,
        128634143,
        134035063,
        142582564,
        149070606,
        156704754,
        164558380,
        170954724,
        178979038,
        184830546,
        194619668
    ]
}