{
    "name": "tcp_11",
    "flow_rate_mbps": [
        0.2834382867045593,
        0.2856250087819252,
        0.09763568002720509,
        0.060880795482100875,
        0.12851317622971867,
        0.07809396221185384,
        0.26530729429178446,
        0.17733839439017896,
        0.10977184614419166,
        0.24338765797700848,
        0.1417236925042469,
        0.22334065396691083,
        0.1744782177194996,
        0.10286820330438418,
        0.13114609705344296,
        0.17008277778085598,
        0.1083061383288725,
        0.1466561456823025,
        0.10366044605865464,
        0.14203052185924717,
        0.17735004736154883
    ],
    "time_stamp_us": [
        4674807,
        8881437,
        13365078,
        26368521,
        45953022,
        56175787,
        70029867,
        74732037,
        81517708,
        92178365,
        97167936,
        105658824,
        111392845,
        119175593,
        131088312,
        141442566,
        148842257,
        160462651,
        168743245,
        180564919,
        188726545,
        195823019
    ]
}