{
    "name": "scps_tp_2",
    "flow_rate_mbps": [
        0.50084186738244,
        0.5967972561606731,
        0.8515528658029138,
        0.4222019673229149,
        0.5757242833891909,
        1.3167908727455393,
        0.6889783054197861,
        0.7326319822262054,
        0.46864966064482333,
        0.5137471547063409,
        0.6709253786783814,
        0.46151411911062595,
        1.1914851248556295,
        0.9443087993905565,
        0.5826881305267386,
        0.5149685305117213,
        0.5962487546717804,
        0.694531513236379,
        0.40339611602845976,
        0.3986710568456846,
        0.558107049163572,
        0.7602934877421524,
        0.6579111544798681,
        0.5013525173445247,
        0.6579279529447403,
        0.4539614814814814,
        0.41365445220395225,
        0.9291542813859271,
        1.902750279942699,
        0.6270728645388427,
        0.7930006354171759,
        0.7236453703389543,
        0.8109490645385515,
        2.0130456598093325,
        0.905994227081438,
        1.2737919877609456,
        0.980701635889608,
        0.942555337594911,
        0.7726450175989819,
        0.6197941130787411,
        1.9301706727227024,
        0.9078941698625416,
        1.1436447684974422,
        0.47326637702862034,
        0.4666084341166207,
        0.6107855242335183,
        0.6468534373286557,
        0.5306630038517816,
        0.6914459030092794,
        0.6666406548360131,
        0.4315437089977375
    ],
    "time_stamp_us": [
        1658579,
        3449835,
        5744430,
        7131092,
        7764135,
        8989277,
        9425246,
        11161440,
        12330802,
        13258591,
        14868706,
        15536357,
        16914135,
        17315879,
        17680802,
        18905869,
        20331059,
        21025655,
        22672820,
        24368404,
        25714135,
        27592599,
        28745901,
        29996161,
        32330327,
        32964135,
        34314135,
        35521829,
        36306026,
        36664135,
        37242441,
        38817784,
        39200933,
        40606496,
        41072858,
        43327177,
        43714135,
        44084270,
        44407468,
        45212060,
        46280802,
        46742270,
        47113582,
        47669321,
        48947468,
        50794087,
        51714135,
        53399339,
        54291913,
        55622597,
        57314135,
        58018212
    ]
}