{
    "name": "scps_tp_24",
    "flow_rate_mbps": [
        0.7520973067064854,
        0.4870854560847976,
        0.25230883678489063,
        0.356399495555922,
        0.37625888247022143,
        0.6652240009260363,
        0.18433466421228675,
        0.8496077438743234,
        0.9380526909808065,
        0.9317244672835675,
        0.5235682980406158,
        0.6458666114115266,
        0.9270545249993022,
        0.7277712613252082,
        1.7175683492429785,
        0.4326608949136775,
        0.545583573453801,
        0.4507149677147133,
        0.4305392339418005,
        0.4611899074563518,
        0.29922878078832843,
        0.29795151354687793,
        0.5080003057102046,
        0.42131399448671136,
        0.3495461480465666,
        0.28144386251443915,
        0.5523412409584553,
        0.2512182109458303,
        0.4516097207328621,
        0.5802132475626792,
        0.2829001379673968,
        0.23001639371227114,
        0.43936542871222733,
        0.7123191671630645,
        0.3478468554273177,
        0.7997985640840841,
        0.49324324195316965,
        1.1326570145355928,
        0.7517106085354172,
        0.5300363835183763,
        0.6142992516853097
    ],
    "time_stamp_us": [
        4661862,
        11340785,
        16485837,
        21255230,
        25560960,
        31018479,
        35432992,
        39805040,
        44456975,
        49988434,
        53424643,
        58253354,
        62133536,
        66325393,
        70436355,
        74357247,
        79026770,
        83579693,
        87817227,
        92996964,
        97904270,
        102958864,
        107257013,
        112320632,
        117351749,
        122405159,
        127190767,
        131568061,
        135611080,
        141429201,
        145805523,
        150956740,
        155516415,
        159260360,
        163398505,
        168540078,
        173357491,
        178594988,
        182776448,
        187916724,
        191457613,
        195609075
    ]
}