{
    "name": "scps_tp_13",
    "flow_rate_mbps": [
        0.620015569587406,
        0.27142002598753945,
        0.48188585409003026,
        0.5964394792767473,
        0.4193768804762678,
        0.48472390695117507,
        0.4355367662311384,
        0.4776423654381348,
        0.47193004877794276,
        0.6572175113145293,
        0.4160925477798088,
        0.5023589328172934,
        0.39511915787092355,
        0.5953546225851706,
        0.5281550078414098,
        0.4268742609127144,
        0.32800717812810104,
        0.6302688477960593,
        0.6152554865853853,
        0.22993507595594684,
        0.34285894358688856,
        1.3114283677906262,
        1.0512200191387964,
        0.46555293809206183,
        0.23978185294679005,
        0.39181316698458524,
        0.6803517615810782,
        0.6830930869665959,
        0.5268976273930025,
        0.5187385090623758,
        0.27217027769776325,
        0.6106502311440135,
        0.6628832767973789,
        0.35010231187710933,
        0.3941841515323858,
        0.395812246272099,
        0.9473459601463823,
        0.33034139351846353,
        0.23284425728165575,
        0.280215786022481
    ],
    "time_stamp_us": [
        5573894,
        9562439,
        15338284,
        22073821,
        26034927,
        30273215,
        34122334,
        40408646,
        44176151,
        48737844,
        54785157,
        59295692,
        65295227,
        69821659,
        76330452,
        80448334,
        84793220,
        90515046,
        95279489,
        99406555,
        103919829,
        108299006,
        112592340,
        116383592,
        120533496,
        125736225,
        131089797,
        135957867,
        140580136,
        146614553,
        151573352,
        156197516,
        160048362,
        164794899,
        169777214,
        175266628,
        179840918,
        184199368,
        188911584,
        194316742,
        199793093
    ]
}