{
    "name": "tcp_29",
    "flow_rate_mbps": [
        0.2322735104742904,
        0.08490280690220535,
        0.2887762596618415,
        0.24128449877841407,
        0.20847639812686516,
        0.07051975931977872,
        0.15804047646254457,
        0.2411930552350382,
        0.14226290458049742,
        0.3379160671424533,
        0.131887163634943,
        0.22687064981305166,
        0.15276785335327975,
        0.09339001287860041,
        0.13815637198929615,
        0.25283909942487376,
        0.21150491380524647,
        0.18211411573120553,
        0.12164831358647998,
        0.20993418485186024,
        0.25924107047063966,
        0.1263992981306054,
        0.12097131716347914,
        0.13458198646374003,
        0.1951054485872654
    ],
    "time_stamp_us": [
        1881417,
        7394917,
        21568300,
        25926553,
        31096881,
        37186779,
        54877140,
        62770814,
        68217737,
        76443634,
        80200780,
        89492359,
        94893851,
        103493566,
        116142456,
        125332043,
        130266090,
        136634169,
        143787486,
        154042622,
        159879880,
        164819838,
        173990775,
        183938257,
        193289880,
        199627376
    ]
}