{
    "name": "scps_tp_4",
    "flow_rate_mbps": [
        2.765957446808511,
        6.8478260869565215,
        1.1275480671453824,
        0.6912863795572899,
        0.23145955025431486,
        8.043478260869565,
        5.535055350553506,
        1.7770034843205575,
        5.869565217391305,
        7.472924187725631,
        1.0440590727658297,
        0.652078855172442,
        0.9843619090503098,
        3.9150088240012835,
        2.4221299179262203,
        2.6811398662994064,
        2.7383508437324777,
        1.5553029072600293,
        1.4477133357960843,
        1.555479053644986,
        1.616353771928872,
        1.270918338829579,
        0.8878456897234481,
        0.799093647591972,
        0.7934414426208048,
        1.0901018197963603,
        1.108142877563013,
        1.092865092865093,
        0.8528754647708503,
        1.0367245910605771,
        3.7777916725877505,
        1.9102656409867746,
        1.797001584848455,
        2.6386717295808206,
        2.7942585080009015,
        4.796654507273006,
        2.5354082461968113,
        3.7237246273241307,
        2.0284804824928795,
        3.9009303044854837,
        3.9348571514699344,
        4.918454725613485,
        2.7044748178992717,
        2.4351027151271367,
        2.390844445372623,
        1.700340421769309,
        3.1925907977277013,
        2.6718418589473867,
        3.135593220338983,
        3.36734693877551,
        6.189967234944721,
        5.319148936170214,
        4.347826086956522,
        3.536906101222629,
        3.975903614457831,
        3.645833333333333,
        5.957446808510639,
        4.479166666666667,
        3.7851969313847342,
        4.574468085106384,
        6.276595744680852,
        4.056400128599642,
        3.387550475001463,
        3.061347304329357,
        3.651458064516129,
        1.8068601795969406,
        1.3836226805951486
    ],
    "time_stamp_us": [
        5196266,
        5300042,
        5401610,
        5912978,
        6290697,
        6396668,
        6498236,
        6597964,
        6703580,
        6805148,
        6907084,
        7379586,
        7868533,
        8139474,
        8338930,
        8638904,
        8835313,
        9079644,
        9350552,
        9621252,
        9873969,
        10150260,
        10579644,
        11135200,
        11512978,
        11879644,
        12212978,
        12590756,
        12924089,
        13287978,
        13503719,
        13679644,
        13890756,
        14093930,
        14268533,
        14552501,
        14662978,
        14846311,
        15005833,
        15149089,
        15271952,
        15404645,
        15527264,
        15693930,
        15916682,
        16108216,
        16289168,
        16474883,
        16824242,
        17084786,
        17192978,
        17478343,
        17582119,
        17683687,
        18086344,
        18269608,
        18375592,
        18479368,
        18585352,
        18842015,
        18945791,
        19049567,
        19158432,
        19363484,
        19532978,
        19687978,
        19886311,
        20314977
    ]
}