{
    "name": "tcp_2",
    "flow_rate_mbps": [
        0.20092858586545562,
        0.3058398428872096,
        0.3163598152827929,
        0.22627443974167943,
        0.3118052050874846,
        0.1659081668786969,
        0.1855375832540438,
        0.2604540602854742,
        0.2107438671520075,
        0.2667383944466277,
        0.12000640457212022,
        0.21870166037715408,
        0.16194773462442877,
        0.19300057030981516,
        0.1547139494805537,
        0.22322669143623092,
        0.3892923888770091,
        0.1971129073433391,
        0.1541453014940696,
        0.3043274409656237,
        0.22673197407700776,
        0.07662805540801701,
        0.17885307687233923,
        0.1625184309300647,
        0.2558428869522524,
        0.2548136942114191,
        0.22767406429741002,
        0.26387267342483667,
        0.12487208728271472,
        0.2811089142525101,
        0.25041589874487574
    ],
    "time_stamp_us": [
        4053286,
        10317004,
        14323807,
        18232268,
        23745573,
        28065193,
        35384905,
        41573193,
        46278207,
        52145424,
        56822366,
        67033821,
        72939949,
        80643175,
        87164192,
        95655734,
        101244313,
        104335460,
        110720430,
        118598711,
        122806810,
        128114222,
        144106276,
        151019660,
        158559974,
        163651849,
        168590987,
        174070399,
        178714457,
        189235303,
        193830248,
        198723867
    ]
}