{
    "name": "tcp_8",
    "flow_rate_mbps": [
        0.2056837717528741,
        0.09980716688931372,
        0.5701954320591213,
        0.2678489928915254,
        0.1034092476134226,
        0.23167547881792855,
        0.10761305456367555,
        0.2581484435390889,
        0.11529711263783249,
        0.25639716620706104,
        0.1493599334840726,
        0.1474007130226907,
        0.25668525711151585,
        0.13819211171244308,
        0.14743015485285363,
        0.21037672944386043,
        0.11549748678169983,
        0.21503854397090227,
        0.16433690653636152,
        0.5376246399835001,
        0.3598630609591041,
        0.16775963518151554,
        0.10877917021943957,
        0.16611251941458877,
        0.2037279481061181,
        0.17493228603341524
    ],
    "time_stamp_us": [
        3670730,
        9735963,
        21571586,
        23798191,
        28826696,
        40356806,
        45598621,
        56986087,
        62118018,
        72555053,
        77334513,
        85908700,
        93623181,
        98655336,
        107602880,
        115690235,
        121725123,
        132335224,
        138495980,
        145549782,
        147993420,
        151460072,
        159225468,
        170186390,
        178161707,
        185098016,
        192166351
    ]
}