{
    "name": "tcp_30",
    "flow_rate_mbps": [
        0.11242856698988286,
        0.09193843773022778,
        0.09405831727018307,
        0.09115024899050672,
        0.05341254236302703,
        0.040250313197749576,
        0.061040320953152975,
        0.06146426337770903,
        0.08033324909499574,
        0.14128367867744,
        0.052778154645853816
    ],
    "time_stamp_us": [
        9858704,
        19481881,
        32090318,
        43945091,
        57025911,
        81002302,
        108430660,
        124708425,
        143388548,
        157131301,
        165883055,
        188474220
    ]
}