{
    "name": "scps_tp_30",
    "flow_rate_mbps": [
        0.23121710112955696,
        0.4874524685883504,
        0.3689520335892107,
        0.2570572537933686,
        0.6208414008222272,
        0.37020551624637393,
        0.21665107260319064,
        0.41420077979358166,
        0.43790972292947544,
        0.4150713791975894,
        0.2859052498748655,
        0.19873159267623944,
        0.6254910701400491,
        0.32232937229478353,
        0.25706468831545964,
        0.8213077704919981,
        0.4550564873991694,
        0.3068266989135882,
        0.35081774420203915,
        0.3771289429490349,
        0.09805422528497551,
        0.1496396509733455,
        0.21097946739288242,
        0.17330754352030944,
        0.3284666879183934,
        0.3913321357009604,
        0.5450457962725412
    ],
    "time_stamp_us": [
        3297799,
        9886931,
        15141351,
        21036101,
        28594884,
        35334383,
        41328459,
        48768256,
        54925270,
        61454835,
        67253163,
        74319560,
        83319035,
        88931777,
        96090169,
        104378822,
        109594309,
        117867216,
        124631686,
        131554939,
        137175510,
        152825626,
        162785553,
        170059057,
        178977307,
        184388632,
        189946264,
        195840521
    ]
}