{
    "name": "scps_tp_25",
    "flow_rate_mbps": [
        0.41075743883430077,
        0.37859265829757044,
        0.5054152895872549,
        0.2707153776318783,
        0.3257202285911272,
        0.31310113309077137,
        0.41903781169942916,
        0.3613188615808677,
        0.1780086099410843,
        0.583041890627672,
        0.1819176826147957,
        0.25695485030799897,
        0.252376628335205,
        0.20585846335607474,
        0.30037713998644405,
        0.25214044732643376,
        0.27883367301999845,
        0.2903196869767283,
        0.35373099247852,
        0.23676517660994775,
        0.37125948339561626,
        0.2451768871291652,
        0.339138249236623,
        0.44090517771491816,
        0.29894768069583566,
        0.3008604648935014,
        0.35514988783611634,
        0.528009971273278,
        0.526285396681031,
        0.4316560264498794,
        0.39110979208255336
    ],
    "time_stamp_us": [
        4804814,
        12437932,
        18095094,
        23206455,
        30261540,
        35413446,
        41337155,
        48002711,
        53533117,
        61285551,
        67250131,
        72711942,
        78812936,
        85418302,
        90781210,
        97433647,
        104307911,
        109653033,
        117144361,
        121701044,
        130467198,
        135938735,
        140351549,
        146113447,
        152097863,
        158745180,
        164799814,
        169928916,
        176807877,
        183457653,
        189851633,
        195835835
    ]
}