{
    "name": "scps_tp_29",
    "flow_rate_mbps": [
        0.41938698677329445,
        0.6612757624765795,
        0.550906805530616,
        0.7504393710549805,
        0.7286393315534242,
        0.8579520923703583,
        0.6303505260019592,
        0.9413745604073703,
        0.4519693029165886,
        0.37621250211237306,
        0.840203772246394,
        1.0738209391682818,
        0.7617216094492486,
        0.584430224383036,
        0.48939953168299466,
        0.5343951670225391,
        0.49106079773775857,
        0.4110333215600702,
        0.5215941893003206,
        0.5276869181489152,
        1.1490998819566811,
        0.4352677891272773,
        1.1246651488559365,
        0.4476377519644071,
        0.3975715860877843
    ],
    "time_stamp_us": [
        2305742,
        3619221,
        4352555,
        5867323,
        6336744,
        9039129,
        10366308,
        10835888,
        11472557,
        12566472,
        15436467,
        16908110,
        17613926,
        18581114,
        19420304,
        20509737,
        23316454,
        24176486,
        25209901,
        26296999,
        27433673,
        28427376,
        29608828,
        29976902,
        31085888,
        32964151
    ]
}