{
    "name": "tcp_43",
    "flow_rate_mbps": [
        0.14807615521996306,
        0.1698537851258123,
        0.10640716982619104,
        0.15940846925216456,
        0.130265008819283,
        0.1721383690947089,
        0.13323447723693113,
        0.1148478511373821,
        0.19496537119098897,
        0.1176772448784588,
        0.1293936736067809,
        0.10112107010717966,
        0.10439608535500837,
        0.15406655725218593,
        0.11593758968174782,
        0.17042240979219908,
        0.16513401787534807,
        0.15648517611909749,
        0.12155124390270758,
        0.08494316491183823
    ],
    "time_stamp_us": [
        3855145,
        12578224,
        19922894,
        31646916,
        39472849,
        49558136,
        56933598,
        65882633,
        77129513,
        83301686,
        93809070,
        103109061,
        115882660,
        127409529,
        135578466,
        146338738,
        153335001,
        160956447,
        169281325,
        180089606,
        194776132
    ]
}