{
    "name": "tcp_13",
    "flow_rate_mbps": [
        0.05801546543470039,
        0.05770841601642101,
        0.0523506482439454,
        0.018437894436903093,
        0.07413611247935509,
        0.07824558297318773,
        0.05951367489790435
    ],
    "time_stamp_us": [
        18141011,
        37931596,
        55914415,
        77635636,
        138111088,
        155087430,
        170043418,
        188779280
    ]
}