{
    "name": "tcp_31",
    "flow_rate_mbps": [
        0.06172190312154896,
        0.11025074668718278,
        0.05976830921241078,
        0.09594647237463094,
        0.08864984628242013,
        0.08101656581869252,
        0.07589203877632444,
        0.09585247903736441,
        0.097907403276866,
        0.06229609051859673,
        0.09631064208436844,
        0.07372310588474723,
        0.07064089119163786
    ],
    "time_stamp_us": [
        3393550,
        22353432,
        32467105,
        50753719,
        63180648,
        76007743,
        90043391,
        104881311,
        116168656,
        128121174,
        147437956,
        159359380,
        175083080,
        191492839
    ]
}