{
    "name": "tcp_38",
    "flow_rate_mbps": [
        0.5467660988605814,
        0.12596386087417524,
        0.13122627748990662,
        0.08134843614295785,
        0.11660634348014484,
        0.10948948543908853,
        0.09779248800749439,
        0.14687693009799857,
        0.17508415219951165,
        0.1300789251521859,
        0.09649710532216633,
        0.10055409215711168,
        0.11132577453860835,
        0.06636294209043267,
        0.11833482811581758,
        0.1301394092600387,
        0.07349128683404475,
        0.11987956543657528
    ],
    "time_stamp_us": [
        1747265,
        2263932,
        12019619,
        21946899,
        37282412,
        48643715,
        60239349,
        71867236,
        79308568,
        86370772,
        94857927,
        106756315,
        117515897,
        127928580,
        145396160,
        155098798,
        164006169,
        180380355,
        190326337
    ]
}