{
    "name": "tcp_25",
    "flow_rate_mbps": [
        0.08974946479089035,
        0.10279339267826008,
        0.08658716002873168,
        0.09186363890372554,
        0.09459138757961022,
        0.10746206528922199,
        0.08065929078891075,
        0.09387496075962085,
        0.09527367140199498,
        0.09266835594676985,
        0.11467551934085203,
        0.0923800559492254,
        0.08381295817418329,
        0.06438329253558703
    ],
    "time_stamp_us": [
        6312271,
        19966280,
        31672869,
        45443040,
        56859962,
        69231490,
        80532222,
        94766912,
        106292030,
        118459085,
        131087344,
        140907051,
        153455214,
        168208064,
        186212735
    ]
}