{
    "name": "scps_tp_40",
    "flow_rate_mbps": [
        1.8673417609201393,
        1.7133292451217916,
        1.0320515577060785,
        2.6078523480925164,
        2.332606694129595,
        0.5777766015354254,
        1.459251019964499,
        1.3965389533228338,
        2.131839488577854,
        1.875460763533399,
        0.7935078764189077,
        0.7991160640252453,
        1.7177922155542145,
        0.8641182361269382,
        2.8424087773597004,
        1.3873951442188899,
        1.954535150956602,
        1.1859587421334976,
        2.0544309323676413,
        1.6706557005684106,
        3.009201175482432,
        1.3321373710102313,
        1.9849490569522552,
        0.962957519629136,
        2.368721065768437,
        1.5262792199643103,
        1.410609277315359,
        1.5758889904709519,
        1.3703167497063895,
        2.020878818733435,
        1.4542825545524447,
        1.6028263130983658,
        1.7650801907054032,
        2.1794591838300477,
        0.859604189380446,
        1.927479698508034,
        1.394514700152154,
        0.784939512734794,
        0.6466067172727562,
        1.7685624260582398,
        1.4284798966066323,
        1.191945777898232,
        0.6647867238042033,
        0.729597823910774
    ],
    "time_stamp_us": [
        6097387,
        9343156,
        12526292,
        17340005,
        19947760,
        23005215,
        31393509,
        35183837,
        39942802,
        42977477,
        46062031,
        52531532,
        59784546,
        63749915,
        68528150,
        71278043,
        74811110,
        78437384,
        82365750,
        85471778,
        88742829,
        91578771,
        95821937,
        99904339,
        104708040,
        107681594,
        111602030,
        115695240,
        119520281,
        124386426,
        128368931,
        131959650,
        135589538,
        139342342,
        142731146,
        148176629,
        151687701,
        155329398,
        161982038,
        167735891,
        171431367,
        175442456,
        179508547,
        186632877,
        192791448
    ]
}