{
    "name": "scps_tp_13",
    "flow_rate_mbps": [
        0.36611519607843135,
        0.2859039590814717,
        0.43890953617963485,
        0.3715506869851044,
        0.36167092776914633,
        0.506456158466504,
        0.36455602685645566,
        0.2780513236401553,
        0.14854594104397711,
        0.2271590197024679,
        0.15678443579950732,
        0.3161391184692896,
        0.2738449987874439,
        0.14287935407674693,
        0.3848582446011538,
        0.3849269283867603,
        0.3716105421591468,
        0.7730118755277013,
        0.18982650555750427,
        0.24458850009780228,
        0.23677437803831858,
        0.774737303825264,
        0.2151567323071281,
        0.22995527740047714
    ],
    "time_stamp_us": [
        11905684,
        19112596,
        26294868,
        32708946,
        40137273,
        46669620,
        52751410,
        59898295,
        67839275,
        78095496,
        84413537,
        94553319,
        102480462,
        111510972,
        122946634,
        128769869,
        135079638,
        142477060,
        149075251,
        156635839,
        165347287,
        173879967,
        180591713,
        187364822,
        195814465
    ]
}