{
    "name": "scps_tp_36",
    "flow_rate_mbps": [
        0.09704902921547456,
        0.2204058187982841,
        0.36914061314509705,
        0.2788074712569324,
        0.18223227818655344,
        0.1899289938123186,
        0.1586622657688762,
        0.4325026419635545,
        0.4620579402828348,
        0.20333847842476485,
        0.7002861021432696,
        0.2128375713929826
    ],
    "time_stamp_us": [
        56725215,
        70489804,
        78804648,
        88195541,
        97857262,
        111245889,
        132287858,
        145438811,
        152688154,
        162030359,
        173377744,
        179746798,
        191728893
    ]
}