{
    "name": "scps_tp_25",
    "flow_rate_mbps": [
        0.7327021523312676,
        0.31932097463554465,
        0.24578226215911372,
        0.34284796182048904,
        0.8659287137218192,
        0.1743291045471852,
        0.23989198752852958,
        0.6406430747772696,
        0.9624834000403651,
        0.5745640307650547,
        0.2811378418727833,
        0.5933549822133009,
        0.3639876361032639,
        0.47520939726382105,
        1.2997515560824169,
        0.31196086742350476,
        0.26552348912091256,
        0.6002051161667867,
        0.2718982596435319,
        0.3471670255519529,
        0.3400922737327613,
        0.4582279205826737,
        0.2601726784621383,
        0.40250432656468055,
        0.3213554171923113,
        0.5054284324725293,
        0.3427268098326997,
        0.3691069338971485,
        0.22436033576422099,
        0.6055231610415173,
        0.18047615008830523,
        0.6179461590654357,
        0.2815726433916822,
        0.5613264093571175
    ],
    "time_stamp_us": [
        5171314,
        9450488,
        15258813,
        19660758,
        25038302,
        30099781,
        38015843,
        43124142,
        48914324,
        54339789,
        60219447,
        65991989,
        71927323,
        77295857,
        83266446,
        88065517,
        93303097,
        98791425,
        104346326,
        110396236,
        115007273,
        121597014,
        128198445,
        132484214,
        138929859,
        146006883,
        152035511,
        158606809,
        163362504,
        168824432,
        173382474,
        178582053,
        183709490,
        189904410,
        195627711
    ]
}