{
    "name": "tcp_13",
    "flow_rate_mbps": [
        0.1491602604599959,
        0.21956196327640545,
        0.12115899594071472,
        0.18389185407629324,
        0.06701197936993304,
        0.16754812997815025,
        0.2003085928200395,
        0.13687925269430146,
        0.2212914778345812,
        0.12988061724360736,
        0.2359275896689867,
        0.11926208021854771,
        0.2113880381942735,
        0.14841625667282035,
        0.18807055201006792,
        0.304258127232433,
        0.26623270643649777,
        0.20361849149435132,
        0.15080825133520714,
        0.20808376125317113,
        0.4798872068812066,
        0.11551700180743603,
        0.14413668550303746,
        0.31191010314738143,
        0.12312150981810126,
        0.13403430734910574
    ],
    "time_stamp_us": [
        10690928,
        18684478,
        23964081,
        33987274,
        40711226,
        56856399,
        63775008,
        69231389,
        77780822,
        83019162,
        91774279,
        96828033,
        107288357,
        112772111,
        120359420,
        126464363,
        130056576,
        134700934,
        140827686,
        147562596,
        153080374,
        155403920,
        166681221,
        175029963,
        178640234,
        189579671,
        198310570
    ]
}