{
    "name": "scps_tp_27",
    "flow_rate_mbps": [
        0.8556322106539682,
        1.3936543442026463,
        1.821754803076774,
        0.7071378184391512,
        1.5238764979235762,
        1.2630201639169216,
        1.4569461329362499,
        1.2268946844630317,
        1.2772161050597954,
        1.022932736123143,
        0.37223242048477134,
        0.7765320995517905,
        0.6177173870013395,
        0.45721596142257726,
        1.001356319753964,
        1.0392861481630686,
        1.186816941057501,
        0.9334844413499915,
        0.9891069815363712,
        1.2023578023107102,
        1.3128838726847145,
        1.7949292679923854,
        1.4889882253966875,
        0.5488814243012584,
        0.78748873273154,
        1.0501900139993627,
        0.7131477691943503,
        0.8035596157981563,
        1.2115368253878223,
        0.9678897548551303,
        1.0692828694223802,
        0.682366539411693,
        0.7595395794652283,
        1.17366978775188,
        0.39732787733872355,
        0.5539556555875729,
        0.7043450420032064,
        0.9462119170628391,
        0.9876787157998449,
        0.9883329267501171,
        0.6855867792633282,
        0.946394760239353,
        0.9632159789677156,
        0.6962310055397544
    ],
    "time_stamp_us": [
        1627915,
        4429932,
        7931288,
        11524922,
        15084511,
        19293671,
        22833757,
        26978646,
        30991900,
        34872966,
        38423698,
        45363878,
        49202483,
        55618621,
        61365402,
        65158018,
        68960936,
        73351571,
        77691954,
        81710124,
        85961371,
        89779043,
        92946633,
        97439778,
        102548641,
        106445992,
        110230450,
        114038693,
        119163291,
        123218306,
        127643934,
        131732506,
        138430607,
        142980100,
        146516904,
        154630304,
        161525874,
        165789239,
        169674542,
        174816295,
        179731238,
        185383389,
        189652897,
        193790536,
        198531721
    ]
}