{
    "name": "tcp_20",
    "flow_rate_mbps": [
        0.24650184101577816,
        0.08765052528785139,
        0.060601342859259395,
        0.08956130668353465,
        0.15347801834020613,
        0.10473788963633401,
        0.1504528994484835,
        0.16434009530879382,
        0.11778966922007394,
        0.07472787932750032,
        0.07434089883578605,
        0.16975641259143376,
        0.05843621718652904,
        0.09966169255364198,
        0.07645354318152844
    ],
    "time_stamp_us": [
        10299377,
        15539419,
        29142532,
        48270821,
        61830248,
        70462103,
        81529731,
        90408523,
        98066788,
        108751596,
        125150295,
        141188842,
        148732828,
        168569841,
        180533515,
        197139678
    ]
}