{
    "name": "scps_tp_27",
    "flow_rate_mbps": [
        0.4747496993969408,
        0.6105009601917276,
        0.5393221422817834,
        1.5071597469896223,
        0.3369860504868593,
        1.1367784728825245,
        0.6074174603891727,
        0.5105989515371043,
        0.31836875431917905,
        0.7240598848742004,
        1.3687186323833958,
        1.3224992500484083,
        2.1525472772163434,
        1.9982757060316945,
        0.867833885274786,
        0.8743956015916604,
        0.9994709500550416,
        0.5102828598618759,
        0.30058610148216897,
        1.040649364970817,
        0.46474297571825834,
        0.6833740343592283,
        0.5799127930332778,
        0.778489062680668,
        0.45025899605792996
    ],
    "time_stamp_us": [
        7345408,
        15763486,
        22327800,
        29615170,
        33841716,
        40328394,
        46009712,
        52716401,
        63851559,
        73491701,
        80398754,
        85625482,
        90609137,
        94307007,
        98085945,
        103428903,
        110208992,
        116714994,
        125087762,
        138126289,
        143621627,
        151555819,
        158599458,
        166652255,
        173501831,
        183137885
    ]
}