{
    "name": "scps_tp_27",
    "flow_rate_mbps": [
        1.3840030684778657,
        0.8993817684344126,
        0.7105017043030918,
        0.9929403422421974,
        0.9412147388771791,
        1.2581279497671494,
        1.1139300233817115,
        1.542048979598761,
        1.1018055952713046,
        1.2699122366761166,
        1.1359972560452753,
        1.2462145916882734,
        1.3606524458998162,
        0.6919156628647769,
        1.2522795291736106,
        1.3045128731884867,
        2.490752773098821,
        0.8398028140617743,
        1.2527849415453014,
        1.0538877674147356,
        1.3286375725226578,
        1.1032253668775633,
        0.7171077023892668,
        1.0991692208420714,
        1.121482011142524,
        0.6179906337884222,
        1.003384303136329,
        1.0899006488785978,
        0.7226986666773271,
        0.9392961879346748,
        0.8906603162226098,
        1.1614991876419372,
        1.1796164945618342,
        1.3747988803420688,
        1.3459944719407007,
        0.8334478111227857,
        0.9649103860374911,
        0.866086544767159,
        1.3198738433307904,
        1.0409130021824635,
        0.7344000865910199,
        0.6800256693100821,
        0.7133087398658841,
        1.1939931267042063,
        0.8732882588730151,
        0.9844555573858595,
        0.8598878500153219,
        1.0623518416921263,
        0.6337205883588283
    ],
    "time_stamp_us": [
        3412305,
        7025823,
        10880204,
        14764783,
        18600663,
        23175177,
        26816778,
        31564078,
        35100775,
        38818164,
        42504214,
        46527604,
        50274888,
        53382456,
        57770274,
        61208484,
        65507652,
        68313358,
        71547260,
        75803633,
        80025259,
        83049831,
        87232766,
        90712076,
        94679436,
        99227418,
        103175439,
        106894373,
        111128447,
        115130779,
        119796911,
        122833759,
        126160494,
        130465622,
        134095302,
        137983104,
        142023189,
        146004823,
        150262319,
        153909213,
        157939521,
        162374161,
        166449066,
        172763751,
        176730407,
        180839016,
        184584599,
        188885625,
        192782639,
        197068187
    ]
}