{
    "name": "scps_tp_42",
    "flow_rate_mbps": [
        0.9047190785539176,
        2.101581733461534,
        1.982100006912465,
        1.7886412335152093,
        1.8539487573169564,
        2.083084373722444,
        3.5938270003890547,
        1.378719644896464,
        0.9746850249197017,
        1.820141845900334,
        2.2420563449180624,
        3.804347826086956,
        1.249174520296,
        1.197659806638183,
        0.4573986120313984,
        1.3864117436473835,
        1.6636818870613472,
        1.373575817438022,
        1.6591199924684354,
        0.9212153549052019,
        1.0197921953043618,
        0.6430185537972426,
        1.9225636573792935,
        0.6562753793471071,
        0.7798428087143457,
        1.381374916717057,
        1.562792974197577,
        0.8390700871297646,
        0.7677898074680005,
        1.0410332100941837,
        1.4989777667998894,
        0.8932119130880358,
        1.6084982805600987,
        1.5204563611644497,
        0.6632180078318624,
        0.8136050135269342,
        2.0704538586354753,
        0.5767084358733494,
        1.46976865811903,
        1.0221272415944356,
        0.8942868151017827,
        1.436023357898406,
        1.4813605411537518,
        1.0907030557102853,
        1.2921886227599102,
        1.7486319892207913,
        0.994983456493788,
        0.6845103521907385,
        1.27315475676483,
        1.040786209421322,
        2.3144943231550155,
        1.5619958364070325,
        1.6496732983956983,
        1.0929358263012705,
        0.9656175334703513,
        1.9353612327916496,
        0.8816319313987668,
        1.3160126717038219,
        2.7072483883121543,
        1.8236437533133063,
        1.248452661019174,
        0.5355082363495047,
        1.3951249982812366,
        2.214057688192725,
        1.2433848506979108,
        1.4037749072130425,
        1.0628736563785157,
        1.2167992395004754,
        1.1125378679266453,
        0.8882639828338469,
        0.9157193438498726,
        1.4345100772528938
    ],
    "time_stamp_us": [
        1654001,
        1873048,
        2062334,
        2366133,
        2728285,
        3186809,
        3345804,
        3554001,
        3925273,
        6156640,
        8510039,
        9859229,
        9960797,
        11419040,
        14562370,
        18013889,
        21374276,
        24234342,
        27385009,
        30252939,
        33596522,
        37190666,
        40246752,
        42922679,
        46505809,
        49705223,
        53765178,
        57099516,
        60428344,
        63764257,
        67486559,
        70174791,
        73511961,
        76346605,
        79628567,
        83407234,
        87057359,
        90336640,
        93629257,
        96566209,
        99579689,
        102974573,
        106864649,
        110061818,
        113614609,
        116929543,
        120629258,
        123713852,
        127020157,
        130575420,
        133301513,
        135862971,
        138407408,
        140836689,
        144513538,
        147543309,
        150384081,
        153777606,
        156327855,
        158342358,
        161205812,
        164177042,
        167681750,
        170736272,
        174087079,
        177221362,
        179926753,
        183624502,
        186455273,
        189342941,
        192611699,
        195384601,
        198555356
    ]
}