{
    "name": "scps_tp_16",
    "flow_rate_mbps": [
        0.7094774541501462,
        1.5233140028544072,
        1.307944351817008,
        0.8711754088130498,
        1.0267235277884703,
        0.47517486478329285,
        0.330027302983399,
        0.2683990692842454,
        0.4434042300341004,
        0.6771224845881034,
        0.48967991387668514,
        0.6689436872990947,
        0.6155014719771023,
        0.7001388083487948,
        0.6629625377195058,
        0.4111077154604545,
        0.4320800602392273,
        0.4355381243511362,
        0.39383992499917947,
        0.7779291722734957,
        0.46672943795616245,
        0.8019273374414352,
        1.0906747059105095,
        0.9289951191888387,
        0.4885963829705446,
        0.37425066658777323,
        0.5268659088594586,
        0.7683676767066798,
        0.7272394063709743,
        0.9807253168255755,
        0.7432977952009717,
        0.565106663406558,
        0.4454859183439334,
        0.6408501347821681,
        0.46095507540669417,
        0.5730988846103584,
        0.7444315738013645,
        0.3519758214582058,
        0.6209487807510065,
        0.5466000771049384,
        0.6112654900987171,
        0.6634611274155386,
        0.8123489140263144,
        0.33660265708604303
    ],
    "time_stamp_us": [
        3374985,
        7638630,
        11457987,
        15956894,
        19682619,
        23628842,
        27415911,
        31028703,
        36088035,
        39723183,
        43799255,
        49706134,
        53287422,
        58058556,
        62552522,
        67281839,
        71954483,
        76221470,
        80555970,
        84760724,
        89018181,
        93890897,
        98764356,
        103339579,
        107867310,
        111821494,
        116688820,
        121382538,
        125290667,
        130376200,
        134811448,
        138361250,
        142561519,
        146353154,
        151228428,
        155611328,
        160041977,
        163779164,
        168578130,
        173165175,
        177709631,
        182224854,
        187067097,
        191402377,
        196190931
    ]
}