{
    "name": "scps_tp_25",
    "flow_rate_mbps": [
        0.27498001429272856,
        0.25016614798818176,
        0.11401509984527873,
        0.18404304630982482,
        0.31543977752799984,
        0.29912340787993064,
        0.4427096073598868,
        0.31336978170401125,
        0.27818992372455625,
        0.1570177209834521,
        0.31386816455462824,
        0.21309847252943337,
        0.1788853964984174,
        0.20756437987944945,
        0.22506369167377732,
        0.23986454565344037,
        0.232750745044963,
        0.3945748162183666,
        0.2912653555972144,
        0.29078860953179714,
        0.2554067413295776,
        0.26663701349638547
    ],
    "time_stamp_us": [
        5229680,
        12777574,
        22706975,
        38974294,
        47912203,
        54526968,
        61613274,
        69094476,
        76704144,
        85434870,
        95418966,
        104775251,
        113686061,
        123498824,
        134242864,
        144102473,
        153998058,
        161682158,
        168956824,
        175741565,
        184397750,
        191486678,
        199436362
    ]
}