{
    "name": "scps_tp_2",
    "flow_rate_mbps": [
        0.4710870995140206,
        0.39568742465948903,
        0.9557635475205147,
        0.8123863658111807,
        0.6180369202094039,
        0.7878763446536678,
        0.5468762463960349,
        1.2135447702908317,
        0.8124458550871302,
        0.7730551959436668,
        0.3781310965370154,
        0.4824973727958724,
        0.608991983418173,
        0.6446360886501478,
        0.8967186978758414,
        0.43844380360110863,
        0.5143952211172087,
        0.6349911465197361,
        0.6876190956475381,
        0.4785586267047544,
        0.5118864193756049,
        0.535024646987762,
        0.652789284682105,
        0.7876066232357316,
        0.4890198470521032,
        0.46842411493532654,
        0.3572652171053837,
        1.0852697022207805,
        0.7559314262478485,
        0.7270961855162612,
        1.0335301589575865,
        0.8470913206388991,
        1.3243718737423102,
        1.3346349716106787,
        0.756167960424384,
        1.4457716576054604,
        2.0140687084569175,
        0.7812822038695444,
        0.8034536496892705,
        0.8752889787288421,
        0.7347329922918451,
        1.359778088677391,
        0.6247798367211059,
        0.42518148841436276,
        0.33701999999999993,
        0.56408,
        0.5034792422201179,
        1.674182247488034,
        0.49628208494052545,
        1.0396889229726893,
        0.568173716773975,
        0.39090706719120394,
        0.4911117760336348,
        0.1634753562375881,
        0.5797489975960923,
        0.2794138331518222,
        0.4791343310615729,
        0.6065751252454487,
        1.1914016139390016,
        0.6380955411370317,
        0.7949194610886233,
        1.0832815431265481,
        0.4252935894814512,
        0.3953866666666667
    ],
    "time_stamp_us": [
        1614135,
        2397090,
        3994836,
        4403933,
        4769690,
        5793357,
        7356120,
        10928921,
        11447468,
        12490964,
        13991038,
        14815789,
        16238404,
        17058579,
        17515792,
        18493026,
        19689713,
        20669691,
        21508909,
        22064135,
        23714006,
        24799825,
        27453699,
        28958834,
        29877841,
        30961478,
        32480802,
        34335984,
        34930955,
        36819666,
        38442769,
        39168623,
        39559608,
        39907468,
        40314135,
        41839923,
        42091913,
        42608094,
        43159270,
        45783740,
        46214135,
        48806195,
        49219333,
        49735995,
        50380802,
        51180802,
        51880802,
        54039318,
        54506880,
        55249635,
        55730802,
        56406891,
        58504740,
        59547468,
        60225246,
        61514397,
        65495789,
        69481978,
        73795508,
        77742993,
        82708519,
        87513836,
        88897624,
        90247468,
        91747468
    ]
}