{
    "name": "scps_tp_24",
    "flow_rate_mbps": [
        0.2877088980133525,
        0.3754200285014645,
        0.45722643840362676,
        0.1829584707886873,
        0.45871211534176015,
        0.24540839253104893,
        0.31372774297498984,
        0.4146649420379952,
        0.2923589370500237,
        0.2550428692606248,
        0.2000677301892417,
        0.1831113924826386,
        0.304895520120964,
        0.45646647234973275,
        0.17550244223463402,
        0.3199043598559768,
        0.3016026255241346,
        0.382912285153993,
        0.19908083952813607,
        0.24775366447800137,
        0.2132525696176446,
        0.21480228336251847,
        0.2928754934010841,
        0.3124110248006173
    ],
    "time_stamp_us": [
        6586632,
        12726171,
        18431141,
        24370955,
        32094675,
        39579631,
        47947071,
        54492364,
        61494451,
        69084573,
        76140328,
        87783585,
        98455122,
        105696947,
        111211306,
        122911656,
        130158822,
        137626131,
        143450128,
        156482020,
        166641789,
        176322704,
        182387444,
        189775703,
        198398190
    ]
}