{
    "name": "scps_tp_0",
    "flow_rate_mbps": [
        0.7957429343044649,
        0.6767372466340547,
        1.1804794523011106,
        1.4544559166088007,
        1.514245290653853,
        0.80347709924121,
        0.6648637283632436,
        0.4738894062017836,
        1.2460149198634483,
        0.863682121371262,
        0.4299281375065798,
        0.7422056131913035,
        0.9320133274640293,
        0.935196042475283,
        0.8398280641161643,
        1.745497073173703,
        0.9232870287346016,
        0.5929151516471075,
        0.7882211954105788,
        0.5384625908040002,
        0.4497640812584308,
        0.9750241801057751,
        0.5052439798070718,
        0.5823436860235008,
        1.0922194580649742,
        1.3775243287665742,
        0.7924540771555191,
        1.14493961912114,
        0.48877460844382786,
        0.6950827929232514,
        0.770354243791998,
        0.8131091487754057,
        0.5986835516792455,
        1.1505798386758075,
        0.6155186226785031,
        0.8848681913144605,
        0.9576400511782274,
        0.570166049317581,
        0.633717601848753,
        0.7680974172334052,
        0.8114447187836193,
        0.6163278415602236
    ],
    "time_stamp_us": [
        4105695,
        8281717,
        12751635,
        16922686,
        20399120,
        23475821,
        27652866,
        33331744,
        39249074,
        43732359,
        47694928,
        53806461,
        59890166,
        64201864,
        68321813,
        73816652,
        77592585,
        82232009,
        86365619,
        91379846,
        96423539,
        101283687,
        105948679,
        110559204,
        115184926,
        119693031,
        123684191,
        129131371,
        133325828,
        137933596,
        142825560,
        146551638,
        151792558,
        156845244,
        161345375,
        166295737,
        171436028,
        175540117,
        180477626,
        184379932,
        189094334,
        193366418,
        197575866
    ]
}