{
    "name": "scps_tp_29",
    "flow_rate_mbps": [
        2.2529427952148464,
        0.8617966677557538,
        0.7417877684760408,
        1.1758507901569701,
        0.3027429652653447,
        0.6329969331411046,
        0.2837857001787367,
        0.5014626682708554,
        0.6733261209328513,
        1.1455094046544025,
        1.229147724109777,
        0.9523054156498262,
        0.4959881539930197,
        1.4142289014436507,
        0.7486384490535896,
        0.6236294262514335,
        0.3139999337816588,
        0.881110435856118,
        0.69133114482453,
        0.41945037655658374,
        1.416737033909604,
        2.209346988970695,
        0.8018784094720799,
        1.7064661521402131,
        0.15932033386917946,
        0.6243120171645888,
        0.40289718921508194,
        0.8768969801026031,
        0.447268304577906,
        0.4575093639001481,
        0.3277250733786061,
        0.567608034306421,
        1.6718393810183882,
        0.4265457628791964,
        0.5067041105274038,
        1.033003575705098,
        1.4165671585023998,
        2.346938775510204,
        5.520833333333333,
        5.0,
        5.816326530612245,
        0.0,
        0.7286478964279526,
        0.5751138886962074,
        0.1460891206190406
    ],
    "time_stamp_us": [
        7001743,
        7648577,
        12068181,
        13968304,
        14552555,
        15485888,
        16069221,
        23755387,
        31020534,
        35972191,
        40839196,
        41485888,
        44567328,
        57187952,
        59607928,
        63135890,
        64762125,
        67450202,
        72587356,
        73002555,
        81710808,
        83510888,
        83820699,
        87219319,
        87944387,
        95322127,
        102236362,
        110950049,
        111919221,
        117262734,
        126528905,
        134377923,
        139960085,
        143790118,
        153392464,
        161214307,
        166643446,
        169036047,
        169144239,
        169250223,
        169356207,
        169464399,
        169574799,
        173136146,
        180315524,
        196940992
    ]
}