{
    "name": "scps_tp_18",
    "flow_rate_mbps": [
        1.0176687273196454,
        1.5772453856540243,
        1.7165471971009425,
        1.364757213717499,
        1.496303447124651,
        1.162219783429392,
        1.5356268152863684,
        1.6374441256974004,
        0.7950432016521379,
        0.28794568378623236,
        0.14120064398519083,
        0.7797573852700723,
        1.2348204944494594,
        1.0902698570158194,
        1.0526350524401895,
        1.5501254972226395,
        1.5355517139521007,
        1.805118706709287,
        1.9592914300372668,
        1.8601934331577235,
        1.9369168558299845,
        1.956181633046857,
        1.9937236469930302,
        1.6005809988574873,
        1.5929713332971234,
        1.9218407767595698,
        1.5780351862218978,
        1.6429037104226312,
        2.348484624840695,
        2.242597468352228,
        1.8349418758574219
    ],
    "time_stamp_us": [
        14932071,
        22232993,
        27447654,
        31788927,
        37160256,
        42575842,
        47629344,
        53603608,
        57433186,
        63668017,
        79771054,
        95095630,
        101778324,
        107464527,
        114005880,
        119763773,
        125098154,
        129340017,
        133089089,
        137579937,
        141674995,
        146753499,
        151319210,
        155898621,
        161092435,
        166560556,
        170409366,
        175775330,
        180573274,
        186331881,
        190929835,
        196663597
    ]
}