{
    "name": "tcp_22",
    "flow_rate_mbps": [
        0.3893486480085332,
        0.7631308271674575,
        0.3241522915060201,
        0.19900969527114784,
        0.436312072209648,
        0.3166324094363784,
        0.5092215690389597,
        0.7788327468295597,
        0.41748883197697834,
        0.2948065320105082,
        0.25648894687966106,
        0.2686511099445376,
        0.40817172734924717,
        0.24399161316934367,
        0.2462144346526929,
        0.6089710705645228,
        0.4300465137114657,
        0.27160676064654216,
        0.3972118930188416,
        0.32724883235029095,
        0.39347908216727145,
        0.26814161664483405,
        0.27544712160379786,
        0.1479783089905561,
        0.23993674992843644,
        0.30486527718293477,
        0.4430058589567694,
        0.33321303762619014,
        0.35430902679269455,
        0.6693834093564522,
        0.40497524383278577,
        0.23810888569494962,
        0.19013693361138181,
        0.4971050982540534,
        0.763063829210529,
        0.330849976995649,
        0.31477444532138504,
        0.22469497808020805,
        0.20820153898196977,
        0.3026144697822389,
        0.40033912247861597,
        0.27486257836912376,
        0.19426935991489847,
        0.3353771220551975,
        0.1477700293694342,
        0.30510135056331783,
        0.32076561782359014,
        0.36104441962398276
    ],
    "time_stamp_us": [
        5839965,
        8732180,
        10178852,
        14333936,
        20658050,
        23188349,
        27163179,
        29331194,
        30777050,
        34029640,
        38186400,
        42705893,
        47226254,
        50120330,
        55369035,
        60256482,
        62069376,
        65149973,
        69499202,
        72584306,
        76396451,
        79482765,
        83847026,
        88576500,
        96335475,
        101442821,
        105281369,
        108022642,
        111865949,
        114981873,
        116631152,
        119929724,
        125076277,
        131347126,
        133745653,
        135221388,
        139292357,
        143360794,
        148912854,
        154851715,
        158937706,
        161915981,
        166575182,
        173110438,
        176665600,
        185182618,
        189126750,
        192706186,
        196100339
    ]
}