{
    "name": "tcp_30",
    "flow_rate_mbps": [
        1.3175562776869991,
        2.2385701032175365,
        0.3087359941704508,
        0.17130296391904468,
        0.12138281755689238,
        0.13002405830525463,
        0.13924357610630986,
        0.19637421185231815,
        0.16241269555056212,
        0.11926327018477613,
        0.17315740784044883,
        0.11033234031483634,
        0.22056818081839857,
        0.25209248221381886,
        0.2898407957332402,
        0.20549078692615633,
        0.25728199766420645,
        0.22153329381878337,
        0.13750144585713353,
        0.14036070021238392,
        0.2484126972762767,
        0.1566627800548225,
        0.1535291959472808,
        0.15609400866704173,
        0.1383693211707777,
        0.2068789322980976,
        0.26496412586996,
        0.22250425545146946,
        0.47955863264890086,
        0.5253094419714129,
        0.17713218270344497
    ],
    "time_stamp_us": [
        1735866,
        2278088,
        2724330,
        7730549,
        14433060,
        24346819,
        33686629,
        41694467,
        47766140,
        55175413,
        65450496,
        72463768,
        82670023,
        88125751,
        92680270,
        96984426,
        102894180,
        107013551,
        112943856,
        121615183,
        129559287,
        134447926,
        142058668,
        149393299,
        156819593,
        165436532,
        170826351,
        175492945,
        180702733,
        183027871,
        185423716,
        192279613
    ]
}