{
    "name": "tcp_24",
    "flow_rate_mbps": [
        0.04957237047321799,
        0.07080661590744694,
        0.07225555245448058,
        0.06604422936434541,
        0.08379619069889577,
        0.09288400343516257,
        0.10162845759678829,
        0.06098100888151436,
        0.095393506213795,
        0.12033515480963088,
        0.06362047894810453,
        0.119109391667272
    ],
    "time_stamp_us": [
        14391708,
        35325950,
        51073631,
        68644599,
        85694991,
        98738066,
        111574722,
        122872345,
        140795302,
        153294266,
        163386080,
        180738983,
        191490780
    ]
}