{
    "name": "scps_tp_28",
    "flow_rate_mbps": [
        0.39364275521825365,
        0.325126840380936,
        0.5487449327518111,
        0.8033997694779764,
        0.48602390730894407,
        0.12002066888511048,
        0.5638041220180737,
        0.5960362479740144,
        0.4133375643748025,
        0.800016475007924,
        1.0547856128309847,
        1.3437890089447055,
        0.2025054421575096,
        0.1806383275158447,
        1.1516725553104004,
        1.0067653622208772,
        0.4842727247372306,
        0.6495682912239431,
        0.4509771755699947,
        0.6724546420010139,
        0.42231585828868057
    ],
    "time_stamp_us": [
        11156709,
        16849993,
        26323711,
        34632708,
        41022553,
        50040381,
        75887929,
        85580657,
        93582318,
        102903900,
        109362167,
        114218661,
        119172653,
        134491945,
        150748960,
        156030878,
        163158656,
        170795675,
        176608274,
        184319529,
        190049224,
        199068066
    ]
}