{
    "max_utilization_details": [
        {
            "constellation_name": "Test1",
            "maximum_link_utilization (MLU)": [
                0.0016395936,
                0.0022137696,
                0.0022228704,
                0.0023161536,
                0.0016108416,
                0.0017587296,
                0.001922544,
                0.001751904,
                0.002241072,
                0.0021318624,
                0.0024253632,
                0.0023798592,
                0.002696112,
                0.0017268768,
                0.0020977344,
                0.0027347904,
                0.0020317536,
                0.0016677216,
                0.0021364128,
                0.0020840832,
                0.0016404192,
                0.001330992,
                0.0018451872,
                0.0021523392,
                0.0018019584,
                0.0018451872,
                0.001899792,
                0.0017473536,
                0.0019475712,
                0.0022205952,
                0.0018110592,
                0.0018520128,
                0.002366208,
                0.0019293696,
                0.0014311008,
                0.0020886336,
                0.0023411808,
                0.0016176672,
                0.00187704,
                0.00210456
            ]
        }
    ],
    "time_stamp (ns)": [
        0.0,
        5000000000.0,
        10000000000.0,
        15000000000.0,
        20000000000.0,
        25000000000.0,
        30000000000.0,
        35000000000.0,
        40000000000.0,
        45000000000.0,
        50000000000.0,
        55000000000.0,
        60000000000.0,
        65000000000.0,
        70000000000.0,
        75000000000.0,
        80000000000.0,
        85000000000.0,
        90000000000.0,
        95000000000.0,
        100000000000.0,
        105000000000.0,
        110000000000.0,
        115000000000.0,
        120000000000.0,
        125000000000.0,
        130000000000.0,
        135000000000.0,
        140000000000.0,
        145000000000.0,
        150000000000.0,
        155000000000.0,
        160000000000.0,
        165000000000.0,
        170000000000.0,
        175000000000.0,
        180000000000.0,
        185000000000.0,
        190000000000.0,
        195000000000.0
    ]
}