{
    "throughput_send_bps": [
        7498910.400000001,
        6634420.8,
        7143097.600000001,
        7026248.0,
        6108684.800000001,
        6099606.400000001,
        6667616.000000002,
        7078985.600000001,
        6195244.800000001,
        7592537.599999999,
        6815689.6000000015,
        7546105.600000001,
        7837600.000000001,
        7145382.399999999,
        6957577.6,
        7222127.999999999,
        6864646.399999997,
        6198140.800000001,
        6793081.600000001,
        7145440.0,
        6409827.2,
        5703152.0,
        6153769.6,
        7736505.6,
        6500963.200000001,
        7660060.799999998,
        7299084.8,
        5286150.4,
        6595603.199999999,
        6991648.0,
        5991401.600000001,
        6251536.000000001,
        6305580.8,
        5451564.799999999,
        5125708.800000001,
        6164374.399999999,
        6985251.199999999,
        6576687.999999999,
        6632745.6,
        6954515.200000001
    ],
    "throughput_sink_bps": [
        6854988.799999999,
        6209694.3999999985,
        6734889.600000001,
        6577604.8,
        5691001.599999999,
        5676832.999999999,
        6235851.799999999,
        6656294.4,
        5798864.0,
        7195370.179999999,
        6419929.019999999,
        7124435.2,
        7408828.800000001,
        6689846.399999999,
        6512368.0,
        6776054.4,
        6457481.600000001,
        5742614.4,
        6333724.8,
        6689782.239999998,
        6002080.159999999,
        5299785.6,
        5745977.600000001,
        7349708.799999999,
        5990147.2,
        7195840.0,
        6846521.6,
        4911379.2,
        6162700.799999999,
        6543836.800000002,
        5598393.600000001,
        5877443.200000001,
        5924515.2,
        5121808.000000001,
        4723340.800000001,
        5801501.959999999,
        6582379.640000001,
        6158185.600000001,
        6264406.399999999,
        6552121.600000001
    ],
    "time_stamp_ns": [
        0.0,
        5000000000.0,
        10000000000.0,
        15000000000.0,
        20000000000.0,
        25000000000.0,
        30000000000.0,
        35000000000.0,
        40000000000.0,
        45000000000.0,
        50000000000.0,
        55000000000.0,
        60000000000.0,
        65000000000.0,
        70000000000.0,
        75000000000.0,
        80000000000.0,
        85000000000.0,
        90000000000.0,
        95000000000.0,
        100000000000.0,
        105000000000.0,
        110000000000.0,
        115000000000.0,
        120000000000.0,
        125000000000.0,
        130000000000.0,
        135000000000.0,
        140000000000.0,
        145000000000.0,
        150000000000.0,
        155000000000.0,
        160000000000.0,
        165000000000.0,
        170000000000.0,
        175000000000.0,
        180000000000.0,
        185000000000.0,
        190000000000.0,
        195000000000.0
    ]
}