{
    "name": "scps_tp_28",
    "flow_rate_mbps": [
        1.0065881717969927,
        0.8954795398837725,
        1.6352706195128488,
        1.4008332334568785,
        0.841869127845553,
        0.5843686205984484,
        1.2388641763311528,
        0.40888464294244087,
        0.9247499975392034,
        0.9606409375342391,
        1.1091417476385264,
        1.4767789815025207,
        0.9159807873331562,
        1.1820560197769834,
        0.5795461619236909,
        0.699358687816545,
        1.0240791768746598,
        0.8286119283337666,
        0.7499204426431295,
        0.8406715014105417,
        0.3917549710893255,
        0.9753904641134213,
        0.8129561013713427,
        0.8359224002678635,
        1.3455532122509364,
        0.8482533587429687,
        1.4940788196466703,
        1.2568295225877317,
        0.7095498140292826,
        0.6202177503623554,
        1.5641933364840725,
        0.8681918930087532,
        0.7015166824564402,
        1.449444436989754,
        0.978176805344456,
        0.4520010156090309,
        0.8046211636089967,
        1.0729793809887511,
        0.4756405558251706,
        0.6047259678811084,
        0.5426492751737524,
        1.411692422414393
    ],
    "time_stamp_us": [
        6035892,
        10126860,
        14515838,
        18195229,
        22175146,
        26319068,
        32553489,
        36590348,
        42368408,
        47549657,
        51939726,
        56667706,
        60562561,
        64539937,
        68537311,
        74175930,
        78374977,
        82439194,
        85943271,
        92155770,
        96581375,
        104359298,
        108977264,
        113893249,
        117960995,
        121932120,
        126357213,
        129911403,
        133407438,
        137266110,
        141716160,
        145753308,
        149746158,
        155647657,
        159448396,
        163692046,
        170237872,
        174024797,
        178243331,
        184301351,
        189248782,
        194782522,
        198591057
    ]
}