{
    "name": "scps_tp_19",
    "flow_rate_mbps": [
        0.4494420181524521,
        0.5026120061525746,
        0.6227218143696398,
        0.7257859779010702,
        1.052992397939707,
        0.5785377404266056,
        0.4044141215257109,
        0.38702932302507753,
        0.45143067931169883,
        0.742632361030339,
        0.30274212472538453,
        0.518966241810064,
        0.6079077144116413,
        0.4480865621767841,
        0.42269349133979184,
        0.7596268174753772,
        0.3178445447055486,
        0.6819542386275207,
        0.8383405990197689,
        0.7957305102738231,
        0.3075894349715814,
        0.6281635900333221,
        0.6727606254480708,
        0.42748354343243133,
        0.7605630164177242,
        0.5744229948823882,
        0.34858860737479813,
        0.5417666966986505,
        0.888045208980787,
        0.46036577913198273,
        0.5682065530325043,
        0.5690859818425295,
        0.23367445081307292,
        0.6192656599683495,
        0.2612753425165344,
        1.1509324684350746,
        0.46316468030458924,
        0.244465259421243,
        0.5435928954118099,
        0.79265380279532,
        0.4744109268406664
    ],
    "time_stamp_us": [
        4871931,
        9465360,
        16230658,
        19847297,
        24136826,
        28550761,
        33187831,
        38756776,
        44547345,
        49169450,
        53614395,
        58391530,
        62646142,
        66968377,
        71304682,
        76136552,
        80540188,
        84986135,
        89130460,
        93449850,
        98194773,
        103076085,
        107065619,
        112989628,
        118335518,
        122516000,
        127147848,
        131201681,
        134828925,
        139975690,
        143452925,
        148116018,
        153470288,
        159801147,
        164329349,
        169104082,
        173334252,
        178292143,
        183259720,
        188397977,
        192966327,
        198923694
    ]
}