{
    "name": "tcp_4",
    "flow_rate_mbps": [
        0.2567428724783269,
        0.5837861761374468,
        0.35844031154808137,
        0.7374067790039928,
        1.04879854080203,
        0.5886147825484248,
        0.5917768294742354,
        0.43074875864023354,
        1.175616713978663,
        0.3782318725827573,
        0.8605867478081125,
        0.5296424673471102,
        2.3712919030261896,
        0.38029466057918154,
        0.9405770248808892,
        0.2700812389010825,
        1.3947501406382592,
        0.7817575964064968,
        0.3707565398971029,
        0.7968817669987008,
        0.3345913892262943,
        1.0991033405379955,
        0.36055903921777027,
        0.36575520850940685,
        0.5012303006756605,
        0.7832584237496778,
        0.5905954100465415,
        0.20865957237461996,
        0.3352179384302478,
        0.3030883191212519,
        0.45677779645136024,
        0.4400182913918362,
        0.4294146316879992,
        0.852636870104302,
        0.6587044897840709,
        0.8313873612881003,
        0.39625468164794,
        0.35702657637954793,
        0.5356214608992176,
        0.42047887872299006,
        0.19693562259102348,
        0.3701096248617118,
        0.7992332843841468,
        1.6217804328665164,
        0.6429247928792768,
        0.7574061632579147,
        0.6519016853417821,
        0.3529707975813188,
        0.2239812454007982,
        1.461128215481418,
        0.3009045452285697,
        0.5538377343001779,
        0.6214539997112809,
        1.123151304248613,
        2.1643758032544054,
        0.7566018105603066,
        0.6172585588913627,
        1.0192405101192956,
        1.1692133712085517,
        0.5644007255914489,
        0.3488310641735409,
        1.0595028602487313,
        0.5713887203887507,
        0.39215584965809075,
        0.12954039733674713,
        0.4088315659444576,
        0.5846445162407394,
        0.6441925867420781,
        0.6981757280568903,
        0.5998598432268938,
        0.613939283416866,
        0.2646038710426157,
        0.42931881429899854,
        1.5755692622781508
    ],
    "time_stamp_us": [
        4904479,
        9204501,
        11454914,
        14904526,
        16581321,
        17791849,
        19854998,
        21963090,
        24884886,
        25955439,
        29370487,
        30858588,
        33026390,
        33491959,
        37091694,
        38300654,
        43083215,
        43922247,
        45645134,
        48801491,
        50353139,
        54147618,
        55222385,
        58835441,
        61793485,
        64480633,
        66087459,
        68255847,
        73652580,
        77736371,
        81888824,
        84619955,
        87430020,
        90386603,
        91914475,
        93774854,
        95301940,
        98505940,
        102154744,
        104463240,
        107298864,
        113577464,
        116858654,
        118364297,
        119140333,
        121097887,
        122715830,
        124680298,
        128183364,
        133457377,
        134348962,
        138935134,
        141127834,
        143330668,
        144382423,
        144933307,
        146786435,
        148789615,
        149991922,
        151106107,
        153336012,
        156912299,
        158027237,
        160307156,
        163403884,
        172608117,
        175632541,
        177804117,
        179723543,
        181557809,
        183711112,
        185707140,
        190463533,
        193112194,
        193910991
    ]
}