{
    "name": "scps_tp_12",
    "flow_rate_mbps": [
        0.29906369800095917,
        0.20774143626813538,
        0.2698854862676248,
        0.1394367832119842,
        0.2929565734052724,
        0.2650504062840343,
        0.23253301075896707,
        0.468694008219854,
        0.24281783863330986,
        0.2544521539286745,
        0.1554558727627476,
        0.1406717479461289,
        0.26776877082031864,
        0.21975885463693648,
        0.2433893411250893,
        0.49230205192126053,
        0.7010180384845915,
        1.012074242776854
    ],
    "time_stamp_us": [
        11491055,
        22602534,
        33124845,
        46173935,
        59871325,
        69707049,
        79786943,
        91466317,
        100817578,
        112820650,
        121584891,
        130675059,
        143859796,
        153507523,
        163002294,
        176201886,
        185104713,
        193026221,
        198393100
    ]
}