{
    "name": "scps_tp_26",
    "flow_rate_mbps": [
        0.1937745951880656,
        0.08862488973413558,
        0.20025774130891144,
        0.40417804917242484,
        0.09747887516224404,
        0.08510121777478712,
        0.13884333441322594,
        0.20154078768031183,
        0.19427521254701569,
        0.32338889615246946,
        0.171577267858514,
        0.1320060648781867,
        0.1386519546062842,
        0.1565990282867479,
        0.33949903704193335
    ],
    "time_stamp_us": [
        3997075,
        13796502,
        31360868,
        43599496,
        50755946,
        65479136,
        84938317,
        100841133,
        109550834,
        120234235,
        127232620,
        140230146,
        156120325,
        170850734,
        183822462,
        193610531
    ]
}