{
    "name": "tcp_2",
    "flow_rate_mbps": [
        0.11070274794982798,
        0.0795072219129824,
        0.09830181264340963,
        0.11910242814652096,
        0.11708731422006344,
        0.08374265192649819,
        0.1926778910846334,
        0.09085035386708121,
        0.10945310338467215,
        0.09271644919141384,
        0.08233532776143018,
        0.11379623474847875,
        0.08146024568669201,
        0.0737073253613864
    ],
    "time_stamp_us": [
        9757899,
        21226449,
        35528546,
        48780794,
        59069753,
        69441500,
        83415741,
        90291465,
        103293946,
        116305546,
        129165400,
        143378497,
        155311405,
        170625869,
        188300096
    ]
}