{
    "name": "scps_tp_5",
    "flow_rate_mbps": [
        0.6412892576542971,
        0.4202971428571429,
        0.5281653301033313,
        0.3501838249080875,
        0.858531011333707,
        1.0317787735811776,
        0.4922101701448748,
        0.3950826916893308,
        0.8260036464563181,
        1.0902199991866943,
        0.7278587142131901,
        0.41857179071410466,
        0.850396237050651,
        1.3069967989698115,
        0.9430961419404997,
        0.6963858859682818,
        0.5880550102845824,
        0.5460277534649342
    ],
    "time_stamp_us": [
        1557431,
        2079654,
        2779654,
        3312987,
        3979654,
        4441727,
        4821320,
        5381666,
        6012987,
        6357431,
        6726296,
        7246320,
        7912987,
        8335209,
        8662916,
        9079654,
        9535229,
        10046188,
        10634583
    ]
}