{
    "name": "tcp_33",
    "flow_rate_mbps": [
        0.483752158338985,
        0.5136691256587812,
        0.30864973495565184,
        0.2724320791836568,
        0.17324997404066317,
        0.3465895758140753,
        0.11278227958582232,
        0.37757165476562776,
        0.5344797998813017,
        0.5013635175850216,
        0.23640043597744795,
        0.6242188862698409,
        0.6561249627213894,
        0.508801214758049,
        0.43151479841061663,
        0.259587409070126,
        0.19807184290606372,
        0.39739786914691466,
        0.21701258317448247,
        0.09755617243507933,
        0.34580662482800284,
        0.18959481756626484,
        0.274537044383252,
        0.5327236178560528,
        0.33193536672504814,
        0.333346986486529,
        0.18021902257491001,
        1.1290542036726274,
        0.4190434327179939,
        0.19075333599817285,
        0.2066318924089112,
        0.3672892741459486,
        0.2149235095244928,
        0.257124373476646,
        0.3269686810891474,
        0.680884514309488,
        0.11468717584362191,
        0.1750375267122058,
        0.31260469583612205,
        0.278836987607245
    ],
    "time_stamp_us": [
        4996956,
        7530154,
        10152231,
        15052543,
        19753311,
        26571667,
        30330349,
        41097998,
        44548257,
        46861684,
        49548118,
        55198869,
        57073596,
        58941289,
        61414868,
        64408230,
        69086423,
        75106057,
        78411963,
        84262315,
        96936859,
        100512499,
        108722850,
        112945231,
        115432074,
        119256915,
        123065559,
        129313956,
        130438437,
        133705306,
        140592525,
        146790213,
        150276947,
        156235532,
        161044411,
        164893587,
        166806863,
        178550809,
        185551822,
        189542549,
        194174933
    ]
}