{
    "name": "scps_tp_13",
    "flow_rate_mbps": [
        0.7217926529232803,
        0.343668750532922,
        0.5705088790012799,
        0.27512696909055157,
        0.45715292431623283,
        0.2934931240341964,
        0.35632551416960756,
        0.34831002234286007,
        0.49491426417298634,
        0.476678837862251,
        0.6003181559932622,
        0.5568102342189614,
        0.454424168941688,
        0.35592160658181266,
        0.561008348687228,
        0.5221610934798748,
        0.14546134632081412,
        0.2598826627917537,
        0.8497595160903583,
        0.4572379928133841,
        0.41523848405380437,
        0.5792999257641731,
        0.7638344310959005,
        0.3398990714713665,
        0.47256093898948776,
        0.7008070459324299,
        0.5828031883135291,
        0.36804527842256884,
        0.33127729072153717,
        0.38586263496928463,
        0.4642545614452446,
        0.37083508412346655,
        0.8710019997380158
    ],
    "time_stamp_us": [
        5147909,
        11113057,
        17023865,
        22364781,
        29025851,
        34338734,
        38476480,
        44425198,
        50510811,
        54927576,
        60161792,
        65862769,
        70779920,
        76319062,
        82398603,
        86905060,
        92000499,
        102929588,
        109811463,
        114774373,
        120617457,
        126094406,
        131392387,
        136711236,
        142785039,
        147364004,
        152688608,
        158371487,
        167100413,
        172132572,
        177511481,
        185002199,
        189795273,
        195131472
    ]
}