{
    "name": "scps_tp_9",
    "flow_rate_mbps": [
        1.4130086182278814,
        2.9400592889530524,
        1.5897716621516877,
        1.6153846153846152,
        5.875103375324551,
        2.2161303047363,
        1.381349184096899
    ],
    "time_stamp_us": [
        1628146,
        2311001,
        2596383,
        4519980,
        4663500,
        4871480,
        5132591,
        5578416
    ]
}