{
    "name": "scps_tp_16",
    "flow_rate_mbps": [
        1.0005738854117914,
        0.7337417700798017,
        1.0879091197177857,
        0.7119851840552495,
        1.3300008282387406,
        0.7864681546486536,
        0.7202148767023445,
        0.5045557640878002,
        1.9278540688446295,
        0.7330567458382481,
        0.5394414355787479,
        0.6907889661651236,
        0.8476241725366697,
        1.2855979617031337,
        1.06530277074677,
        0.8440508298247216,
        1.7290154769069437,
        0.8047988002999249,
        0.42383373067216784,
        2.3935178067877256,
        0.5392776953357263,
        0.5772878467163317,
        1.6250573667346961,
        0.7563733076955906,
        0.7910891010278743,
        1.8099760895114374,
        1.1281386908442665,
        1.3332318318027363,
        1.3409855705103053,
        0.929680781815019,
        1.0179491425794864,
        0.8672268571913585,
        1.3093220773450451,
        0.653144717941776,
        1.0699237394469034,
        0.7398527860523892,
        0.41557165663760287,
        1.1989582010728648,
        0.5948736807225721,
        0.8708770157926018,
        0.9159452878275542,
        1.46709920173014,
        1.1625358835070885,
        0.9883342571933903,
        0.6090694997866786,
        0.70352776168552,
        0.7496693260043318,
        0.6988373158019009,
        0.9414535898927764,
        0.785815214392891,
        1.273193656499841,
        1.4680558755514597,
        0.8700474395875446,
        1.0125840912399795,
        0.8068037872622497,
        1.1820798075684034,
        2.1639409668392733,
        1.9844360156648309,
        1.1895934372455945,
        0.6732056637085185,
        1.3037724690373178,
        1.2172322271168712
    ],
    "time_stamp_us": [
        3386172,
        6276993,
        10098719,
        12919837,
        16315638,
        18839065,
        21674628,
        24786366,
        28134103,
        30247209,
        33183953,
        36785901,
        40285899,
        43255517,
        46681907,
        49283083,
        52448390,
        54925823,
        58574735,
        61726537,
        64517074,
        67485489,
        70832173,
        73196348,
        75867410,
        80137776,
        83394924,
        86252445,
        89142385,
        91785098,
        95038860,
        98335842,
        101340177,
        104266027,
        108255097,
        110979179,
        114426135,
        118171915,
        121275009,
        124875370,
        127841759,
        131011730,
        135511712,
        138018783,
        141045937,
        144580509,
        147860209,
        150967499,
        154537772,
        157516315,
        161014542,
        164699763,
        167512299,
        170621095,
        174240824,
        177155436,
        180368214,
        182954828,
        185096696,
        188122133,
        192303916,
        194446253,
        197203459
    ]
}