{
    "name": "scps_tp_12",
    "flow_rate_mbps": [
        0.36497677570788634,
        0.5562344272834331,
        0.2574638188041072,
        0.26210934009419695,
        0.6035501775088755,
        0.49139937823957747,
        0.5398953702238511,
        0.5644299196725816,
        0.7417872214799119,
        0.5531718186201966,
        0.4505400629209815,
        0.41412284000909,
        0.2957886695775505,
        0.22649984672345577,
        0.40319903815543034,
        0.39602145529395855,
        0.32333737534938034,
        0.2254924689950508,
        0.5977751396293078,
        0.5220218530308702,
        0.4217457725725858,
        0.5765806913395306,
        0.7840538312752072,
        0.4937799848366433,
        0.29732195197515027,
        0.46967475873817455,
        0.5932237335830314,
        0.2725069955980317,
        0.5033674049221722,
        0.2757314019477544,
        0.40756777549996015,
        0.5266486366909502,
        0.5931223103998492,
        0.40132757175952544
    ],
    "time_stamp_us": [
        4715492,
        9797240,
        14262983,
        21766950,
        27116168,
        31615943,
        36648428,
        41678736,
        46196994,
        51941822,
        56452247,
        62676244,
        67714749,
        72454890,
        80009862,
        86197972,
        91522532,
        98214737,
        105754501,
        111184235,
        116746301,
        122112567,
        128278018,
        133966607,
        140383392,
        145321877,
        151950464,
        159115383,
        164787164,
        170379898,
        178427730,
        183330571,
        189283990,
        194123464,
        198992504
    ]
}