{
    "name": "tcp_30",
    "flow_rate_mbps": [
        0.03346190003665617,
        0.06360819080495843,
        0.05409451314112933,
        0.0634458044737721,
        0.03449334469583173,
        0.05978171031059966,
        0.06606383381708922,
        0.04722330677977777
    ],
    "time_stamp_us": [
        3887697,
        36220589,
        52535469,
        71923757,
        90716489,
        121762478,
        142445727,
        160660837,
        183337775
    ]
}