{
    "name": "scps_tp_19",
    "flow_rate_mbps": [
        0.22755450568418906,
        0.8748351697916971,
        0.30365253369578493,
        0.6589162631268097,
        0.28064114186147043,
        0.4255617035196008,
        0.29097706930009043,
        0.3872922370329116,
        0.32119422145313714,
        0.6378475507461856,
        0.8957584919031412,
        0.8333913763510568,
        0.2725484804860643,
        0.3863207131404305,
        0.46936273996128164,
        0.8307500867200017,
        0.7611267034502511,
        0.36669327649504274,
        0.5716861245310132,
        0.8666357029313063,
        0.4426605847501744,
        0.3152563599611913,
        0.43125073242311884,
        0.34548524137225717,
        0.6201673900420849,
        0.6980268637630818,
        0.5380541664807575,
        0.42490329119401593,
        0.33185729659830954,
        0.2753094321742961,
        0.8703508207565548,
        0.610737583973521
    ],
    "time_stamp_us": [
        5210404,
        13555130,
        19208675,
        25316709,
        30292880,
        37373809,
        42873552,
        49665015,
        55166597,
        60700445,
        66360230,
        71598249,
        76738115,
        84110308,
        90168694,
        96848730,
        101207586,
        106849958,
        113894974,
        119765608,
        125115953,
        131001817,
        138355832,
        144243822,
        151753260,
        157627803,
        163827679,
        169654899,
        175422988,
        182475658,
        188851611,
        194369386,
        199720031
    ]
}