{
    "name": "scps_tp_15",
    "flow_rate_mbps": [
        1.0160091203621244,
        0.31388799792447253,
        0.66297199574293,
        0.6769537276531323,
        1.1886747545856815,
        0.4322545571064939,
        0.33208639248036864,
        0.25249900873277037,
        0.5662636259524325,
        0.4521170716680873,
        0.3694225245260724,
        0.6079260945025069,
        0.5628126439530982,
        0.34689935901495955,
        0.30706054074690176,
        0.4883741808061765,
        0.30546980248025324,
        0.8308721369869407,
        0.4746655909742509,
        0.75956676359133,
        0.43993458572719774,
        0.6139475136674458,
        0.20890117608583114,
        0.7783068026237816,
        0.5565997016951344,
        0.23723593048820765,
        0.5143348733896788,
        0.7867319220145105,
        0.9914052765689955
    ],
    "time_stamp_us": [
        1680699,
        5784922,
        11412407,
        18373063,
        26608781,
        31549813,
        38215885,
        44565558,
        53922268,
        59693149,
        65822181,
        75474868,
        80450736,
        85354677,
        93469999,
        98719257,
        106405167,
        111970889,
        116727722,
        125310101,
        130121054,
        138552853,
        143821577,
        154444016,
        160316456,
        165513153,
        180218514,
        187409160,
        193429203,
        199041600
    ]
}