{
    "name": "tcp_31",
    "flow_rate_mbps": [
        0.04530779152008931,
        0.03104623534390429,
        0.07438308027477272,
        0.08744783614575705,
        0.08634651850763281,
        0.04447812476566264,
        0.05294227414890657,
        0.04540905281101134
    ],
    "time_stamp_us": [
        8789843,
        33887513,
        68380584,
        83222669,
        96731065,
        111306754,
        134390461,
        155868949,
        181883145
    ]
}