{
    "name": "tcp_7",
    "flow_rate_mbps": [
        0.0958980614468493,
        0.09645500401521413,
        0.15947050577143526,
        0.177406774057075,
        0.17937173715062657,
        0.18466434774720786,
        0.11761728851410072,
        0.062172644849716595,
        0.20064140137967826,
        0.3714489970740114,
        0.12293991357803302,
        0.12848828935681267,
        0.21221542040585545,
        0.4928204746670635,
        0.6344941539898346,
        0.08724431145537977,
        0.107695573536855,
        0.12024333735979738,
        0.40120174850865553,
        0.07308818778368015
    ],
    "time_stamp_us": [
        8301334,
        22000881,
        34018920,
        42118725,
        49150700,
        57336605,
        63554156,
        75287125,
        94464691,
        100792398,
        104150921,
        114567717,
        124019162,
        130417943,
        132837323,
        134786088,
        151109903,
        162693666,
        174354021,
        177628583,
        194999379
    ]
}