{
    "name": "scps_tp_36",
    "flow_rate_mbps": [
        0.8678658104892845,
        0.8011344655119,
        1.5470826512090292,
        0.3328550228730515,
        0.6822416334248963,
        0.8440005513719392,
        0.7105151851404415,
        0.8980808696118235,
        1.0354184491852911,
        0.8155107343145704,
        0.5485532133548361,
        1.1300167099938723,
        0.44475642601223614,
        1.1699578253770104,
        0.6955886094319407,
        0.9994021019818655,
        1.036727025804774,
        1.4138820203004294,
        0.4347163134233575,
        0.4183268945122383,
        1.3209756827448484,
        0.7584994535689323,
        0.23869266442492348,
        0.25660919767322404,
        0.3674510730908113,
        0.772520076582846,
        0.6621095913764491,
        0.4874443533664414,
        0.2672469366114726,
        0.8547887338167761,
        1.5544925750655056,
        1.1867710970617298,
        0.725998476638357,
        0.3408056060052582,
        1.1093889938456651,
        0.4353861053978325,
        0.7386137395881556,
        0.9569744130042904,
        0.5284726551828008,
        0.988204793748713,
        0.7816244047669909,
        0.7991181307397798,
        0.8714356191415885,
        0.41778542538363794,
        1.1161203141712384,
        0.8829756821302778,
        0.8785054476733207,
        0.4982245364520311,
        0.9802367721671902,
        0.7017530043406736
    ],
    "time_stamp_us": [
        2167175,
        6365059,
        10154685,
        13187490,
        17101266,
        20661295,
        26639111,
        30306084,
        33981655,
        38235935,
        41769230,
        45955369,
        50400613,
        54670096,
        59039074,
        62387950,
        65182741,
        68824664,
        71846472,
        76620896,
        80183660,
        84354032,
        88720548,
        92929475,
        97231737,
        101648325,
        105964174,
        109565753,
        113733121,
        117533651,
        121692433,
        125215023,
        129140700,
        132638228,
        137302940,
        141741275,
        145874434,
        150507979,
        154464950,
        157890974,
        161834610,
        165111478,
        169394199,
        172637399,
        177023957,
        181425633,
        185626700,
        189534974,
        192969570,
        196280770,
        199836209
    ]
}