{
    "name": "scps_tp_29",
    "flow_rate_mbps": [
        1.1317941956231417,
        0.3723111058393397,
        0.5800155676787154,
        0.1708118992524757,
        0.6348189152764369,
        1.163965571019439,
        1.0801687354714653,
        0.501583481578083,
        0.43924223405442775,
        0.7562104959378293,
        0.5203368949022943,
        0.6195654416366132,
        1.4052635389976234,
        0.830768593500818,
        0.6492098352890626,
        0.47661946234240915,
        0.6747137598270764,
        2.383071658487344,
        1.2380796365463163,
        0.5138400439493398,
        0.5844502161033576,
        1.106900156821746,
        0.46708768491011,
        1.0557579524828002,
        0.8318468913906943,
        0.504191712317116,
        0.6219527430034021,
        0.725585827854105,
        0.8282471899153337,
        0.4023330411801494,
        0.4277492853940587,
        1.2174343103188947,
        0.6333417390706311,
        0.5440477422094928,
        1.351183646968115,
        0.5141115930049691
    ],
    "time_stamp_us": [
        4100905,
        5517629,
        6377555,
        8159452,
        17338953,
        25877829,
        29757119,
        33058381,
        34595816,
        38681088,
        43338204,
        47899864,
        56043120,
        59979065,
        61427555,
        62972929,
        64355147,
        66177917,
        66492939,
        66859203,
        72937110,
        75732763,
        76222491,
        77855041,
        80030085,
        80881559,
        81545846,
        85676282,
        87136950,
        89618103,
        91402555,
        96434699,
        97219221,
        98266125,
        99735349,
        100548556,
        102585888
    ]
}