{
    "name": "tcp_33",
    "flow_rate_mbps": [
        0.6650663914990196,
        0.4514075340004312,
        0.5022457694326988,
        0.4371525591349664,
        0.15181382257693532,
        0.3110481475889362,
        0.3227207894644,
        0.44813638933588484,
        0.23052303916646988,
        0.23465492956019368,
        0.8242925882307913,
        0.325637631257922,
        0.4795949314950577,
        0.5079024207415437,
        0.5894584787078512,
        0.18447264126724683,
        0.2682372277770168,
        0.8082382489115918,
        0.2820008871714018,
        0.3247442694906793,
        0.32872914976247486,
        0.7800244893169929,
        0.5063404168444072,
        0.3507239746868784,
        0.5728489375831524,
        0.2933784840593135,
        0.9827936061860979,
        0.9010396923147487,
        0.281468077857673,
        1.053765769866866,
        0.2613814332775287,
        0.3747110409863134,
        0.42511594286119614,
        0.2855551084697813,
        0.49718651812618975,
        0.5919288330113325,
        0.4134524573933566,
        0.38733379441593774,
        0.31326917186404635,
        0.25149644519123154,
        0.3385227173647275,
        0.2111570947650286,
        0.21161623662115817,
        0.36217125786313054,
        0.3178574654502755,
        0.3219613738868972,
        0.41452494581500193,
        0.302427432140448,
        0.11657872347520493,
        0.32923319084816316,
        1.170541932287265,
        0.40603533173655604,
        0.4625646053517171,
        0.23409163889935822
    ],
    "time_stamp_us": [
        1544746,
        3050737,
        6181212,
        8621133,
        11727417,
        19435806,
        23588475,
        27556735,
        30315895,
        36062826,
        40955798,
        42549601,
        46244997,
        48731095,
        51100369,
        53160565,
        60401964,
        64600039,
        66293797,
        71109101,
        74678679,
        78843080,
        80428261,
        82892058,
        86354610,
        88551629,
        92766253,
        93912048,
        95394602,
        99826792,
        100916370,
        106027062,
        109297422,
        112257932,
        116704009,
        119190963,
        121410419,
        124347637,
        127625430,
        131572451,
        136313353,
        140063766,
        145762651,
        151553511,
        154876138,
        158418858,
        162396478,
        165485894,
        169574412,
        180370207,
        184058778,
        185039657,
        188329617,
        190954980,
        196189853
    ]
}