{
    "name": "tcp_32",
    "flow_rate_mbps": [
        0.05335007503361058,
        0.0283151639614989,
        0.0454728211894491,
        0.02490418599438659,
        0.03944623885843915
    ],
    "time_stamp_us": [
        25132922,
        44998686,
        80089424,
        103396533,
        147726430,
        175154140
    ]
}