{
    "name": "tcp_19",
    "flow_rate_mbps": [
        0.08068820741282826,
        0.04748506956991072,
        0.050729451510780836,
        0.03369258135398138,
        0.05524429936441113,
        0.08369163931274169,
        0.04933860014661123
    ],
    "time_stamp_us": [
        20017473,
        36983521,
        60000440,
        84809697,
        116921217,
        137105019,
        151615429,
        175110218
    ]
}