{
    "name": "scps_tp_2",
    "flow_rate_mbps": [
        0.4231618311221372,
        0.5842449060192378,
        0.7392502717346455,
        0.5207668707797215,
        0.7857001287478266,
        0.8272399685112705,
        0.5708581220397386,
        0.45882801585233374,
        0.7889921801565937,
        0.6492681809140374,
        0.4691564912280702,
        0.5136661890814892,
        0.3770627889047146,
        0.8171052631578948,
        0.7370509302829067,
        0.5700400426236149,
        0.44736843169177765,
        0.6029734406028086,
        0.4281573535126827,
        0.8306499907918445,
        0.8485281762104673,
        0.9014227856958569,
        0.7936936316384384,
        1.0507821318254147,
        0.5009464755499571,
        1.2756238119663277,
        0.4934789238155801,
        0.567492776864979,
        0.45695555555555556,
        0.2941384258375066,
        0.5232088023362236,
        1.018455094531738,
        0.42970696557245797,
        0.7213912203221503,
        0.0,
        0.8263427221332308,
        0.5957077117298111,
        0.49601468948395966,
        0.33031982403647914,
        0.5062492088026754,
        0.6025964903121079,
        0.7949111681337062,
        0.5658050207423545,
        0.6380215185684421,
        2.290878282970912,
        0.5713037408822322,
        1.526064118448133,
        0.45295980697235216
    ],
    "time_stamp_us": [
        1914135,
        3447468,
        4986932,
        7107567,
        9333131,
        13056689,
        13958599,
        14923252,
        17175791,
        18394997,
        20380802,
        23230802,
        25266739,
        26754470,
        27605670,
        29416302,
        30892479,
        33365966,
        34336357,
        36626487,
        41198521,
        45557127,
        49770200,
        52426943,
        53153419,
        54167180,
        54697468,
        56389520,
        57914135,
        59714135,
        60305802,
        61795043,
        62486451,
        63423201,
        67670350,
        67780750,
        69089863,
        72036543,
        74473116,
        76214386,
        80314185,
        84527950,
        89166657,
        94493439,
        97590764,
        98065258,
        99379039,
        99769691,
        103994578
    ]
}