{
    "name": "tcp_7",
    "flow_rate_mbps": [
        0.32845845008782415,
        0.16441641467487775,
        0.2182676193947603,
        0.7043481589547065,
        0.3020720720540793,
        0.459022433904232,
        0.13028309274498717,
        0.07661489933823953,
        0.27615089674000437,
        0.23525024638414616,
        0.22358156360599085,
        0.19714969946393587,
        0.13124496240463598,
        0.2961061842547923,
        0.2013612836681434,
        0.18920632744348662,
        0.407910129322388,
        0.11711889824909949,
        0.1220330402712278,
        0.26610293491427983,
        0.09768710402119875,
        0.22278634730004243,
        0.16036959035759546,
        0.130408519295012,
        0.10680913565335387,
        0.1838452371774967
    ],
    "time_stamp_us": [
        6582250,
        10985364,
        18505781,
        24069593,
        25715370,
        30722387,
        33512316,
        42494602,
        58921694,
        63119399,
        68375419,
        73658860,
        80602619,
        89434958,
        93759893,
        99736017,
        106212756,
        109487595,
        119856545,
        129717481,
        134073690,
        146844260,
        152443885,
        159878711,
        169106329,
        180372781,
        187338640
    ]
}