{
    "name": "tcp_23",
    "flow_rate_mbps": [
        0.5934552041761184,
        0.4492474270564413,
        0.5127421930090574,
        0.2807600346383806,
        0.2893687708440091,
        0.44376263036006663,
        0.31707002173769844,
        0.23216149479418577,
        0.19179956613250637,
        0.2280714471879249,
        0.5554029538985363,
        0.4602397930780307,
        0.35117621627542434,
        0.23159141409391762,
        0.17146410265855122,
        0.2046365098011328,
        0.3502864701023214,
        0.38064555279112494,
        0.4493710729789909,
        0.19681931941098127,
        0.2979938463301217,
        0.3009956418100204,
        0.5057198101535162,
        0.2579570935451822,
        0.28903600557825526,
        0.2785811757152521,
        0.514107270037802,
        0.5345211581291759,
        0.5710071251559732,
        0.34922468841819015,
        0.5025057009817979,
        0.7829087826987633,
        0.6227586969269213,
        0.26609777383235456,
        0.28785382032081097,
        0.14958598106936644,
        0.23729586811939,
        0.25114283857269754,
        0.22215929753046137,
        0.17146035563400075,
        0.25834770703777576,
        0.20002818432548872,
        0.30149614242064476,
        0.28450792775564177,
        0.1847599741851321,
        0.2709186774008716,
        0.47034245973495303,
        0.13471259555379922
    ],
    "time_stamp_us": [
        1710882,
        2205504,
        2780332,
        3327726,
        4681138,
        8839707,
        11551427,
        15346677,
        20767731,
        27272021,
        32693480,
        34681226,
        37391813,
        41007092,
        46632171,
        53907863,
        59518592,
        63143054,
        66043390,
        68942375,
        75112501,
        78743180,
        82924503,
        85107530,
        90200470,
        94211043,
        98768422,
        100958782,
        103333992,
        105344755,
        109201527,
        111398517,
        112865048,
        115063267,
        119461049,
        123871621,
        131694814,
        136859000,
        141474700,
        147040436,
        154316287,
        159145128,
        165105888,
        169207035,
        173320242,
        180430873,
        184750398,
        187379291,
        196312086
    ]
}