{
    "name": "scps_tp_12",
    "flow_rate_mbps": [
        0.3792201999198347,
        0.4451317811763435,
        0.5604230683261242,
        0.47770726981904194,
        0.4049902019608918,
        0.5304246201791976,
        1.089923610979143,
        0.4008230149587688,
        0.491122622484084,
        0.8549985841990155,
        1.0012254383304764,
        0.7243856828844197,
        0.308766577720361,
        0.4231990754434613,
        0.36150547110685927,
        0.9349872101102079,
        0.6451291027240089,
        0.5806682002773788,
        0.3405905685323931,
        0.5471028842626577,
        0.49778194986326646,
        0.9905144877012632,
        0.5135859704900733,
        0.5052894170808508,
        0.3577034962210947,
        0.5220832105233216,
        0.7559084005639376,
        1.187169162557119,
        0.2582938124019952,
        0.5857135632197585,
        0.49130945503151957,
        0.4312102478052804,
        0.3694472619500993,
        0.5951107164093555,
        0.41234953736126007,
        0.43700784461146636,
        0.5998567613519196,
        0.771055753262159,
        0.9834041571778367,
        0.35144956795606885,
        0.5359054204600341,
        0.3118551778128708,
        0.20447167820785245,
        0.25500315188309036,
        0.5638501979604499,
        0.8618744379869047,
        1.1326953277658223,
        0.25843978787588684
    ],
    "time_stamp_us": [
        2862998,
        6996955,
        11386846,
        15050935,
        19765454,
        24127041,
        27977541,
        32292559,
        36148625,
        39992553,
        44950877,
        48093426,
        51537779,
        55649623,
        59510501,
        63053020,
        67516311,
        71144236,
        75117865,
        78521365,
        83586299,
        87267911,
        90968291,
        95482433,
        100158090,
        104417260,
        108688763,
        111828826,
        114879040,
        118640338,
        122673982,
        126426566,
        130906979,
        135150291,
        139955044,
        144881350,
        148898120,
        153572836,
        156364852,
        160709434,
        164981569,
        169513712,
        173974244,
        178185683,
        182644922,
        186071364,
        189555491,
        193434663,
        199158859
    ]
}