{
    "name": "tcp_37",
    "flow_rate_mbps": [
        0.07857580440360393,
        0.09025263509354273,
        0.1272906253909033,
        0.0678673984059658,
        0.1134017681856829,
        0.0667787025333611,
        0.06486557945335765,
        0.06849365902533606,
        0.09420503328911038,
        0.09342611825366001,
        0.06395443478240721,
        0.061289699473757
    ],
    "time_stamp_us": [
        14947574,
        30262212,
        44207068,
        53400518,
        71619575,
        81062814,
        98586964,
        114925984,
        132172544,
        144477619,
        156767116,
        175755635,
        194128706
    ]
}