{
    "name": "scps_tp_26",
    "flow_rate_mbps": [
        0.39656349949088526,
        0.26314787119437777,
        0.341953441271554,
        0.47054952505225794,
        0.5606583488186886,
        0.4148049071858925,
        0.22254034266123257,
        0.32509696165579244,
        0.2829088862704861,
        0.24817547447575924,
        0.49267015031638584,
        0.3420111296598381,
        0.47893628804714455,
        0.2736999384914297,
        0.31073807690760186,
        0.42981521963848157,
        0.47457534211006525,
        0.3268100618628092,
        0.32933173572970387,
        0.2748169705382041,
        0.3250775703101708,
        0.3010689642914015,
        0.19094862529647366,
        0.35019462541865787,
        0.4702931118326616,
        0.2703696759025544,
        0.3771895571374757,
        0.17969580794703863,
        0.36611072431779024
    ],
    "time_stamp_us": [
        5577433,
        11841247,
        20190013,
        26517892,
        32547608,
        37746068,
        43840885,
        52423239,
        57211472,
        63142993,
        68792544,
        74685980,
        80980512,
        87388713,
        96101320,
        101643737,
        108681552,
        115613897,
        120512155,
        128155269,
        134864025,
        141384561,
        147545010,
        155176801,
        163184234,
        170696145,
        177351921,
        184171622,
        192649950,
        198258745
    ]
}