{
    "name": "scps_tp_23",
    "flow_rate_mbps": [
        0.4869534363028786,
        0.721165778435554,
        0.5750098417099675,
        0.58654908158922,
        0.57077986337809,
        0.25231123919308357,
        0.5520086251347677,
        0.6069423093397246,
        0.5539954327918247,
        0.41169478367461126,
        0.9367020416958466,
        0.653680163800539,
        0.7562912663506729,
        0.42352327773580023,
        0.3783085196948584,
        0.538686356458932,
        0.39692812149452067,
        0.6809834818305404,
        0.27850865548408515,
        0.7593720812178657,
        0.45523645630307313,
        0.6397715759417887,
        0.6203383394017911,
        0.5308655050636009,
        0.6271058665565187,
        0.6172331506901229,
        0.3388421168938942,
        0.6214614689157498,
        0.5000315079715169,
        0.7258869165933213,
        0.5856401039608365,
        0.48577034031739497,
        0.3022265323920115,
        0.4281552365857687,
        0.8344795691545702,
        0.541538011000174,
        1.1079272062578962
    ],
    "time_stamp_us": [
        5231698,
        9312581,
        14884892,
        20318399,
        26906083,
        32399199,
        37387324,
        42187249,
        47498594,
        52759576,
        58793172,
        63248292,
        68399435,
        73596163,
        78314298,
        83537971,
        88927972,
        94768828,
        99324357,
        104239680,
        109211788,
        114668293,
        119879653,
        124666976,
        129595682,
        134260923,
        138535742,
        144563328,
        150692107,
        156785803,
        162261036,
        169217117,
        173739748,
        180095775,
        184582372,
        189609697,
        195073247,
        199537367
    ]
}