{
    "name": "tcp_43",
    "flow_rate_mbps": [
        0.2166755243736723,
        0.21657714309882628,
        0.1911707939230269,
        0.13715717800905533,
        0.23240770864830723,
        0.10336535105622872,
        0.21121589038802688,
        0.26907874430805623,
        0.15219208485861702,
        0.20942213291550982,
        0.10272831771833954,
        0.24182953834963197,
        0.14325947208169773,
        0.1933193195668686,
        0.09482408967060654,
        0.18705531747945647,
        0.2392893568496458,
        0.2467201089783321,
        0.14141370864032193,
        0.2457518475424912,
        0.2542494164403437,
        0.1990828996857128,
        0.18983976082967147,
        0.1865788464342318,
        0.13274343345521414,
        0.21876129956332613,
        0.16029258374564131
    ],
    "time_stamp_us": [
        3391212,
        9199713,
        14755978,
        21281661,
        30618686,
        36366516,
        48328745,
        54182850,
        58696027,
        66675417,
        72579664,
        83863797,
        89159428,
        98561110,
        105071375,
        119741065,
        126587382,
        131570136,
        136626554,
        145682536,
        150848723,
        155711979,
        161922859,
        168145370,
        175127512,
        184525491,
        190228145,
        197942039
    ]
}