{
    "name": "scps_tp_18",
    "flow_rate_mbps": [
        1.0724644135406805,
        1.1188750838174069,
        0.9034714095278503,
        0.48587283743594567,
        0.9269052825917337,
        0.4438284800905534,
        0.6706514016050596,
        0.95720945264652,
        0.2818392611095472,
        0.9074020169434645,
        0.524542149313439,
        1.3816726162226853,
        0.9287071385838389,
        0.9326597126336679,
        1.2537528984857698,
        0.8574381175429338,
        1.736596415247605,
        0.37052355039631457,
        0.5225446480736935,
        1.7399648740902403,
        0.301932124098066,
        0.3401791206661057,
        1.417678364855381,
        0.7124480020104352,
        0.5788990984796473,
        1.1851374743367817,
        0.8115337130039058,
        0.8328136501245041,
        0.6258165347053589,
        0.6835631708970343,
        0.5198093067198111,
        0.46473016342474993,
        0.36527067351906445,
        0.2992957279953982,
        0.9184385178472612,
        1.1561382904634268,
        1.2387943775959436,
        1.0924582495325361,
        1.099893461495353,
        0.6657847589255467,
        0.5845237508026749,
        1.1445167404003505,
        0.4137272532218857,
        0.4824596898195956,
        0.7839003433903226,
        0.23833348934390242,
        0.3624302589225794,
        0.5485534993141976
    ],
    "time_stamp_us": [
        2810253,
        6896990,
        10419528,
        14855219,
        19081510,
        23631360,
        27462029,
        31528046,
        35760850,
        40069689,
        43439838,
        46870487,
        51329083,
        54942881,
        58967500,
        61767669,
        65347076,
        68176058,
        72049496,
        75429877,
        79008432,
        82884270,
        86454154,
        91025346,
        93954065,
        98855230,
        103624702,
        107950733,
        112272276,
        115641698,
        119647063,
        123873536,
        127531917,
        131823748,
        136729665,
        140768520,
        145437996,
        149430523,
        153321198,
        157416431,
        161794062,
        166213660,
        170120287,
        173909450,
        178852122,
        183415151,
        189205357,
        192921603,
        197449876
    ]
}