{
    "name": "scps_tp_31",
    "flow_rate_mbps": [
        0.3002036442403765,
        0.5589009831730821,
        0.1699245805756503,
        0.2248768471641598,
        0.28100515827859374,
        0.20386357148529533,
        0.3921391868746056,
        0.16575812140795737,
        0.3199812184936971,
        0.5337157719980055,
        0.3064149304912238,
        0.2670037160961432,
        0.33913002148950616,
        0.3246655519262486,
        0.5640883068375023,
        0.18729721132435584,
        0.44495076174435516,
        0.20309664390544377,
        0.1489414827725806,
        0.29295749258177833,
        0.25842022055944514,
        0.5407633507786948,
        0.2794550963128056,
        0.5366575742002363
    ],
    "time_stamp_us": [
        5810090,
        14856749,
        21355503,
        30971063,
        42655325,
        48823468,
        58733625,
        66898073,
        77154946,
        85435432,
        91496186,
        98377835,
        104083823,
        112352510,
        118133228,
        125452933,
        131583083,
        137835640,
        146043752,
        155531505,
        162277057,
        169326041,
        175471132,
        183767277,
        190597107
    ]
}