{
    "name": "scps_tp_10",
    "flow_rate_mbps": [
        1.8677377007578901,
        1.0267459608463718,
        1.755785608592174,
        1.493881475107653,
        1.5245045668719774,
        1.1367420644072028,
        1.6314158490005657,
        1.7194524266904225,
        1.9655127755494448,
        1.7160321233752485,
        1.4474938576842888,
        1.969077695280334,
        1.4962749106042808,
        1.7733686293659563,
        2.2570708209329187,
        2.8458736339655823,
        5.106382978723404,
        1.1458333333333333,
        5.851063829787235,
        6.354166666666667,
        5.729166666666668,
        7.448979591836735,
        2.122709082534303,
        1.8495892182894684,
        1.1792924295839,
        1.3907059298836542,
        2.6543725859309757,
        0.9482712542112725,
        1.1515190778002258,
        1.2632670002991193,
        0.915693689905041,
        0.6693153066915036,
        1.9612121711165857,
        1.7040072595582112,
        1.4220775680412605,
        1.1960417823921197,
        0.7752311491730333,
        1.132443588885565,
        2.1580574438947817,
        1.7279884116933086,
        1.5659334009836272,
        0.9016046570488485,
        1.5808252280696355,
        1.3614556564218032,
        1.7045208629415287,
        2.044409389413762,
        1.2068094985388953,
        1.5149854548527901,
        1.3308116935398024,
        1.4823801197250213,
        1.038525506798566,
        1.164300330552495,
        1.4687771523554076,
        1.751872340984104,
        1.4053395990885909,
        0.7928797974709214,
        1.8433117125683431,
        1.3594978563524718,
        1.0175432257132015,
        2.735641547861507,
        2.355661287702905,
        1.545639694163355,
        1.839225708683135
    ],
    "time_stamp_us": [
        2194054,
        2808787,
        6726687,
        9952320,
        13122692,
        16395939,
        20649780,
        23397234,
        26376415,
        29549938,
        32766661,
        35863213,
        38789903,
        42213445,
        45170529,
        48217806,
        50048836,
        50152612,
        50258596,
        50362372,
        50468356,
        50574340,
        50682532,
        53048942,
        56170673,
        59344237,
        62868893,
        65626426,
        69386869,
        73384788,
        76985357,
        81964664,
        88694407,
        91317601,
        94213645,
        97350014,
        101771398,
        107225668,
        110608512,
        113289145,
        116751946,
        120594255,
        125039130,
        128419238,
        132189908,
        135350632,
        138266682,
        142612024,
        145913125,
        149247992,
        152226985,
        156117732,
        159929532,
        162973697,
        166401892,
        169607039,
        173394347,
        176574623,
        181154667,
        184973748,
        187625148,
        190765158,
        194486491,
        197727855
    ]
}