{
    "name": "scps_tp_16",
    "flow_rate_mbps": [
        1.1809111573817004,
        0.6766764673807628,
        0.8158394924476815,
        1.4766648352669474,
        1.010744237032639,
        1.051141313715581,
        0.6445206410016694,
        0.8504981100974488,
        1.33145242045712,
        1.5154311737400499,
        0.7434963312637899,
        0.9649159349828587,
        0.6419901455944068,
        0.9919480812158965,
        0.8386543536717328,
        0.8120147129153658,
        0.38660837913499846,
        0.5087457964532953,
        1.0497682995788828,
        0.5167936718477648,
        0.3828986330847644,
        0.5202967401503898,
        0.6518116262312558,
        0.8634786031661088,
        1.844519071725728,
        1.128074190526255,
        1.4212068214221656,
        0.7638310588953158,
        0.6849654685711527,
        1.2904473360280184,
        0.6016920379062449,
        0.6858423114446328,
        1.5096294819300682,
        0.9883528061650947,
        1.3780030931658598,
        0.8961548139910547,
        0.954030585500376,
        0.7686669989153059,
        0.8075903960465785,
        0.7215983077960724,
        1.3033129735844806,
        0.6193933531403303,
        0.9430967795490197,
        1.039543128328021,
        0.8035666581576619,
        0.5221210270309034,
        0.5648714528813871,
        0.5183244004898797,
        1.0050463582679354,
        0.4962972350616091,
        1.127910258826068,
        0.2775955217821406,
        1.2146242649517176
    ],
    "time_stamp_us": [
        3312520,
        6444339,
        10213112,
        13893836,
        17714229,
        21001945,
        25266110,
        28983105,
        33630170,
        36366430,
        40577192,
        44942728,
        48615421,
        52639408,
        56712847,
        60319768,
        63514784,
        67484072,
        70956140,
        73921823,
        77361184,
        81253598,
        84818333,
        87884004,
        91770794,
        94883150,
        98132298,
        101845424,
        105444335,
        109360912,
        112825757,
        116899070,
        119893111,
        123915290,
        127366851,
        131284520,
        135596275,
        139808467,
        143083123,
        146035907,
        149585361,
        153829192,
        157447442,
        162001121,
        165611938,
        169486265,
        172721377,
        176200257,
        179693359,
        183735680,
        187917690,
        191754591,
        196407692,
        199916135
    ]
}