{
    "name": "scps_tp_30",
    "flow_rate_mbps": [
        0.14106794423342014,
        0.8897368674671869,
        0.12740275802736908,
        0.13717929255520112,
        0.1649848319427323,
        0.24331350214581002,
        0.28182294091956883,
        0.1474819906737697,
        0.3689934356018766,
        0.18336123899415915,
        0.4681684528091444,
        0.3409073010108205,
        0.5473370279556338,
        0.2013834235778357,
        0.09053754187529459
    ],
    "time_stamp_us": [
        9485418,
        25059190,
        32218700,
        53015738,
        72652521,
        85634078,
        96069997,
        104022224,
        115550140,
        122401644,
        136370136,
        146698726,
        157936033,
        165741973,
        177144699,
        194094132
    ]
}