{
    "name": "scps_tp_0",
    "flow_rate_mbps": [
        1.4253051787222708,
        1.015188368268609,
        1.1678724200833221,
        1.4667281739874356,
        0.7690872480294259,
        1.9272919248900335,
        2.1730109224726286,
        0.7352117729563407,
        1.4943438743150317,
        0.921911642071606,
        1.0597737029453662,
        0.7798697242794682,
        1.8306624455134626,
        1.157507397063837,
        1.9437752509866049,
        1.295435077659612,
        2.296420207427233,
        0.8151271659832673,
        1.1521336652595688,
        0.7291186056046957,
        0.7395448851494832,
        1.37855461794213,
        2.0878813577460305,
        1.6712321389987659,
        0.6974888274100872,
        1.040350043980967,
        0.8267407594868136,
        0.59722321837767,
        0.830016713929612,
        1.2741860816054058,
        1.3403364905239206,
        1.7426467332752844,
        1.296969879065575,
        0.8943106038780226,
        1.8428080885158338,
        2.0470179170366367,
        0.8491863728736125,
        1.526287296509711,
        1.4367940450945602,
        1.504416182676712,
        1.2881607952894991,
        1.0228582157412076,
        1.4979756026341136,
        1.3960940502221604,
        0.9902922582567105,
        1.9301471683858027,
        1.6329664137263844,
        2.3618702485828447,
        1.2558168023636982,
        1.8005313752225913,
        1.2602699763128606,
        1.3678962444997693,
        0.5525659438561811,
        0.8048068888128416,
        0.8361765135294186,
        0.5678818831380658,
        0.3519403424068204,
        0.4791134149820881,
        1.5442867060738557,
        0.8313273393427344,
        0.7828346353001558
    ],
    "time_stamp_us": [
        3585556,
        6652857,
        9643435,
        12781860,
        15762535,
        19064111,
        22386493,
        25145209,
        28088361,
        31464612,
        34937396,
        38635544,
        41594192,
        44410484,
        47481635,
        49935252,
        52747589,
        55497469,
        59520007,
        62547989,
        65818568,
        69401312,
        72292340,
        75142387,
        78187709,
        81195069,
        84654520,
        88420247,
        91710675,
        94876298,
        98004130,
        101331772,
        104448686,
        107776936,
        110616218,
        113174314,
        116442600,
        119445757,
        123055143,
        126243909,
        129105883,
        132379760,
        135639332,
        139081097,
        142339101,
        145672420,
        149195799,
        152535586,
        154606284,
        157691957,
        161383134,
        164221383,
        167336707,
        171132815,
        174274140,
        178287838,
        182895275,
        186220384,
        189630683,
        192347277,
        195202470,
        198164015
    ]
}