{
    "name": "tcp_7",
    "flow_rate_mbps": [
        0.12068137803580066,
        0.1730219252125025,
        0.3236333399439912,
        0.635585383859396,
        0.6876295466227021,
        0.25025550858774953,
        0.3573169024535803,
        0.2823511189903165,
        0.22741567832217097,
        0.13729144742057786,
        0.35629578755874985,
        0.13323454308834784,
        0.3514390923795212,
        0.1431020572430881,
        0.23499630771548288,
        0.2623974465671645,
        0.27309340200679694,
        0.5315295875612273,
        0.3821120114767276,
        0.13875882285846317,
        0.48880843234938054,
        0.29169535491311155,
        0.9945560824655911,
        0.11584104216645415,
        0.42588326380560754,
        0.15091406567689994,
        0.4493842652344088,
        0.29802795851612884,
        0.1531419623486727,
        0.20690851312142283,
        0.26343964087470273,
        0.41534256678344056,
        0.15960631171656356,
        0.30921860109033744,
        0.46702071593627115,
        0.29647162100970365,
        0.17024972710779274,
        0.7764660919784279
    ],
    "time_stamp_us": [
        5200156,
        15171537,
        21807459,
        25730417,
        27693206,
        29539549,
        34612764,
        38413088,
        42596815,
        48956271,
        58605816,
        62138162,
        70755747,
        74242667,
        82188884,
        87685481,
        93197120,
        98129059,
        100413786,
        103765264,
        113312765,
        115887516,
        120391393,
        121656842,
        131187143,
        134142319,
        141969820,
        144819586,
        149005502,
        157151669,
        163447785,
        168183291,
        171133723,
        179918338,
        184095577,
        186932282,
        191251886,
        198449783,
        199956919
    ]
}