{
    "name": "tcp_29",
    "flow_rate_mbps": [
        0.17147106106072268,
        0.05627994313830553,
        0.11596086170864459,
        0.08593064971517196,
        0.09148053154141224,
        0.03776753187228244,
        0.05908449258736433,
        0.12887195748712651,
        0.14519697668168122,
        0.1667942468071391,
        0.17042231797731952,
        0.08679272838765363,
        0.14014260981759916,
        0.08133188000216525
    ],
    "time_stamp_us": [
        13537410,
        21199111,
        41207660,
        51870568,
        66645273,
        79437503,
        108961275,
        128020083,
        137272057,
        146168110,
        153713694,
        161292983,
        174521741,
        183738638,
        199348753
    ]
}