{
    "name": "tcp_1",
    "flow_rate_mbps": [
        0.23622097370064668,
        0.3367462706791962,
        0.0857271237913824,
        0.23021841555113062,
        0.3589783484953833,
        0.2617416249792551,
        0.29707606115891955,
        0.17548912730406924,
        0.22347586868661937,
        0.16287045958405358,
        0.45514117827970657,
        0.330512589832232,
        0.2639238626965127,
        0.2515011278597468,
        0.1565774748946962,
        0.2293999536576333,
        0.28150992270560476,
        0.15914624292411494,
        0.28551261580334086,
        0.4186100917283513,
        0.3241523343836278,
        0.5178438807020287,
        0.384299205336078,
        0.14022793015971077,
        0.1628865508516262,
        0.15803912691243577,
        0.25720717013324135,
        0.3356286196360983,
        0.29052696924644456,
        0.21364664827698748,
        0.25876202579927593,
        0.22451501449511146,
        0.4476379472344275,
        0.7769734136654808,
        0.31919507329343394,
        0.3130516786424057,
        0.24193938104366142,
        0.2754397076222702
    ],
    "time_stamp_us": [
        2707931,
        8362975,
        12067604,
        25460798,
        30975561,
        34266233,
        39201176,
        43103207,
        50463663,
        56095412,
        63958348,
        66383969,
        70325483,
        75094131,
        79966634,
        88075080,
        93802021,
        98155118,
        106063316,
        110548722,
        113344259,
        117805865,
        119980420,
        123571372,
        132940119,
        140734501,
        148977523,
        153570241,
        157056952,
        161502942,
        167238768,
        172230536,
        177836219,
        180401149,
        181850465,
        186035492,
        189738395,
        195077253,
        199446122
    ]
}