{
    "name": "tcp_42",
    "flow_rate_mbps": [
        1.0600595831107391,
        1.0332980455798597,
        0.4240459014832274,
        0.411879137654704,
        0.6848930798610361,
        0.2584764505644556,
        0.3189606453736422,
        0.6767417187315808,
        0.522004326394553,
        0.47738166534420995,
        0.45222595322287795,
        0.1597521016153938,
        0.44786236994648776,
        0.2923263781646066,
        0.2982137718161805,
        0.34862595428858795,
        0.3648556178198779,
        0.29176368476836667,
        0.19515036392917456,
        0.2578323116875029,
        0.36811759312002446,
        0.21196860585978217,
        0.4489088720603237,
        0.24918586722020364,
        0.33356263606419395,
        0.38191046403246465,
        0.2019855752101609,
        0.3919238640130048,
        0.4569413228196123,
        0.7915794304069752,
        0.43443775939164264,
        0.5403430467369086,
        0.2897276240640932,
        0.16118888860759595,
        0.260129443529912,
        0.30441795488098,
        0.2564556670491953,
        0.26991036804214447,
        0.6413544662728301,
        0.25007950897432063,
        0.18113706923159167,
        0.2784495099295225,
        0.5397519487783224,
        0.5809893659492614,
        0.3908204633701125,
        0.21390317655358346,
        0.30598928087239674,
        0.33720406370077144,
        0.37992139905638456,
        0.5276518536620997,
        0.5721300216847012,
        0.3771898671581739,
        0.3040125885129819
    ],
    "time_stamp_us": [
        1653995,
        1861772,
        3293808,
        6444033,
        9070823,
        10924543,
        15708267,
        19411796,
        21108396,
        23730903,
        26043518,
        28973027,
        36643912,
        39108955,
        44622792,
        48472916,
        51861304,
        55250261,
        59563889,
        66465644,
        71090045,
        74329010,
        79693578,
        82472583,
        87567575,
        91274465,
        94367546,
        100598486,
        103697047,
        106330558,
        107725238,
        110825521,
        113154708,
        117346231,
        124811758,
        129480203,
        133578253,
        138614913,
        142991477,
        144712834,
        150231079,
        157666774,
        161909123,
        163954507,
        166158747,
        169463794,
        175502414,
        179290782,
        183088601,
        186255993,
        188473819,
        190692895,
        194029570,
        197842570
    ]
}