{
    "name": "scps_tp_29",
    "flow_rate_mbps": [
        0.5522263827328363,
        0.3980571428571429,
        0.3835529016149552,
        0.7384275050315197,
        0.5416304123291872,
        0.7576071250295563,
        0.9091009490940465,
        0.7388897930083154
    ],
    "time_stamp_us": [
        1563666,
        2435888,
        3135888,
        3869221,
        4635888,
        5913896,
        6294526,
        6874026,
        7519221
    ]
}