{
    "name": "tcp_10",
    "flow_rate_mbps": [
        0.46247828035013705,
        0.2614950426685794,
        0.42936813056535716,
        0.3976362050646133,
        0.6645263601419195,
        0.48363021676067103,
        0.6401484402180215,
        0.8414483240974875,
        0.516969774590164,
        0.8413747654815781,
        1.2936858430254476,
        0.6512565512653998,
        0.27473494732126974,
        0.29099645009183067,
        0.25537360294812034,
        0.7475981930581225,
        0.29865925093869666,
        0.3437007616947992,
        0.6526134849576324,
        0.899090740342647,
        0.7901947529570822,
        0.5911069745098627,
        0.9296450675761021,
        0.6035322035960935,
        0.5105213043012178,
        0.5310526290472319,
        0.6607709410677258,
        0.38022296957043406,
        0.4305176520375665,
        0.5268338646934113,
        0.5429334711449898,
        0.6049421614079309,
        0.44366812728475735,
        0.34526788025191957,
        0.37954410857535387,
        0.6285948428462055,
        0.30091477925158494,
        0.7657110617158475,
        0.4798162778738722,
        0.4185254477980488,
        0.5150905180153865,
        0.36984018320786854,
        0.5392705411598289,
        0.5957522076138884,
        0.3802654313070115,
        0.9259081759800634,
        0.5443392983154505,
        0.7208398241583499,
        0.625744897258778,
        0.426216762243157,
        0.3050107594878423,
        0.3685471902032323,
        0.3445132212744047,
        0.4015176540144401,
        0.20954493019320983,
        0.36604943104107285,
        0.9966830155140236,
        0.6834051403951866,
        0.2246775217734767,
        0.8692933517678365,
        1.1481357481501617,
        0.43176104459924913,
        0.4646159667337192,
        0.8512213175425613,
        0.9452011441972962,
        0.4164008483197406,
        0.7621672857181951,
        0.6650425986267635,
        0.5370341510696813,
        0.4676753179881022,
        0.4202276709018643,
        0.4986668955234545,
        0.737737299011987,
        0.27758646928545566,
        0.3867246745262983
    ],
    "time_stamp_us": [
        2625030,
        5370240,
        9845430,
        12776621,
        15886197,
        17663824,
        20152006,
        22204280,
        23542544,
        26041104,
        27379485,
        28360867,
        30327281,
        34667173,
        38916297,
        43628452,
        45252854,
        49429922,
        53059591,
        54785084,
        56148061,
        57782696,
        59781116,
        60968666,
        63072282,
        65451027,
        67737806,
        69659198,
        72882149,
        75831157,
        78136248,
        80535658,
        82579622,
        85366570,
        89075690,
        92158968,
        94126022,
        98418533,
        99918002,
        102656050,
        105584044,
        108134586,
        111358465,
        113835589,
        115836958,
        118885355,
        120220779,
        122431459,
        124162107,
        126085191,
        129063957,
        132973065,
        136567720,
        140156784,
        143483761,
        149384548,
        152641813,
        153926715,
        155703699,
        161059642,
        162355039,
        163451216,
        166340592,
        168930602,
        170227562,
        171535728,
        175247536,
        176855372,
        178664820,
        180885014,
        183623324,
        186565729,
        189001022,
        190527419,
        195817014,
        198985780
    ]
}