{
    "name": "tcp_12",
    "flow_rate_mbps": [
        0.04482652990203121,
        0.10511842557804746,
        0.057291211441097986,
        0.1252527122070674,
        0.06272526239091741,
        0.08925428381348084,
        0.0797451845688804,
        0.0791793170783902,
        0.11289029782865172,
        0.04772357638181986,
        0.06765229426115266
    ],
    "time_stamp_us": [
        6323139,
        32429108,
        42826524,
        63638093,
        72628557,
        90757138,
        103992133,
        118251552,
        133728321,
        144387873,
        170759744,
        188383980
    ]
}