{
    "name": "scps_tp_21",
    "flow_rate_mbps": [
        0.9059734865338975,
        0.6948762439305148,
        0.6962861584744775,
        0.9053868556944374,
        0.7229923452947301,
        1.5186924090456086,
        0.9807903747365181,
        1.0354759224172465,
        0.7844041666229877,
        0.3119291755012148,
        0.5315778424488019,
        1.0841701662688865,
        1.0513791126131729,
        1.2957394747148856,
        0.6866365304452968,
        0.4162348947560201,
        0.7903150841225975,
        1.4959847186467519,
        1.3093488192683191,
        0.8280602456076651,
        0.5974555146470387,
        0.6643950306336528,
        0.5483172972324375,
        0.6965971509363318,
        1.6401292749320742,
        0.9943017348701523,
        0.4317272415897962,
        0.5842786236712593,
        0.6905517246518483,
        0.44458380796187486,
        0.8479786817992924,
        0.5308816602746881,
        0.4533245174456354,
        0.5072505748320452,
        1.085696418817845,
        0.7749307137688658,
        0.6280316966695432,
        0.7632804673595356,
        0.4929235143268859,
        0.9082444272428454,
        0.7150915992943832,
        0.808771386755223,
        0.5937857476878701,
        0.5647061832407199,
        0.6661667649297943,
        0.3096832909667655,
        0.673830400821396,
        0.5415479857255014,
        1.0349180689862052,
        0.5959895747020806,
        0.3708209397991782
    ],
    "time_stamp_us": [
        4260457,
        7465319,
        10769965,
        14258186,
        17562674,
        21593920,
        25781101,
        29732037,
        32759978,
        36194126,
        40335066,
        43450320,
        46505191,
        49970354,
        53838539,
        57520487,
        61949909,
        66685438,
        70353176,
        73928205,
        77194634,
        81112047,
        84701237,
        89251595,
        92849198,
        95972464,
        98981450,
        103430926,
        107814588,
        112243047,
        116315530,
        119583348,
        123742467,
        128028668,
        131532735,
        135386630,
        139218921,
        143068663,
        146554459,
        150720298,
        153929302,
        157619123,
        161372965,
        165388959,
        169142557,
        173335381,
        177185508,
        181330646,
        185326303,
        189166607,
        193945751,
        197488593
    ]
}