{
    "name": "scps_tp_13",
    "flow_rate_mbps": [
        0.230420006838597,
        0.5352289873901728,
        0.3510637056983698,
        0.4007211284045924,
        0.45991011677281324,
        0.40019122697228887,
        0.37349681038004506,
        0.6259403609987586,
        0.5610830475332754,
        0.5407133963907136,
        0.2368640967214133,
        0.36717915421233094,
        0.3483431196463714,
        0.30068714548078435,
        0.31938641638914117,
        0.24279477903255958,
        0.31974632631388583,
        0.16775346930861468,
        0.14948087890424014,
        0.21451010070064863,
        0.38657590165156747,
        0.546959332939165,
        0.5793889520386566,
        0.31741550129670354,
        0.36860715742280165,
        0.466422964961257,
        0.1831708691460199,
        0.26829297415219033
    ],
    "time_stamp_us": [
        5614914,
        13376740,
        19214092,
        26415520,
        31980687,
        37021672,
        45077021,
        52141499,
        58349886,
        63701821,
        68602014,
        76991635,
        83786792,
        89523205,
        94810295,
        100755695,
        106212155,
        113566485,
        121529599,
        130022993,
        139081028,
        144821272,
        150634355,
        156617486,
        163191078,
        169181195,
        175950673,
        187342004,
        194460789
    ]
}