{
    "name": "scps_tp_8",
    "flow_rate_mbps": [
        0.573572637995259,
        0.3960943060065527,
        0.5684018290647502,
        0.3226720116035382,
        0.7894794565903425,
        1.0060306359819169,
        0.6671670053105048,
        0.37304437304437305,
        0.5266081198234779,
        1.1452613932619358,
        0.6305513177600179,
        0.37536836270146456,
        1.131021660314214,
        1.1394302848575713,
        0.6788692984744196,
        0.6299582192468388,
        0.5470886793872366,
        0.914481111320636,
        0.6045267427658066,
        0.682356772011071,
        0.6173494113287151,
        0.6204890137260402,
        0.7159775469516406,
        0.5066018837044537,
        0.36786988123843206,
        0.49311065147820005,
        0.6024239443968024,
        0.6109343121878141,
        0.5659634946346671,
        0.8537352796974882,
        0.804798389944213,
        0.8306598108517693,
        0.43305846153846156
    ],
    "time_stamp_us": [
        1495896,
        2012671,
        2629514,
        3195705,
        3896181,
        4379426,
        4721181,
        5212848,
        5879514,
        6287848,
        6774605,
        7346181,
        7973959,
        8404239,
        8954514,
        9418403,
        9996181,
        10687345,
        11085070,
        11748240,
        12190472,
        12751736,
        13229514,
        13740625,
        14346134,
        15012848,
        15595922,
        16096181,
        16579467,
        17062848,
        17595191,
        18048343,
        18646181,
        19296181
    ]
}