{
    "name": "tcp_7",
    "flow_rate_mbps": [
        0.2640904841125248,
        0.05661654598043037,
        0.10735860953210942,
        0.16699993770506277,
        0.16402456490467093,
        0.08719728199208249,
        0.2318198379395003,
        0.19092455059904115,
        0.2011518410629389,
        0.21539838047187287,
        0.486520240002172,
        0.2364163302477602,
        0.08602985824249862,
        0.3063703742652391,
        0.33747797850004424,
        0.4600858343317053,
        0.1759794534032538,
        0.22934279725303297,
        0.31918697019892067,
        0.27831329617359024,
        0.23356268970435057,
        0.2788944810171933,
        0.2589953744286699,
        0.29667422480021705,
        0.06794042926973692
    ],
    "time_stamp_us": [
        3646231,
        9080732,
        29360316,
        43345594,
        50617453,
        58559678,
        71473842,
        76760016,
        83004996,
        89261762,
        95053449,
        97594926,
        102731627,
        117489294,
        121597263,
        125326573,
        127990076,
        135141820,
        141110876,
        145365185,
        149887283,
        154708601,
        159062936,
        164305964,
        168548193,
        186260180
    ]
}