{
    "name": "scps_tp_16",
    "flow_rate_mbps": [
        0.2961103786687724,
        0.3405506116612536,
        0.6248044571731125,
        0.45586158106779306,
        0.5766128061905232,
        0.5550128783113414,
        0.5949517217924816,
        0.7174287461453446,
        0.5605463889309433,
        0.2316957500875913,
        0.6514412748020815,
        0.7290726754699844,
        0.8827791368407777,
        0.48103722408890587,
        0.6077473730098228,
        0.43538298829638183,
        1.2323637717737599,
        0.557840837066034,
        0.887571895554648,
        0.4732799668209528,
        0.2750545001557147,
        0.46048177615121627,
        0.8237267614162966,
        0.18465327720687771,
        0.6241936410793572,
        0.6913519931022134,
        0.5730679762212457,
        0.3142303866210222,
        0.47719666071535816,
        0.5266643524872339,
        0.4967014810212053,
        0.7583360552274486,
        0.18126377270886518,
        0.670148593107809
    ],
    "time_stamp_us": [
        7076415,
        13601009,
        17977451,
        23295979,
        27848940,
        33458805,
        38312314,
        42969902,
        47247846,
        52644295,
        57790354,
        64043811,
        68586568,
        73201267,
        79237224,
        84614195,
        89761663,
        94402111,
        99389340,
        103593529,
        109611785,
        118201210,
        124530581,
        129837972,
        138865919,
        144242712,
        150039354,
        154682154,
        161743979,
        166139651,
        171673650,
        177319214,
        182312673,
        192849362,
        197198487
    ]
}