{
    "name": "tcp_33",
    "flow_rate_mbps": [
        0.5098766629356667,
        0.6165672702826559,
        0.38338410722413147,
        0.6988688662771135,
        0.3277524088284677,
        0.31138839258109346,
        0.8714155083758822,
        0.5170418980683011,
        0.6863454383105004,
        0.6638251680155803,
        0.6927548814860917,
        1.0303987083321036,
        0.7578205982409715,
        0.5495832078435082,
        0.40649027366294915,
        1.1138642507618943,
        1.7469083146448863,
        0.8291806315046745,
        0.7217409889239512,
        0.3034011093357524,
        0.7055288503435271,
        0.2538998117098433,
        0.6828431869451599,
        0.3676275772804072,
        0.6737126999897222,
        0.5842647946927104,
        0.6673100895176906,
        0.3101912002824204,
        0.2203558605211274,
        0.4172009287781231,
        0.4895690649112607,
        1.0189013585351447,
        0.34351060656140847,
        0.64526853479386,
        0.40202245448184815,
        0.42752644033619025,
        0.23296523859553062,
        0.7666370896184561,
        1.1600245454469038,
        0.49432974915393085,
        0.7484279495184909,
        0.5030495382386035,
        0.4814989270947821,
        0.31829000579815736,
        0.5618882013563462,
        0.7718865122379309,
        0.32157660368882107,
        0.7888808337815612,
        1.0305687285497915,
        1.1240494933310468,
        0.9717271689102677,
        0.2983330491006477,
        0.44349480157385934,
        0.502311439054181,
        0.4742675487584844,
        0.7734864340517468,
        0.3038998011525185,
        0.7247572038748907,
        0.4562887867535028,
        0.29761302672486345,
        0.5602612419313427,
        0.6460774239521638,
        0.4660035763099907,
        0.34559783625702517,
        1.0208359018616693,
        0.7914555628206729,
        0.6272284142605057,
        0.5928520022803476,
        0.6520975697766953,
        1.1667932531777994,
        0.2427610956153676,
        0.4161602764349662,
        0.44735576055268184,
        0.9027641183971782,
        0.6363485654969433,
        0.6782241812634866,
        0.8593608481867128,
        0.5691476729632037,
        0.8603123418188539
    ],
    "time_stamp_us": [
        1553079,
        4636256,
        6552154,
        9806123,
        11559585,
        15197453,
        18884681,
        20379628,
        22835135,
        24652762,
        26532052,
        28285053,
        29538626,
        31126548,
        33537102,
        36578946,
        37589913,
        38285084,
        39736348,
        41327168,
        46239477,
        47960739,
        53048100,
        54794211,
        58247706,
        60115802,
        62137625,
        64155997,
        68569275,
        73980159,
        77023297,
        79458745,
        80650617,
        84314434,
        86179332,
        89776743,
        92668915,
        98023877,
        99708742,
        100660446,
        103385105,
        105022457,
        107677941,
        110200065,
        114570419,
        116712055,
        118371159,
        121941568,
        123480964,
        124670055,
        125789721,
        127118983,
        131522652,
        134285796,
        136835290,
        139372592,
        140942626,
        145083991,
        146790052,
        149645086,
        153836838,
        156162039,
        157904988,
        160582049,
        164894576,
        165997672,
        167615754,
        170291143,
        172376790,
        174239088,
        175355584,
        180358033,
        183223083,
        185937701,
        187295132,
        189255567,
        191078681,
        192453284,
        194819770,
        196269848
    ]
}