{
    "name": "tcp_39",
    "flow_rate_mbps": [
        0.4266512769909749,
        0.2763357355823158,
        0.3527895981282846,
        0.35649189007474774,
        0.765586109695025,
        0.20187827384018525,
        0.16281491642029616,
        0.12280457098269258,
        0.387703680802189,
        0.5379287942329076,
        0.7773796297745162,
        0.30762696164152065,
        0.48485126225160247,
        0.1803719547751188,
        0.13983490407710175,
        0.23398300969308158,
        0.2840460006323111,
        0.44355117022471163,
        0.1832150773346639,
        0.37022609457999994,
        0.3047725321140107,
        0.3124616997635462,
        0.15772147850698687,
        0.23238650742959063,
        0.17029612861676816,
        0.4408756189406762,
        0.25836614173228345,
        0.30489813202841953,
        0.23609664591817747,
        0.12387800352175297,
        0.34259584906145674,
        0.26880624959152366
    ],
    "time_stamp_us": [
        39542843,
        42259816,
        46734373,
        50364412,
        53832878,
        55433534,
        61558413,
        68949382,
        81175637,
        84222500,
        86623710,
        88285292,
        92268818,
        94887353,
        101620107,
        110304634,
        115730669,
        120589037,
        123501170,
        130792273,
        134132070,
        138261576,
        142218797,
        149498465,
        155721890,
        162982654,
        165937501,
        170424157,
        174334709,
        180273294,
        190343847,
        193920773,
        198602807
    ]
}