{
    "name": "tcp_22",
    "flow_rate_mbps": [
        0.12627648287396648,
        0.08093347701100456,
        0.08098376552153908,
        0.15562801382820904,
        0.1010368012928067,
        0.20244635663254748,
        0.08171588964754022,
        0.08784316473659315,
        0.10246483551697456,
        0.13473769420135298,
        0.15971714653239522,
        0.14924706407890248,
        0.09173088919764844,
        0.16107065090941386,
        0.16166674903763256,
        0.10958203792340147,
        0.1327542793414095,
        0.12895719622823562
    ],
    "time_stamp_us": [
        3177132,
        12968979,
        28519528,
        42833508,
        51487991,
        63616641,
        69778866,
        84775215,
        98474175,
        110757023,
        119770091,
        127857388,
        136364088,
        150084221,
        157897935,
        165546261,
        176124637,
        185937654,
        195868391
    ]
}