{
    "name": "tcp_44",
    "flow_rate_mbps": [
        0.16707876861406623,
        0.29988642610103583,
        0.11984326534535404,
        0.24172568224892305,
        0.11897126421832209,
        0.22662754326114315,
        0.18667399384637684,
        0.2681737760372877,
        0.17117648751555606,
        0.08528066370603493,
        0.2087026143427447,
        0.13351464952404501,
        0.11514226885478043,
        0.5699215672843101,
        0.15691933203066724,
        0.14997205489660312,
        0.32885796429771014,
        0.21845747271799237,
        0.17511596122124898,
        0.2669831433667024,
        0.21577784765924804,
        0.33046523663570126,
        0.13363297550473,
        0.2439592248672941,
        0.23241139678779996,
        0.17364034960364705,
        0.30950143961206245,
        0.20595044902263177
    ],
    "time_stamp_us": [
        5095771,
        12364199,
        17039569,
        26527962,
        31506167,
        42270447,
        47970019,
        54593759,
        59369170,
        66979561,
        82902514,
        89197404,
        98127660,
        108386968,
        110401561,
        119477307,
        127722043,
        131616247,
        137276296,
        144526349,
        148950898,
        154681236,
        158489685,
        167494648,
        173151331,
        178519054,
        185957878,
        189917278,
        196242683
    ]
}