{
    "name": "scps_tp_14",
    "flow_rate_mbps": [
        0.36529209444791083,
        0.48596664146754576,
        0.3745030555950907,
        1.3982374423232524,
        1.045519083669587,
        0.40268778413463036,
        0.37862802215594865,
        0.4013702466457183,
        0.42099125920310004,
        0.5541434989657512,
        0.3616545721090311,
        0.5613115009468237,
        0.796704560865221,
        0.4835950094631519,
        0.27136142628614396,
        0.4110710582582835,
        0.696187792217799,
        0.46671697924136574,
        0.31987166501555775,
        0.6208504352521304,
        0.565065480230249,
        0.2509547190398254,
        0.48006325917194437,
        0.26969152645175093,
        0.5377067370481929,
        0.5857599525575463,
        0.3407133081072377,
        0.5342304234487102,
        0.33314465845594426,
        0.3720056532779863,
        0.4004006052721279,
        0.4153451465920317,
        0.5296164719043372,
        0.2387860175799786,
        0.37196187079819415,
        0.2957100738573664,
        0.5343432525159074,
        0.3209249265682563,
        0.29012487341741683
    ],
    "time_stamp_us": [
        6585400,
        11239648,
        14897183,
        20321331,
        23613819,
        25039331,
        30166082,
        35706084,
        40244537,
        44230558,
        49450289,
        54365034,
        58062660,
        62995781,
        67630072,
        74098788,
        78664422,
        83881635,
        88991027,
        93132688,
        98129447,
        103619501,
        108722573,
        113206982,
        117750840,
        122740028,
        126679116,
        131150676,
        136399647,
        140906518,
        145595479,
        152240424,
        156971718,
        161932893,
        167665892,
        172681890,
        177385957,
        182241263,
        187745354,
        192730242
    ]
}