{
    "name": "tcp_13",
    "flow_rate_mbps": [
        0.15144246654319934,
        0.08731652194008394,
        0.13085008245699695,
        0.12876942441555822,
        0.10340679539290255,
        0.07519045577403083,
        0.08403453175340013,
        0.08300774347960642,
        0.2932972720896268,
        0.09221499097575567,
        0.09610250666199725,
        0.1035114016859311,
        0.09818835777732268,
        0.106829197763569,
        0.10688958469581993,
        0.09307894004670808
    ],
    "time_stamp_us": [
        13200091,
        20781584,
        34057422,
        43085158,
        52087295,
        63297390,
        78420586,
        91689417,
        104989381,
        109205172,
        121656076,
        133603319,
        145228705,
        157821644,
        168465925,
        179414045,
        191037727
    ]
}