{
    "name": "tcp_13",
    "flow_rate_mbps": [
        0.01409937626047065,
        0.0291259751683605,
        0.025682773961570964
    ],
    "time_stamp_us": [
        43026694,
        108016803,
        148574415,
        184252804
    ]
}