{
    "name": "tcp_28",
    "flow_rate_mbps": [
        0.06807170281577901,
        0.08467296600809915,
        0.10227946898627581,
        0.026156564720994206,
        0.05111276990980125,
        0.057937360124511346,
        0.04481082718213125,
        0.11631418149143814,
        0.11224872668207421
    ],
    "time_stamp_us": [
        6784357,
        24786551,
        39911095,
        51460627,
        94512152,
        116111451,
        138786975,
        163916616,
        174547134,
        185759377
    ]
}