{
    "name": "tcp_10",
    "flow_rate_mbps": [
        0.19306506561898223,
        0.14960846474549272,
        0.08424525662930088,
        0.13766145895182302,
        0.14929522841105466,
        0.14897707388199144,
        0.2632249871321849,
        0.15947099157902161,
        0.1945255152412173,
        0.1762520286114811,
        0.20756146999206837,
        0.20947896060273186,
        0.10139722837850966,
        0.10217173582177491,
        0.134971080245442,
        0.19059909306297965,
        0.15226166016171472,
        0.13905976696731373,
        0.16307030165662842,
        0.15324958280649764,
        0.17790448035381665,
        0.12851274905193705,
        0.2590791386825529,
        0.25254107356045213
    ],
    "time_stamp_us": [
        4247903,
        10652376,
        18917149,
        33070112,
        41651163,
        49711434,
        58307656,
        63088965,
        71396432,
        78604124,
        85118432,
        91926632,
        98303597,
        109409226,
        120322616,
        129320099,
        135981201,
        144827026,
        153639352,
        161492652,
        169777177,
        176603312,
        185451617,
        190522500,
        195812095
    ]
}