{
    "name": "tcp_1",
    "flow_rate_mbps": [
        0.0804228521356548,
        0.06321623974887035,
        0.08555198970441352,
        0.14872347541714667,
        0.10425008654586862,
        0.11004558847241971,
        0.05390948898157386,
        0.13597200166106618,
        0.06868419183484642,
        0.03317120712958388,
        0.11064678922420271,
        0.0745943166794213
    ],
    "time_stamp_us": [
        4519760,
        20718141,
        41325504,
        55391337,
        64002217,
        75545229,
        85778079,
        107280787,
        116455617,
        133815070,
        169759496,
        181533177,
        197369236
    ]
}