{
    "name": "scps_tp_27",
    "flow_rate_mbps": [
        0.398342651848643,
        1.000552579891563,
        1.1304051425798716,
        0.4285283684316838,
        1.4566503393517887,
        1.0044466033080548,
        1.164533929313107,
        1.6619672133306034,
        1.2863534026772294,
        1.221754305471349,
        0.8376264845739526,
        0.6479677068855968,
        0.8765057788414472,
        1.5491548730584317,
        0.9771616097316588,
        0.8967045502267251,
        0.5652025174085836,
        1.1215099750243445,
        1.0605016359999937,
        0.32193613061687737,
        1.061460100010845,
        1.0885218243914998,
        0.6283161905387188,
        0.9601599120549182,
        0.8622198106381724,
        0.41907924635172744,
        0.49023070336209523,
        0.6249563777849466,
        0.561162960789221,
        0.7046493858283466,
        0.6778304868534201,
        0.9751331711912261,
        1.5137416935324695,
        0.9513837822570039,
        0.7797335884081072
    ],
    "time_stamp_us": [
        6003733,
        14955624,
        19159541,
        22900076,
        29598349,
        33584920,
        38871652,
        43573825,
        48130738,
        52095807,
        56306670,
        61631430,
        66419076,
        71835127,
        75747557,
        81633830,
        87777392,
        92816860,
        97640357,
        102168780,
        109541671,
        113930795,
        117947104,
        123552180,
        128438866,
        133816613,
        143194887,
        152878491,
        159096653,
        167339820,
        172259373,
        177878477,
        182508983,
        186308733,
        191031622,
        195619035
    ]
}