{
    "name": "tcp_2",
    "flow_rate_mbps": [
        0.17067537358427562,
        0.1813920742458209,
        0.34574247793231194,
        0.4187872853183085,
        0.2811066862836419,
        0.3345376564648843,
        0.26019514222185924,
        0.3102698090484304,
        0.13164961118222415,
        0.2683142007014084,
        0.32195787717773594,
        0.4112156950386976,
        0.2245676486363004,
        0.2123067611376873,
        0.189453459002934,
        0.41019741300953866,
        0.26060850805170016,
        0.3120239105279264,
        0.46022289847567605,
        0.2569609953429859,
        0.2833345356276809,
        0.1592902132916546,
        0.20080016173207846,
        0.19020599906964455,
        0.39603567165245157,
        0.3442054654532103,
        0.42209409393250363,
        0.5026351924764982,
        0.22457250564615183,
        0.19249964690961507,
        0.5386077866878988,
        0.37265434163768457,
        0.3356093688654514,
        0.2580156944235415,
        0.28780521009693444,
        0.28947285855792465,
        0.1657692317947205,
        0.5302891661058763,
        0.44094119049014313,
        0.16791755254992938,
        0.3272048571468334,
        0.22661648990762917
    ],
    "time_stamp_us": [
        3632416,
        10747678,
        17625156,
        21041803,
        24020690,
        28340758,
        31772838,
        36609823,
        40950819,
        50259164,
        54785201,
        58557123,
        61429776,
        67722401,
        73650427,
        80351809,
        83258507,
        88003095,
        91682813,
        94297546,
        99496156,
        103821220,
        111514348,
        117727092,
        123647410,
        126769553,
        130361826,
        133186599,
        135383023,
        141036431,
        147345014,
        149394743,
        153038656,
        156525567,
        161488986,
        165631788,
        170093968,
        177220019,
        179301902,
        182356459,
        189391340,
        193271478,
        198679028
    ]
}