{
    "name": "scps_tp_26",
    "flow_rate_mbps": [
        0.29181952668270145,
        0.6402482286276476,
        0.25491733563447955,
        0.5352053778104259,
        0.5767493577729808,
        0.21173003632213638,
        0.499324042604268,
        0.6326458079587884,
        0.2523595208826488,
        0.39624949041989405,
        0.872620947253002,
        0.27594893899367484,
        0.5055676882072969,
        0.5182884937755916,
        0.32889647078669826,
        0.2531071939098017,
        0.5870122398017363,
        0.37838909664366727,
        0.19894557276338334,
        0.27786707562268265,
        0.49368883035634575,
        0.4567691935093243,
        0.5608969073837343,
        0.39451471615838973,
        0.355325498622137,
        0.2590800264008179,
        0.45476172589086716,
        0.22852708850338413,
        0.5224602380834674,
        0.48271483532041676,
        0.3269851092028417,
        0.21973237052601438,
        0.4615748403877985,
        0.3102586118064803
    ],
    "time_stamp_us": [
        4806724,
        10405801,
        15268415,
        20508702,
        25913132,
        31100550,
        38713263,
        44174406,
        49182706,
        54694842,
        59208362,
        64256327,
        69537304,
        75083861,
        80323877,
        85694564,
        92411718,
        97132301,
        102296509,
        107901258,
        115410460,
        121761343,
        127707103,
        133316690,
        137961992,
        145170256,
        150965531,
        156476285,
        163239597,
        167972895,
        174170840,
        180450759,
        186178454,
        192014474,
        198526203
    ]
}