{
    "name": "scps_tp_22",
    "flow_rate_mbps": [
        0.724817673996181,
        0.2868967445848101,
        1.2021108060135313,
        1.683319510510351,
        1.6485950349556073,
        0.9288733903489119,
        0.5473898908588736,
        0.6926696643312767,
        1.633628553254552,
        0.6513112130531108,
        0.933813629971335,
        0.8772920738379225,
        0.8639468400394801,
        0.37277754362607923,
        0.5114426016862781,
        0.838901023800579,
        0.6145869525473924,
        0.9144534243208466,
        0.46169679584148765,
        0.5740507234131059,
        0.7161960398234416,
        0.5065397292142191,
        0.7755386270310473,
        0.5633698274262386,
        0.5134552426701415,
        0.7746947015443155,
        0.43207385740524634,
        0.7688570276760205,
        0.3925667296031728,
        0.48398129448110183,
        0.36336058475910393,
        0.3261874641902892,
        1.218402717798123,
        1.10366670363726,
        0.3006944624750477,
        0.8791601384945787,
        0.42655549184070324,
        0.9367469235093098,
        0.9774329876275797,
        0.5930805107573175,
        0.6997516023851211,
        1.0508778189765209,
        0.4774878976730065,
        0.43197274875983277,
        0.5606188327193445,
        0.6184503263109739,
        0.7629962769570189,
        1.0749866051434758
    ],
    "time_stamp_us": [
        3353500,
        7557371,
        11905695,
        15533314,
        19429045,
        23011732,
        26553571,
        31736860,
        35657690,
        39232652,
        43368555,
        47636473,
        51021617,
        54714622,
        58031560,
        62607792,
        66845336,
        71461900,
        74781916,
        79372981,
        83527039,
        86594579,
        90561257,
        94974190,
        98854270,
        103907096,
        108723858,
        113501930,
        117780905,
        122364890,
        126676131,
        130990523,
        135221219,
        138972491,
        142993705,
        146922211,
        150124358,
        154368964,
        158482092,
        162559548,
        167175987,
        172413960,
        176006842,
        180769769,
        184731130,
        188374247,
        191694546,
        195803819,
        199829618
    ]
}