{
    "name": "tcp_43",
    "flow_rate_mbps": [
        0.09791464922457957,
        0.044570069871156075,
        0.12340257524145438,
        0.15664663672416052,
        0.13299485058278193,
        0.09556242172818123,
        0.1639131695719352,
        0.051012172687294154,
        0.09077434295422342,
        0.04808466660246344,
        0.11955388103740848,
        0.06721438319038757,
        0.091732420048481
    ],
    "time_stamp_us": [
        9817624,
        21994760,
        48250945,
        58539223,
        66644089,
        76273334,
        88172572,
        96254900,
        118978888,
        133451700,
        156181607,
        167539833,
        184293390,
        197892944
    ]
}