{
    "name": "scps_tp_31",
    "flow_rate_mbps": [
        0.14839422162146546,
        0.16929843833632907,
        0.19762849882497152,
        0.31967836270947697,
        0.6440083615077389,
        1.1568289867231893,
        1.224863688435629,
        1.3309273904222585,
        1.641283583195305,
        1.3303270599224897,
        1.5603537134306649,
        1.6481223036065735,
        1.7409397913012097,
        1.5904722401793734,
        0.5465030302721582,
        0.21833167642430157,
        0.2932985344837178,
        0.10501621853737375,
        0.24406552553843192,
        0.20878320656816735,
        0.1870201175309913,
        0.1488035913623384
    ],
    "time_stamp_us": [
        6421198,
        20854105,
        31026910,
        41808351,
        52099695,
        59042462,
        64606223,
        68788370,
        73441847,
        79488919,
        84775198,
        90789219,
        95498287,
        100507995,
        105963884,
        113620127,
        121508309,
        130316263,
        145769876,
        156445042,
        165645782,
        178514558,
        192907759
    ]
}