{
    "name": "tcp_28",
    "flow_rate_mbps": [
        0.26472966176685914,
        0.306232447162077,
        0.6246029274369355,
        0.29818260051997547,
        0.2152579208326014,
        0.45987792751852147,
        0.22080794098283166,
        0.2502953725913555,
        0.5429621931971252,
        0.2966317300087012,
        0.7068740183874624,
        0.45017034298984054,
        0.5532193252967013,
        0.3577468000456065,
        0.41753845197943107,
        0.3166081629843761,
        0.15208050244370536,
        0.29815021437548545,
        0.36934626114539826,
        0.2149013314217265,
        0.17579723422743765,
        0.15626252585336134,
        0.19425622366198228,
        0.20473258660336774,
        0.2883675924374573,
        0.330890705821496,
        0.22550339127333674,
        0.5782663307551129,
        0.20546279440882292,
        0.21512869900812986,
        0.34015604706060815,
        0.2313484568256383,
        0.192377370101633,
        0.41620320787245607,
        0.2573328962516574,
        0.2544683858964373,
        0.3336222197455249,
        0.36045758316764814,
        0.21890987538154363,
        0.18924981114533093,
        0.21207062333097013,
        0.28869425043190006
    ],
    "time_stamp_us": [
        4687033,
        9399463,
        13329027,
        15255627,
        19550445,
        24986900,
        27771639,
        33221443,
        38293850,
        40489804,
        44658205,
        46251247,
        49194133,
        51409240,
        54742100,
        57703456,
        61539112,
        69233984,
        73233042,
        76311779,
        82527841,
        89686998,
        97670486,
        103865191,
        109796831,
        114046407,
        117783230,
        123217472,
        125164810,
        131505228,
        137150221,
        140947537,
        146292202,
        152662182,
        155712615,
        160431794,
        165507788,
        169114742,
        172606304,
        178052929,
        184936529,
        190558807,
        194650610
    ]
}