{
    "name": "scps_tp_11",
    "flow_rate_mbps": [
        0.5635662186832867,
        0.5206753119647662,
        0.3205055299120127,
        0.7733329204183861,
        0.7178852317215241,
        0.4142771764972757,
        0.9923676575834762,
        0.7764812716178354,
        0.5031695703520539,
        1.1678171201662542,
        0.9330379697640977,
        0.5940962150750887,
        0.7506115124655459,
        0.833427219288949,
        0.7476520955385308,
        0.6004799999999999,
        0.586530909090909,
        0.7144502475049711,
        0.4750853171498063,
        0.5155715347922911,
        0.9020088888888889,
        0.8233288970838878,
        0.9203887381493208,
        0.3563739283694318,
        0.46398727456972944,
        0.7545911378543275,
        0.6192564346997139,
        0.4519074746594925,
        0.5902812470464335,
        0.4311401044831447,
        0.410486104009248
    ],
    "time_stamp_us": [
        1634687,
        2210378,
        3101344,
        3838155,
        4354807,
        5354822,
        6271754,
        6921489,
        7463287,
        8365933,
        8732600,
        9221489,
        10379187,
        10765933,
        11394355,
        11838155,
        12388155,
        12938155,
        13363601,
        15676735,
        16771489,
        17221489,
        18110378,
        18639989,
        19492195,
        20730660,
        21254822,
        22099267,
        23238155,
        23830659,
        24615666,
        25388155
    ]
}