{
    "name": "tcp_37",
    "flow_rate_mbps": [
        0.15311862931923842,
        0.256274599767746,
        0.18713064511695665,
        0.5155623763264715,
        0.7229821502447281,
        0.12539890898208206,
        0.13832676554570048,
        0.17795047639798134,
        0.18044940728744277,
        0.2777023026058612,
        0.12449386018639742,
        0.19465409919327215,
        0.20011843897904436,
        0.22781572771996617,
        0.5559324042121476,
        0.2747836847804264,
        0.138895410023432,
        0.25923027563709305,
        0.17418816126497808,
        0.23827359152685554,
        0.23611120446655914,
        0.19286605890968256,
        0.24299896627267378,
        0.20805775998683404,
        0.30033210421554185,
        0.31056985198613507,
        0.24547155635076442,
        0.20668232823831786,
        0.3020928745485025,
        0.240241181255443,
        0.2776715164165619,
        0.09702044535380579,
        0.13158036184599506
    ],
    "time_stamp_us": [
        2555791,
        13082531,
        18036592,
        24585172,
        26769350,
        28357439,
        40506827,
        49286039,
        56482648,
        63090151,
        67502934,
        77346311,
        83188058,
        89035795,
        93687976,
        95713546,
        100574970,
        108284944,
        112969582,
        119497695,
        124409024,
        129318575,
        135271722,
        140405571,
        145764852,
        149477542,
        153423321,
        158595407,
        163990353,
        168156489,
        172751871,
        176926588,
        189102166,
        197660282
    ]
}