{
    "name": "scps_tp_26",
    "flow_rate_mbps": [
        0.2418203204465099,
        0.2655514062757591,
        0.42075900661262916,
        0.3656797262857633,
        0.23001098266726247,
        0.40793857108594417,
        0.5107137826148203,
        0.27952108781358753,
        0.12728373932314074,
        0.4053012726109898,
        0.2723908533151373,
        0.2844540443087689,
        0.5382779493755439,
        0.18521066536136008,
        0.22165759072799188,
        0.27489258377241516,
        0.2421409790977941,
        0.20064121054948825,
        0.2616307099710124,
        0.17056427317063122,
        0.1915874962608142,
        0.22585469071562989,
        0.5851647904482515,
        0.3073104421145686
    ],
    "time_stamp_us": [
        6261530,
        14935739,
        22044871,
        28394539,
        35579843,
        43307474,
        49153060,
        54903130,
        62762859,
        74819073,
        82909055,
        91501414,
        97012603,
        103165558,
        110556925,
        119422491,
        129061165,
        135717783,
        144741652,
        151493153,
        161202103,
        171401516,
        178440378,
        185628507,
        194537804
    ]
}