{
    "name": "scps_tp_7",
    "flow_rate_mbps": [
        3.6170212765957452,
        6.2983590891910985,
        0.9251006509777616,
        1.9673145836741803,
        3.5106382978723403,
        5.520833333333333,
        1.5526853285006492,
        1.4096094648368196,
        2.0075372452170566,
        3.688848950978696,
        2.4536364567457545,
        2.394905987264968,
        1.1015479080178157,
        1.560485705287469,
        1.609090476869681,
        0.7103372159669559,
        0.9132870651620306,
        0.9793782182740863,
        0.7573403483738552,
        1.985013661160759,
        2.5517895985762316,
        2.2103223470832085,
        1.6130247656034895,
        2.0874356792674527,
        3.8659492644301623,
        3.2322167510460735,
        2.808630732219784,
        3.8297872340425534,
        2.2057522334383055,
        5.488840275971791,
        2.6211741438981924,
        2.4,
        4.537051074552867,
        2.406157984508851,
        3.775510204081633,
        4.479166666666667,
        3.493155761712913,
        7.601678592364452,
        0.0,
        3.9514622435617635,
        5.104166666666667,
        3.2291666666666665,
        4.934126016929613
    ],
    "time_stamp_us": [
        2102173,
        2205949,
        2346176,
        3118399,
        4065794,
        4169570,
        4275554,
        4918399,
        5171462,
        5296176,
        5475343,
        6129510,
        6396176,
        6792905,
        7135829,
        7640621,
        8062843,
        8551732,
        8954510,
        10137492,
        10467259,
        10568399,
        10905396,
        11181424,
        11329510,
        11444183,
        11573954,
        12056555,
        12160331,
        12265438,
        12396176,
        12861366,
        12971766,
        13167010,
        14372989,
        14481181,
        14587165,
        15841870,
        15949341,
        16058254,
        16974654,
        17080638,
        17186622,
        17429510
    ]
}