{
    "name": "scps_tp_14",
    "flow_rate_mbps": [
        0.6320158667502949,
        0.2501368876436087,
        0.23318688746198038,
        0.37971996635193667,
        0.26907593222805054,
        0.4122471765362649,
        0.33004388043638355,
        0.6118926191967429,
        0.33250471349525923,
        0.2957416814280787,
        0.28811669806169166,
        0.4074057619797615,
        0.1904906008975038,
        0.30957317694581094,
        0.2578237615227803,
        0.4999482588881967,
        0.675378194009498,
        0.337155504121452,
        0.5127873874173838,
        0.36898663818471134,
        0.4076568938741538,
        0.44215949129857723,
        0.41765419842685864,
        0.4151237955368049,
        0.27088754811379945,
        0.34543991584173006,
        0.5940538620430709,
        0.400718513059294,
        0.2894679310333526,
        0.30574579618762443,
        0.318666745838529,
        0.2554474361546048,
        0.4207667845785543,
        0.3171558993216256,
        0.766117985548997
    ],
    "time_stamp_us": [
        5326265,
        6152143,
        10206563,
        15887843,
        19958211,
        25374080,
        29658888,
        35144704,
        41152817,
        47461299,
        51343606,
        56899688,
        62481936,
        70016166,
        78111441,
        83849314,
        89193227,
        94424074,
        100612791,
        106619491,
        112812886,
        119881183,
        124725046,
        131729884,
        136809429,
        141822284,
        146200701,
        151237012,
        156030801,
        164268812,
        170768329,
        176831089,
        182449466,
        186227711,
        192284543,
        197256101
    ]
}