{
    "name": "tcp_31",
    "flow_rate_mbps": [
        0.08969212290942886,
        0.1492656393989322,
        0.11299132244507863,
        0.06309100823798447,
        0.10453449220918541,
        0.11737546827121456,
        0.07782690507321784,
        0.1122006425696507,
        0.07258034150931329,
        0.07955527130727667,
        0.07949661655804278,
        0.11671705748223321,
        0.12206989343841677,
        0.08849950846966839,
        0.13139887949218415,
        0.13045529929505045
    ],
    "time_stamp_us": [
        7301117,
        21086943,
        28557115,
        39304843,
        59253169,
        70659165,
        81287621,
        95614800,
        105552711,
        120611334,
        134627250,
        149764498,
        159790796,
        169286995,
        180514176,
        189504207,
        198474636
    ]
}