{
    "name": "tcp_17",
    "flow_rate_mbps": [
        0.18101616861517847,
        0.076046059888168,
        0.11046249020874667,
        0.13208712884975787,
        0.12531316315141527,
        0.10201576407388814,
        0.13028062257289705,
        0.1428845685097424,
        0.1224284031017913,
        0.12286919725770196,
        0.139340938815886,
        0.09677794216954527,
        0.17565573484532104,
        0.2640938293411296,
        0.11334036387321529,
        0.12755954028603084,
        0.1409780663971904,
        0.17072309629043686,
        0.1464420864566799,
        0.1822388552239628
    ],
    "time_stamp_us": [
        9281823,
        16051605,
        31875699,
        42369759,
        51396528,
        60999350,
        73552704,
        82365680,
        91173909,
        101183351,
        111426439,
        119666372,
        133013215,
        139863888,
        144504057,
        155023875,
        165063422,
        173755838,
        181386440,
        190131467,
        197158728
    ]
}