{
    "throughput_send_bps": [
        10775731.200000001,
        9634838.399999997,
        11497702.4,
        10035667.2,
        11097309.280000001,
        10591285.920000002,
        11646825.599999998,
        11656620.8,
        10190547.199999997,
        11293161.600000001,
        11748900.8,
        11583545.599999998,
        10952534.399999997,
        11679054.4,
        10434892.800000003,
        10061502.4,
        9693273.600000001,
        10468851.200000001,
        10183638.399999999,
        9525134.399999999,
        12259945.6,
        10240334.400000002,
        10771736.0,
        12036035.2,
        12176662.400000002,
        11227353.600000001,
        10613990.4,
        10024879.999999996,
        11309836.799999997,
        10443247.999999998,
        11743154.32,
        11674384.879999999,
        11097712.0,
        11050265.6,
        11948742.399999999,
        11745197.92,
        9951906.079999998,
        11228083.199999997,
        10498582.4,
        9967378.8
    ],
    "throughput_sink_bps": [
        10127844.8,
        9206473.6,
        11099417.599999998,
        9588057.600000001,
        10649029.400000002,
        10197338.600000001,
        11141828.799999997,
        11144630.399999999,
        9813116.8,
        10851299.2,
        11302955.2,
        11093438.399999999,
        10533628.8,
        11253540.799999999,
        9980500.799999999,
        9571265.6,
        9261785.6,
        10075961.6,
        9751154.82,
        9137709.92,
        11808258.459999999,
        9759158.400000002,
        10369862.4,
        11528687.999999998,
        11760666.18,
        10796858.62,
        10133228.8,
        9603580.8,
        10839305.6,
        10044524.799999999,
        11285388.799999999,
        11254548.199999997,
        10672251.799999999,
        10639430.399999999,
        11480272.0,
        11342256.000000002,
        9480281.6,
        10788582.4,
        10073475.2,
        9447369.080000002
    ],
    "time_stamp_ns": [
        0.0,
        5000000000.0,
        10000000000.0,
        15000000000.0,
        20000000000.0,
        25000000000.0,
        30000000000.0,
        35000000000.0,
        40000000000.0,
        45000000000.0,
        50000000000.0,
        55000000000.0,
        60000000000.0,
        65000000000.0,
        70000000000.0,
        75000000000.0,
        80000000000.0,
        85000000000.0,
        90000000000.0,
        95000000000.0,
        100000000000.0,
        105000000000.0,
        110000000000.0,
        115000000000.0,
        120000000000.0,
        125000000000.0,
        130000000000.0,
        135000000000.0,
        140000000000.0,
        145000000000.0,
        150000000000.0,
        155000000000.0,
        160000000000.0,
        165000000000.0,
        170000000000.0,
        175000000000.0,
        180000000000.0,
        185000000000.0,
        190000000000.0,
        195000000000.0
    ]
}