{
    "name": "tcp_15",
    "flow_rate_mbps": [
        0.09549031379666038,
        0.05001969429859616,
        0.03515037033741756,
        0.05257644646068925,
        0.031387779770338145,
        0.0494585924851348,
        0.10642996946404636,
        0.06120158578171855
    ],
    "time_stamp_us": [
        2002792,
        15529609,
        39587333,
        73507886,
        98285521,
        133106716,
        157437372,
        169470073,
        190395021
    ]
}