{
    "name": "tcp_2",
    "flow_rate_mbps": [
        0.307276912872137,
        0.6787463849377324,
        0.5217662751116104,
        0.47272322148949525,
        0.4150858803265524,
        0.619907799944972,
        0.5897007368853134,
        0.5824077746450234,
        0.29385464813049655,
        0.6300202923735475,
        0.7813254052167674,
        0.4690751196076248,
        0.31520480441426657,
        0.25135334218256833,
        0.49620785862204436,
        0.5653038610663352,
        0.830208869882568,
        0.5659019472357946,
        0.35707611586286214,
        0.41210714757927863,
        0.7313239148882049,
        0.9333420637992611,
        0.4345679261158948,
        0.23987978803061072,
        0.22848167866302097,
        0.5575419671535059,
        0.3624979121250925,
        0.43867144552769183,
        0.7359769105282971,
        1.0508908606987275,
        0.8436381306565354,
        0.46291266916454443,
        0.5664718098177253,
        0.6089049338146812,
        0.3459402190091525,
        0.7177016526522576,
        0.3309807408714717,
        0.6074648129696931,
        0.36175492458996,
        0.45382071965327053,
        0.7145621817965285,
        0.737507793711588,
        0.41959515020257954,
        0.35530692912879003,
        0.4438180249615478,
        0.7859049652963161,
        0.7246587952771664,
        0.707440168760365,
        0.3127623669123768,
        0.44751280436403057,
        0.32434418998347847,
        0.6396962833298278,
        0.5346344629717972,
        0.30644068039429706,
        0.2613802665593366,
        0.32757987836640856,
        0.41781751741431955,
        0.3418844591560588,
        0.5754617232846218,
        0.3559442013981321,
        0.3849263671423506,
        0.6465329274375967,
        0.4178575632684256,
        0.3596692606581339,
        0.3479192600412839,
        0.46776369723635525,
        0.4898622040693173,
        0.8569558970442008,
        0.7105835484461066,
        0.4228307341742976,
        0.5046819730139452,
        0.391446444969759,
        0.7729139669221814
    ],
    "time_stamp_us": [
        3103482,
        6947832,
        8574360,
        11092269,
        13614506,
        16433778,
        18214688,
        20292759,
        22377896,
        26548121,
        28335492,
        29974553,
        32516406,
        36404164,
        41499143,
        43902007,
        45854939,
        47357597,
        49308465,
        52925845,
        55792284,
        57301875,
        58508378,
        61683946,
        66976597,
        72291684,
        74271804,
        77774169,
        80517361,
        82047409,
        83118957,
        84650040,
        87249580,
        89393376,
        91387776,
        94770557,
        96462625,
        99998299,
        101852036,
        105453148,
        108080441,
        109625443,
        111331947,
        114436654,
        117854544,
        120342050,
        121746800,
        123620675,
        125181231,
        129346438,
        132010764,
        135618783,
        137344602,
        139698659,
        144165951,
        148896530,
        152536314,
        155390000,
        158877494,
        161102907,
        164607726,
        167475807,
        169388285,
        172268118,
        175951502,
        179315041,
        181887622,
        184141317,
        185429598,
        187200762,
        190098943,
        192527086,
        195601223,
        197058151
    ]
}