{
    "name": "tcp_28",
    "flow_rate_mbps": [
        0.056179681767365756,
        0.0356231161433782,
        0.06974588790151282,
        0.07506984066965446,
        0.12163665825669635,
        0.047805882535164074,
        0.02305555697150241
    ],
    "time_stamp_us": [
        31845859,
        52872678,
        82624146,
        100352503,
        116823565,
        128168829,
        152185957,
        196718388
    ]
}