{
    "name": "scps_tp_18",
    "flow_rate_mbps": [
        0.696407652426164,
        0.7242675857747141,
        0.36894992627121126,
        0.24708575473129918,
        0.5244045926116496,
        0.40133329783747607,
        0.6161678003023476,
        0.4091300257849672,
        0.2721502016490349,
        0.33631559893539364,
        0.4381792804175404,
        0.467837496391369,
        0.44546052992007457,
        0.7256740251245111,
        0.38890123484086775,
        0.723087239015046,
        0.9665029432865541,
        0.4529348398038848,
        0.5078199744106813,
        0.35798938779836387,
        0.277851070721963,
        0.6491348385735387,
        0.5219744249989089,
        0.4369593189792448,
        0.2614880384399244,
        0.205979813034468,
        0.5270390693089345,
        0.48079839098757055,
        0.22353289663628284,
        0.4054613913123536,
        0.29223962301473666,
        0.49378360933180904,
        0.7839352659515236,
        0.33624454683143823
    ],
    "time_stamp_us": [
        6063431,
        10977794,
        16084194,
        20692299,
        27841234,
        34620122,
        40066767,
        46516958,
        51509014,
        58121245,
        63209323,
        67895624,
        72803995,
        78553730,
        83574166,
        88911048,
        93857837,
        97901446,
        103215058,
        108519615,
        116784441,
        121711397,
        127170725,
        132944801,
        138048434,
        144676959,
        151966217,
        156867865,
        161276532,
        169277502,
        175294943,
        179450437,
        184995214,
        189952358,
        196486174
    ]
}