{
    "name": "tcp_41",
    "flow_rate_mbps": [
        0.09216874561175753,
        0.10941969245907911,
        0.14659352421011493,
        0.08938340157585073,
        0.10447593465860362,
        0.11954960517431734,
        0.1139950943810669,
        0.3280039796841088,
        0.1270960806180989,
        0.14766897877732665,
        0.11526392532023022,
        0.08871039205054917,
        0.06145709950771577,
        0.09797683581475955,
        0.1324361636298385,
        0.06942240496189094
    ],
    "time_stamp_us": [
        4563925,
        17739758,
        28434725,
        36643546,
        50353474,
        62188544,
        72439017,
        83092107,
        87030108,
        96585084,
        104808883,
        115727824,
        129043964,
        148265177,
        160096545,
        171100186,
        187002833
    ]
}