{
    "name": "tcp_16",
    "flow_rate_mbps": [
        0.10624117459994022,
        0.20254746147665456,
        0.10720647784928154,
        0.09107790520818022,
        0.09402813462603092,
        0.11742090715395934,
        0.1284241531664212,
        0.09853482675113123,
        0.11858602633872507,
        0.295046568717934,
        0.10875161678846049,
        0.16766417655159285,
        0.11797751335383239,
        0.14003174391102913,
        0.1028724694762876,
        0.09364590939813729,
        0.16653209882017656,
        0.13373844259933473,
        0.18043537325640116
    ],
    "time_stamp_us": [
        3226377,
        14553059,
        20930231,
        32051947,
        45385587,
        57713812,
        68714238,
        78084438,
        90521056,
        100575529,
        104990832,
        116360594,
        124262103,
        134555590,
        144016302,
        156250479,
        168511132,
        176201181,
        185364141,
        192522826
    ]
}