{
    "name": "scps_tp_22",
    "flow_rate_mbps": [
        0.4955252311279701,
        0.5544837534985999,
        0.3649980013778244,
        0.49263679278070166,
        0.8761961528743302,
        0.6336261522947793,
        0.8151565763316069,
        0.539065842422138,
        0.6734376968784277,
        0.6500878364452927,
        0.7126121602607747,
        0.5085343137129458,
        0.7640474196555191,
        0.6728123982748465,
        0.794640254674847,
        0.7802343013543265,
        0.6407595273115501,
        0.3706421595523751,
        0.5116830466904734,
        0.6539220138357937,
        0.7347364532287333,
        0.42572053258189274,
        0.38074641488817407,
        0.4412942713288234,
        0.849913178152594,
        1.0837920847615092,
        0.43726045536974895,
        0.2456766319669135,
        0.36026922292473995,
        0.6135286020661884,
        0.5589788397674844,
        0.6650993596782292,
        0.6400291338021714,
        0.25525713854275983,
        0.7366589749375806,
        1.2764901945585614,
        0.36930410070915176,
        0.3090250949597257,
        0.2548864867797171,
        0.515522581261701,
        0.7211256162638255
    ],
    "time_stamp_us": [
        7563101,
        12130376,
        16431025,
        21451984,
        27278589,
        31600361,
        36095630,
        40551412,
        44422108,
        50668031,
        55966515,
        60800112,
        65098583,
        70126962,
        74885495,
        79095098,
        83821063,
        87749401,
        92783259,
        97745706,
        102152103,
        106569687,
        111393133,
        116148424,
        119901022,
        123875828,
        128928310,
        133296233,
        137834882,
        142125007,
        146173718,
        151170544,
        156083855,
        160982632,
        165869939,
        169166987,
        173811347,
        179042808,
        183544190,
        189738006,
        194342266,
        198674826
    ]
}