{
    "name": "scps_tp_20",
    "flow_rate_mbps": [
        0.5198578635352041,
        0.6570560807631433,
        1.2739068590724996,
        0.8209295735412073,
        0.30775945312388264,
        0.5325698091546887,
        0.6047993803378748,
        0.4219127205199628,
        0.5775041820304578,
        0.4955027266708399,
        0.4462906587885968,
        0.45536635908970585,
        0.8466554530040157,
        0.4799389582884136,
        0.5562828747118653,
        0.9584842173449512,
        0.41246233589576964,
        0.6434981377925361,
        0.4294518302272294,
        0.39394051108726547,
        0.8137879296801994,
        0.5427245496382097,
        0.9155137478882328,
        0.3666743830470178,
        0.7941925610774389,
        1.2076533646221095,
        0.9102634468234531,
        0.8824565230982954,
        1.2869755516697599,
        1.2796276937746305,
        0.38599164162843547,
        0.5198132194137504,
        0.7607192013215943,
        0.6666408278748884,
        0.92523543598589,
        1.4215776271098053,
        0.5800082590015401,
        0.6287323971972029,
        0.7352356368171874,
        0.9096279617215086,
        0.46447669360227223,
        0.6070827680704044,
        0.7047572953261514,
        0.6828588354183364,
        1.1192086516178867,
        0.31283397362470516,
        0.38172762191935883,
        0.9484348565344,
        0.45055582690155854,
        0.7161625453022371
    ],
    "time_stamp_us": [
        4013127,
        5579509,
        6117180,
        6853956,
        7270362,
        11605384,
        15709860,
        19908277,
        27339577,
        31832012,
        36043008,
        42177844,
        47923723,
        52800512,
        56803021,
        61188991,
        65635011,
        69301964,
        75958580,
        80277388,
        85349829,
        89175494,
        94545732,
        98464843,
        104456426,
        109446853,
        113386924,
        117838031,
        121628722,
        123026977,
        123484235,
        125364027,
        131501924,
        136087900,
        139648438,
        142810444,
        144114415,
        146252688,
        151028774,
        155728655,
        156217180,
        160180212,
        164599247,
        169392727,
        172836367,
        173768447,
        178850248,
        184027133,
        188275817,
        195136676,
        199591754
    ]
}