{
    "name": "tcp_35",
    "flow_rate_mbps": [
        0.3216668468409101,
        0.6254427458239071,
        0.2811989614529755,
        0.512592012248271,
        0.5032649682700266,
        0.3934168554389534,
        0.8565120452444395,
        0.8597569985715979,
        0.5808794746756525,
        0.3716402727810224,
        0.6014143935342011,
        0.7574312029896626,
        0.7555778619336588,
        1.1622319339881477,
        0.5242775060152612,
        0.662887885483716,
        0.6412625480697197,
        0.5959066021771666,
        0.27729412176290597,
        0.5652886111486554,
        0.43456363868322107,
        0.5098804875646332,
        0.4481938275915265,
        0.5133990946472748,
        0.40757833644257924,
        0.5291170226776521,
        0.299572049540261,
        0.5247219236853783,
        0.5171791654585901,
        0.31188934345285374,
        0.31185275563788845,
        0.363833136039307,
        0.34744714602248417,
        0.3125560580800149,
        0.35191611784042043,
        0.9689814401280045,
        0.558971949251231,
        0.6124775340117006,
        0.9615401834226135,
        0.5933496020616926,
        0.4472823393117465,
        0.379133425369346,
        0.5279303812303944,
        0.6884322032246876,
        0.5728962667884416,
        0.49056751041238805,
        0.5425497694699597,
        0.3671875834354265,
        0.3896761448827866,
        0.3242908009254525,
        0.24586070926468137,
        0.578527336012769,
        0.9662697859446596,
        0.9402080628415747,
        0.7308426443338151,
        0.9416589094517734,
        0.9659308675584835,
        0.5300268980564922,
        0.37695317961525837,
        0.6076618229854689,
        0.46850197426572915,
        0.45425499104442146,
        0.5000987818428695,
        0.5653438663099883,
        0.5346553580873122,
        0.30140228200395913,
        0.5774194877225691,
        0.6919809499292059,
        0.5089510096039049,
        0.504447356697269,
        0.5438148028685549,
        0.7915485252456117,
        0.29910297971164795,
        0.9189123367865506,
        0.2929668661863837,
        0.3292046085663274
    ],
    "time_stamp_us": [
        1798519,
        5470890,
        7571418,
        11772287,
        14335261,
        16836051,
        19950915,
        21330090,
        22832468,
        25037125,
        28304801,
        30324041,
        32029384,
        33607408,
        34680791,
        37397215,
        39229199,
        41071315,
        43238903,
        47697995,
        49865808,
        52711145,
        55157836,
        57990539,
        60377454,
        63790393,
        66273322,
        70732483,
        73173090,
        75542559,
        79507042,
        83896806,
        87295287,
        91775508,
        95872821,
        99229530,
        100516985,
        102768547,
        104679213,
        105907742,
        108159096,
        110898842,
        114101936,
        116444063,
        118240144,
        120456252,
        123044275,
        125282595,
        128559830,
        131931245,
        135539858,
        140748661,
        142828701,
        144119769,
        145411398,
        147133465,
        148352760,
        149644281,
        152018802,
        155416147,
        157450963,
        160066619,
        162861525,
        165488526,
        167695183,
        170049148,
        174005057,
        176165566,
        177952436,
        180490362,
        183029061,
        185140368,
        186800102,
        190749511,
        192047045,
        195966123,
        199990368
    ]
}