{
    "name": "scps_tp_26",
    "flow_rate_mbps": [
        0.5003032207779147,
        1.3000309885342425,
        0.6258542111225269,
        1.1658744829970875,
        0.6957595030289263
    ],
    "time_stamp_us": [
        1870183,
        5847483,
        6170183,
        6549773,
        6925738,
        7392405
    ]
}