{
    "name": "scps_tp_39",
    "flow_rate_mbps": [
        0.9669144125099501,
        0.8013542652625336,
        0.858071866849873,
        1.8818255812581837,
        3.6215203426124196,
        8.600000000000001,
        2.843137254901961,
        1.7708333333333335,
        4.791666666666666,
        2.7551020408163267,
        1.5006809909182728,
        3.297978543264783,
        4.183673469387755,
        3.673469387755102,
        3.5890594371746034,
        2.2800799467021986,
        0.7439795969088868,
        1.6187634573472363,
        2.00100911028538,
        1.7489578085072544,
        1.9824392478872332,
        0.6284490589257982,
        2.9740577067580283,
        2.0020772540679554,
        1.2038022161597361,
        1.6414992723767345,
        2.508433540900074,
        2.1726828190736294,
        0.9587621425787735,
        1.6056811379584732,
        1.6306446860073525,
        0.9878186974750457,
        0.8045662405287226,
        1.5539244496995546,
        0.8236455507025457,
        1.2141586408212168,
        0.7732059637327787,
        0.9811504220329363,
        1.281767884693659,
        1.3704344408878668,
        1.2606722344040093,
        0.37699534429980036,
        1.7160442090461077,
        2.0986524064171124,
        2.050328164806443,
        1.129040771545126,
        1.0911503589345384,
        1.5414818153780456,
        0.8078649620665215,
        0.8936226636496074,
        1.4921921044829576,
        0.8988693146096034
    ],
    "time_stamp_us": [
        22598575,
        23284493,
        29153358,
        33116103,
        36507023,
        37881871,
        37992271,
        38104879,
        38210863,
        38316847,
        38425039,
        43295148,
        45263481,
        45371673,
        45479865,
        45895127,
        48747027,
        53836844,
        57492375,
        60885463,
        64035316,
        67387792,
        73940304,
        76794909,
        80009730,
        83788158,
        87615001,
        90260094,
        93745849,
        97902709,
        101230493,
        105333312,
        109166728,
        114559348,
        117593009,
        122619443,
        126592960,
        132004403,
        136977830,
        140707304,
        143720188,
        147748515,
        157441579,
        161166518,
        163854643,
        167306110,
        171549854,
        176062376,
        180108872,
        186203752,
        191973167,
        195605836,
        199536107
    ]
}