{
    "name": "scps_tp_10",
    "flow_rate_mbps": [
        1.764368085928612,
        2.3916481862540784,
        1.9558323287831687,
        2.285649755794585,
        1.842904382508013,
        1.0058212589758702,
        0.7920014400026182,
        1.3209118820371883,
        0.8439393018497133,
        0.9733511111111111,
        1.8464214876695177,
        4.0816326530612255,
        1.0882128259553465,
        0.9210583314481543,
        1.9164118246687054,
        1.4432814742046247,
        2.2728453335950753,
        1.9764423173198231,
        1.1358325622814374,
        2.1343074245739784,
        2.0548158664750593,
        1.4519703380697242,
        2.0413085639127284,
        1.5057231041784889,
        1.4568022253079576,
        2.0334759313868007,
        1.9885639843166465,
        2.659211225374709,
        1.6728068656840325,
        1.7941808836321542,
        1.570057834255972,
        1.577762454634837,
        1.9792020590324064,
        1.1574271059540202,
        1.6593327541826932,
        2.0341272046586534,
        0.7664999322940818,
        2.2838156276046924,
        1.7059951546237828,
        1.6781541481196873,
        1.8440669681046071,
        2.109327435128741,
        1.4456181837982482,
        1.3925124803589908,
        1.2465080614692847,
        1.2311646030189898,
        1.3431378761832873,
        2.0564615551092458,
        1.5350968874286226,
        3.1544572670356064,
        1.514442214575088,
        2.1448065212813647,
        2.047121503995186,
        1.6481836242589702,
        1.307009462472986,
        1.7049073242426716,
        2.003078953155927,
        0.9454550820960951,
        1.3792497999398978,
        1.4114364336911107,
        1.4813199423947891,
        2.2516102485626868,
        1.931139284068723,
        1.2118623842839737,
        1.6552422954060166,
        1.8104124784040918,
        1.5359211516728037,
        0.9934145904365245,
        1.7949289162317326
    ],
    "time_stamp_us": [
        2216168,
        3323692,
        5149499,
        7198509,
        7304772,
        7935598,
        8577040,
        9004817,
        9346484,
        9988151,
        10438151,
        12185609,
        12293801,
        15296743,
        19659724,
        22638040,
        25820122,
        28642241,
        31139091,
        34045294,
        36947144,
        39719480,
        42456726,
        45366389,
        48834437,
        51964251,
        54733106,
        57192529,
        59675190,
        62638449,
        65745828,
        69057706,
        72374403,
        75408838,
        78670970,
        81844583,
        84856784,
        90949309,
        93767540,
        97022602,
        99877739,
        102889083,
        106003251,
        109088547,
        113544148,
        116768002,
        120372784,
        124112683,
        127263960,
        130521813,
        133059175,
        136288562,
        139418131,
        142303353,
        145572115,
        149288691,
        152105501,
        155197461,
        159669720,
        162631330,
        166213723,
        169396074,
        172475257,
        176334119,
        179996317,
        183004360,
        186272919,
        190003423,
        193970830,
        196695573
    ]
}