{
    "name": "tcp_32",
    "flow_rate_mbps": [
        0.12311255282655811,
        0.15095149446146572,
        0.16836860523923824,
        0.19542456091110103,
        0.18452870269210728,
        0.12138200157880331,
        0.14414539883708785,
        0.28395186927631955,
        0.2320884858567704,
        0.2178786593805756,
        0.11579935601018439,
        0.14291206456480327,
        0.10525418206011751,
        0.29541178056832057,
        0.4390693797230284,
        0.27256519611270363,
        0.20131865213384403,
        0.16887593513675211,
        0.10978396557450626,
        0.20717583546180848,
        0.21085789681402123,
        0.13848535971184467,
        0.18183906085531226,
        0.16616361419754158,
        0.1619894445216184,
        0.46954726541882214,
        0.44997756491819524,
        0.1338552651714704,
        0.12682769179648395
    ],
    "time_stamp_us": [
        1933651,
        7215322,
        14894610,
        21779504,
        28050159,
        34631249,
        44090312,
        51213120,
        55295502,
        60480421,
        66104836,
        76305929,
        84262710,
        95485827,
        99335098,
        101849507,
        106426467,
        112842564,
        119902895,
        130461814,
        135950485,
        141709814,
        150478972,
        156975266,
        163885082,
        171177409,
        173528610,
        176350084,
        185505047,
        194732054
    ]
}