{
    "name": "tcp_9",
    "flow_rate_mbps": [
        0.6065339180556902,
        0.3713317265240497,
        0.17041918974869733,
        0.3450169427962981,
        0.278913705951156,
        0.2743062811719246,
        0.26267759438241123,
        0.3953257086026852,
        0.2327726085162946,
        0.4893529869220129,
        0.5607966045575808,
        0.32705213312746156,
        0.509457926199387,
        0.2640002239662557,
        0.281771312742775,
        0.22963959341588897,
        0.19243836709890566,
        0.3354193124485319,
        0.37346928796345763,
        0.33875358083281765,
        0.3549769113425872,
        0.28782748070433195,
        0.29075810798468504,
        0.3505515527147579,
        0.3279016233144872,
        0.37068591492793285,
        0.4592914085251358,
        0.25756400583515937,
        0.2083500246229905,
        0.5442976883541119,
        0.22700532522931946,
        0.26312750745121116,
        0.28606250399082733,
        0.3477804321003859,
        0.42151884235042575,
        0.7756042323568241,
        0.47708697367679376,
        0.1947293556771494,
        0.275876398684369,
        0.3060645052741063,
        0.49590038357201643,
        0.3266007960292263,
        0.24295179542448436,
        0.32420539765396,
        0.3176744795746436,
        0.30680174088444545,
        0.3996243249589106,
        0.3758267834011021
    ],
    "time_stamp_us": [
        5166751,
        7114342,
        10414464,
        18123455,
        21707279,
        26100896,
        30608558,
        35652003,
        38612195,
        44066445,
        46593210,
        48758701,
        52674407,
        55036447,
        60180079,
        65038487,
        70374849,
        77029655,
        80814768,
        84066441,
        87781708,
        92135794,
        96470057,
        100608755,
        104198983,
        108070876,
        111495878,
        114163988,
        118707480,
        124324182,
        126535031,
        132273751,
        137140745,
        141463157,
        144891527,
        147929683,
        149495430,
        152156580,
        158506316,
        163588592,
        167772808,
        170266212,
        174085921,
        179311649,
        183159580,
        186912856,
        190979065,
        194045545,
        197423697
    ]
}