{
    "name": "tcp_37",
    "flow_rate_mbps": [
        0.026333010657283794,
        0.03399993846750267,
        0.029290168353397386,
        0.03809413364642086,
        0.04218392091263434
    ],
    "time_stamp_us": [
        17117195,
        59461005,
        91931652,
        127738889,
        155850304,
        181497991
    ]
}