{
    "name": "tcp_23",
    "flow_rate_mbps": [
        0.14202096867562877,
        0.18328675752386317,
        0.17832662644227074,
        0.08396193174058399,
        0.14536105514274675,
        0.20955728951864985,
        0.15664087134909493,
        0.06265651290993343,
        0.08864672090890882,
        0.10139391744646085,
        0.09745643906513447,
        0.16109466961423216,
        0.18193622581803676,
        0.1663893466034292,
        0.12947220990532773,
        0.17945644880621742,
        0.09817368554614135,
        0.14624948995611728,
        0.19714602904678982
    ],
    "time_stamp_us": [
        9836382,
        18464967,
        26054386,
        32740544,
        48256147,
        56914312,
        62709386,
        70885030,
        89385900,
        102960683,
        114611086,
        126505631,
        134318180,
        141053727,
        148484972,
        157864591,
        164939288,
        177084294,
        186973149,
        192629058
    ]
}