{
    "name": "scps_tp_17",
    "flow_rate_mbps": [
        0.43522502407735486,
        0.4290507092153314,
        0.6767997032870866,
        0.8300563753096937,
        0.9254998218975657,
        0.6431529228529347,
        0.28424043863882,
        0.654255915824942,
        0.6163739992212147,
        0.5227849917581361,
        0.31222504336458934,
        0.656472574235602,
        1.3686723895382715,
        0.7935464718428508,
        0.7445912545202298,
        0.6835445521887724,
        0.39290058836228314,
        0.5715064480598592,
        0.5828718715779694,
        0.22779970424555304,
        0.3366812763925699,
        0.6202781124866881,
        0.7752116793667051,
        0.4603556538264218,
        0.36949673426398616,
        0.7885142181608124,
        0.6266314574885855,
        0.9942126789434517,
        0.4946840602005348,
        0.3639923883736927,
        0.6511430391393588,
        0.7194172835851155,
        0.6504212340943447,
        0.1698077381109397,
        0.46247581574819513,
        0.7124627560866332,
        0.9214438056708492
    ],
    "time_stamp_us": [
        5800793,
        8195159,
        11563600,
        17435943,
        20215706,
        22352117,
        22942807,
        27195235,
        31447516,
        35353599,
        37068017,
        42477961,
        48616222,
        53399485,
        59604339,
        61729231,
        62340761,
        67009993,
        72828720,
        78094234,
        87980814,
        97424523,
        104882081,
        110179834,
        116822698,
        123575234,
        129791685,
        136116551,
        142090645,
        148674241,
        154649311,
        159905299,
        164877323,
        171191508,
        184194449,
        189995228,
        195124254,
        199497391
    ]
}