{
    "name": "tcp_14",
    "flow_rate_mbps": [
        0.10634774923705574,
        0.04994036839121058,
        0.05772892031612097,
        0.03136877923934632,
        0.08106231427271307,
        0.055457010622464165,
        0.07481771169912592,
        0.1371557595423714,
        0.1229963369708779,
        0.09009501795371735
    ],
    "time_stamp_us": [
        19419358,
        29592775,
        52804458,
        71737083,
        106931312,
        122048571,
        142354029,
        156814776,
        165668943,
        175452649,
        189054289
    ]
}