{
    "name": "tcp_26",
    "flow_rate_mbps": [
        0.5308233935897924,
        0.21816339357642708,
        0.14894981228071832,
        0.13419115189247208,
        0.2563444043925857,
        0.5089481268841866,
        0.22315815224884086,
        0.11783297184451254,
        0.16521094298025854,
        0.13458340123124307,
        0.16890916862167255,
        0.1492657412467244,
        0.202806194009386,
        0.1145209930237669,
        0.2828146108772307,
        0.1307672254112551,
        0.2900223787246214,
        0.2304873614232035,
        0.10972052794889191,
        0.18074882969539485,
        0.15493148102657026,
        0.1422202155877871,
        0.1430922792906653,
        0.12467866261338992,
        0.1744446367003956,
        0.2304241177856031,
        0.22686376299122846,
        0.1393687111343981,
        0.1914124953414408
    ],
    "time_stamp_us": [
        1982364,
        2481287,
        8185122,
        16115847,
        24342917,
        28606556,
        30862503,
        36650685,
        46394647,
        53878897,
        61917927,
        69107590,
        76725681,
        82768100,
        92601057,
        96895036,
        106012917,
        110085982,
        115019528,
        125987029,
        132522507,
        140432068,
        148582808,
        156606721,
        166878246,
        173270188,
        178492558,
        183553569,
        191554217,
        197494895
    ]
}