{
    "name": "tcp_19",
    "flow_rate_mbps": [
        0.11177998025904018,
        0.1494664884192115,
        0.0670278095961992,
        0.1017183397060856,
        0.1559419820427567,
        0.0840033876826757,
        0.04474426357505506,
        0.11241101643045696,
        0.09310756484908304,
        0.09563201006774313,
        0.12848060524539776,
        0.08318530392963909,
        0.20231982107267843,
        0.08759491351911688
    ],
    "time_stamp_us": [
        8866755,
        19632189,
        28569577,
        47346261,
        59393646,
        67605931,
        83113877,
        108280902,
        121539389,
        135056658,
        148217105,
        157840970,
        173235997,
        179402076,
        194904346
    ]
}