{
    "name": "tcp_24",
    "flow_rate_mbps": [
        0.5449175418262217,
        0.08257366787008111,
        0.08366297720711251,
        0.11170793441880807,
        0.15627895303405798,
        0.09226362898508025,
        0.07780792156059387,
        0.10022104463972815,
        0.1153563108479931,
        0.09810087440116044,
        0.21427728263798204,
        0.1182022857308603,
        0.12455627227374903,
        0.08617793473786796,
        0.24788378202393516,
        0.11115326547040834,
        0.08691516389224445,
        0.11532509305375682,
        0.16660423013662493
    ],
    "time_stamp_us": [
        1744884,
        3704241,
        18143711,
        31075596,
        41749144,
        49590507,
        63710047,
        78608273,
        89734080,
        99974352,
        112578521,
        118245944,
        128519857,
        138535571,
        151858703,
        156401477,
        167326932,
        181172157,
        190170719,
        197327320
    ]
}