{
    "throughput_send_bps": [
        0.0,
        0.0,
        0.0,
        0.0,
        0.0,
        0.0,
        0.0,
        0.0,
        0.0,
        0.0,
        0.0,
        0.0,
        0.0,
        0.0,
        0.0,
        0.0,
        0.0,
        0.0,
        0.0,
        0.0,
        0.0,
        0.0,
        0.0,
        0.0,
        0.0,
        0.0,
        0.0,
        0.0,
        0.0,
        0.0,
        0.0,
        0.0,
        0.0,
        0.0,
        0.0,
        0.0,
        0.0,
        0.0,
        0.0,
        0.0
    ],
    "throughput_sink_bps": [
        752745.6000000001,
        1040331.2000000001,
        1042064.0,
        1047326.4,
        1049449.6,
        1059379.2,
        1066604.8,
        1071132.8,
        1074184.0,
        1075872.0,
        1081729.6,
        1091471.9840000002,
        1093652.816,
        1099868.8,
        1102321.5999999999,
        1104292.8,
        1113475.882,
        1114565.75,
        1163367.968,
        1262124.4340000001,
        1370470.766,
        1486768.0,
        1548668.8,
        1549377.6,
        1551540.8,
        1549641.5999999999,
        1546593.5999999999,
        1546769.6,
        1550656.0659999999,
        1547731.1339999998,
        1549692.7999999998,
        1549283.2000000002,
        1546822.4,
        1549038.4,
        1546574.4000000001,
        1551179.2,
        1547844.8,
        1548584.0,
        1545459.2,
        1550571.2
    ],
    "time_stamp_ns": [
        0.0,
        5000000000.0,
        10000000000.0,
        15000000000.0,
        20000000000.0,
        25000000000.0,
        30000000000.0,
        35000000000.0,
        40000000000.0,
        45000000000.0,
        50000000000.0,
        55000000000.0,
        60000000000.0,
        65000000000.0,
        70000000000.0,
        75000000000.0,
        80000000000.0,
        85000000000.0,
        90000000000.0,
        95000000000.0,
        100000000000.0,
        105000000000.0,
        110000000000.0,
        115000000000.0,
        120000000000.0,
        125000000000.0,
        130000000000.0,
        135000000000.0,
        140000000000.0,
        145000000000.0,
        150000000000.0,
        155000000000.0,
        160000000000.0,
        165000000000.0,
        170000000000.0,
        175000000000.0,
        180000000000.0,
        185000000000.0,
        190000000000.0,
        195000000000.0
    ]
}