{
    "time_stamp (ns)": [
        0.0,
        5000000000.0,
        10000000000.0,
        15000000000.0,
        20000000000.0,
        25000000000.0,
        30000000000.0,
        35000000000.0,
        40000000000.0,
        45000000000.0,
        50000000000.0,
        55000000000.0,
        60000000000.0,
        65000000000.0,
        70000000000.0,
        75000000000.0,
        80000000000.0,
        85000000000.0,
        90000000000.0,
        95000000000.0,
        100000000000.0,
        105000000000.0,
        110000000000.0,
        115000000000.0,
        120000000000.0,
        125000000000.0,
        130000000000.0,
        135000000000.0,
        140000000000.0,
        145000000000.0,
        150000000000.0,
        155000000000.0,
        160000000000.0,
        165000000000.0,
        170000000000.0,
        175000000000.0,
        180000000000.0,
        185000000000.0,
        190000000000.0,
        195000000000.0
    ],
    "max_utilization_details": [
        {
            "constellation_name": "Constellation 1",
            "maximum_link_utilization (MLU)": [
                0.029937856,
                0.036418752,
                0.038714592,
                0.03885024,
                0.037045472,
                0.038458592,
                0.0397208486,
                0.0370477594,
                0.0387952,
                0.0382672548,
                0.0378479772,
                0.039460512,
                0.036412928,
                0.038760832,
                0.038929888,
                0.037030528,
                0.038437632,
                0.039684384,
                0.036993728,
                0.038988928,
                0.0380822496,
                0.037949344,
                0.039454848,
                0.036527328,
                0.03864304,
                0.038958624,
                0.037197312,
                0.03829968,
                0.039642001,
                0.037027296,
                0.039044864,
                0.037927008,
                0.037931712,
                0.039562336,
                0.036451392,
                0.038829792,
                0.038886368,
                0.03718368,
                0.038275328,
                0.0396348926
            ]
        }
    ]
}