{
    "throughput_send_bps": [
        0.0,
        0.0,
        0.0,
        0.0,
        0.0,
        0.0,
        0.0,
        0.0,
        0.0,
        0.0,
        0.0,
        0.0,
        0.0,
        0.0,
        0.0,
        0.0,
        0.0,
        0.0,
        0.0,
        0.0,
        0.0,
        0.0,
        0.0,
        0.0,
        0.0,
        0.0,
        0.0,
        0.0,
        0.0,
        0.0,
        0.0,
        0.0,
        0.0,
        0.0,
        0.0,
        0.0,
        0.0,
        0.0,
        0.0,
        0.0
    ],
    "throughput_sink_bps": [
        1479715.2,
        1800889.5999999999,
        1907681.5999999999,
        1916576.0,
        1824833.6,
        1897332.8,
        1960672.0,
        1828295.436,
        1909709.364,
        1895184.0,
        1861365.95,
        1945264.45,
        1795721.6,
        1909958.4,
        1921695.214,
        1822779.9859999998,
        1898665.5999999999,
        1955579.2,
        1825302.3260000001,
        1919974.474,
        1878772.8,
        1871474.9980000001,
        1945553.802,
        1800731.2,
        1905889.6,
        1918897.5999999999,
        1834073.5999999999,
        1891188.7999999998,
        1957460.7999999998,
        1821083.2,
        1925331.2,
        1870744.0,
        1870358.4000000001,
        1951128.0,
        1794883.2,
        1915054.4,
        1917650.182,
        1831106.618,
        1887532.8,
        1955697.516
    ],
    "time_stamp_ns": [
        0.0,
        5000000000.0,
        10000000000.0,
        15000000000.0,
        20000000000.0,
        25000000000.0,
        30000000000.0,
        35000000000.0,
        40000000000.0,
        45000000000.0,
        50000000000.0,
        55000000000.0,
        60000000000.0,
        65000000000.0,
        70000000000.0,
        75000000000.0,
        80000000000.0,
        85000000000.0,
        90000000000.0,
        95000000000.0,
        100000000000.0,
        105000000000.0,
        110000000000.0,
        115000000000.0,
        120000000000.0,
        125000000000.0,
        130000000000.0,
        135000000000.0,
        140000000000.0,
        145000000000.0,
        150000000000.0,
        155000000000.0,
        160000000000.0,
        165000000000.0,
        170000000000.0,
        175000000000.0,
        180000000000.0,
        185000000000.0,
        190000000000.0,
        195000000000.0
    ]
}