{
    "throughput_send_bps": [
        0.0,
        0.0,
        0.0,
        0.0,
        0.0,
        0.0,
        0.0,
        0.0,
        0.0,
        0.0,
        0.0,
        0.0,
        0.0,
        0.0,
        0.0,
        0.0,
        0.0,
        0.0,
        0.0,
        0.0,
        0.0,
        0.0,
        0.0,
        0.0,
        0.0,
        0.0,
        0.0,
        0.0,
        0.0,
        0.0,
        0.0,
        0.0,
        0.0,
        0.0,
        0.0,
        0.0,
        0.0,
        0.0,
        0.0,
        0.0
    ],
    "throughput_sink_bps": [
        1486587.2,
        1820318.4,
        1936398.4000000001,
        1946665.5999999999,
        1847510.4000000001,
        1923918.4000000001,
        1983238.4,
        1852929.6,
        1941734.4000000001,
        1908115.2000000002,
        1895750.4,
        1969849.5999999999,
        1823953.6,
        1935251.2,
        1944336.0000000002,
        1856771.2,
        1917179.2,
        1984648.0,
        1846769.6,
        1951313.6,
        1900030.4000000001,
        1897466.1039999998,
        1972509.8960000002,
        1824425.6,
        1938028.8,
        1944052.8,
        1859296.14,
        1913674.814,
        1983697.58,
        1855075.4659999998,
        1949515.2,
        1895073.6,
        1894614.4000000001,
        1978382.4,
        1817939.7219999998,
        1941556.51,
        1947318.168,
        1858233.5999999999,
        1917769.5999999999,
        1975206.4
    ],
    "time_stamp_ns": [
        0.0,
        5000000000.0,
        10000000000.0,
        15000000000.0,
        20000000000.0,
        25000000000.0,
        30000000000.0,
        35000000000.0,
        40000000000.0,
        45000000000.0,
        50000000000.0,
        55000000000.0,
        60000000000.0,
        65000000000.0,
        70000000000.0,
        75000000000.0,
        80000000000.0,
        85000000000.0,
        90000000000.0,
        95000000000.0,
        100000000000.0,
        105000000000.0,
        110000000000.0,
        115000000000.0,
        120000000000.0,
        125000000000.0,
        130000000000.0,
        135000000000.0,
        140000000000.0,
        145000000000.0,
        150000000000.0,
        155000000000.0,
        160000000000.0,
        165000000000.0,
        170000000000.0,
        175000000000.0,
        180000000000.0,
        185000000000.0,
        190000000000.0,
        195000000000.0
    ]
}