{
    "time_stamp (ns)": [
        0.0,
        5000000000.0,
        10000000000.0,
        15000000000.0,
        20000000000.0,
        25000000000.0,
        30000000000.0,
        35000000000.0,
        40000000000.0,
        45000000000.0,
        50000000000.0,
        55000000000.0,
        60000000000.0,
        65000000000.0,
        70000000000.0,
        75000000000.0,
        80000000000.0,
        85000000000.0,
        90000000000.0,
        95000000000.0,
        100000000000.0,
        105000000000.0,
        110000000000.0,
        115000000000.0,
        120000000000.0,
        125000000000.0,
        130000000000.0,
        135000000000.0,
        140000000000.0,
        145000000000.0,
        150000000000.0,
        155000000000.0,
        160000000000.0,
        165000000000.0,
        170000000000.0,
        175000000000.0,
        180000000000.0,
        185000000000.0,
        190000000000.0,
        195000000000.0
    ],
    "max_utilization_details": [
        {
            "constellation_name": "Constellation 1",
            "maximum_link_utilization (MLU)": [
                0.029679744,
                0.036039136,
                0.038153632,
                0.038352128,
                0.036544736,
                0.037946656,
                0.039218496,
                0.03658064,
                0.038179456,
                0.038028992,
                0.037197472,
                0.038935136,
                0.035914432,
                0.038247232,
                0.038459232,
                0.03649168,
                0.037967392,
                0.039137536,
                0.036548928,
                0.038414976,
                0.037611072,
                0.037487456,
                0.038915904,
                0.036025312,
                0.038131136,
                0.038426016,
                0.036681472,
                0.037827936,
                0.039209056,
                0.0364610268,
                0.0385130332,
                0.037443488,
                0.037425952,
                0.039025088,
                0.035932032,
                0.038360352,
                0.03835504,
                0.03666816,
                0.037751392,
                0.039137888
            ]
        }
    ]
}