{
    "throughput_send_bps": [
        0.0,
        0.0,
        0.0,
        0.0,
        0.0,
        0.0,
        0.0,
        0.0,
        0.0,
        0.0,
        0.0,
        0.0,
        0.0,
        0.0,
        0.0,
        0.0,
        0.0,
        0.0,
        0.0,
        0.0,
        0.0,
        0.0,
        0.0,
        0.0,
        0.0,
        0.0,
        0.0,
        0.0,
        0.0,
        0.0,
        0.0,
        0.0,
        0.0,
        0.0,
        0.0,
        0.0,
        0.0,
        0.0,
        0.0,
        0.0
    ],
    "throughput_sink_bps": [
        23667.2,
        29299.2,
        30912.0,
        31113.600000000002,
        29702.399999999998,
        30710.4,
        31584.0,
        29702.399999999998,
        31113.600000000002,
        30374.4,
        30441.600000000002,
        31449.6,
        29366.399999999998,
        30777.600000000002,
        31113.600000000002,
        29836.8,
        30643.2,
        31651.2,
        29568.0,
        31248.0,
        30240.000000000004,
        30374.4,
        31584.0,
        29232.0,
        30979.2,
        31046.4,
        29836.8,
        30576.0,
        31584.0,
        29836.8,
        31113.600000000002,
        30240.000000000004,
        30374.4,
        31516.8,
        29164.8,
        31046.4,
        31113.600000000002,
        29836.8,
        30710.4,
        31382.4
    ],
    "time_stamp_ns": [
        0.0,
        5000000000.0,
        10000000000.0,
        15000000000.0,
        20000000000.0,
        25000000000.0,
        30000000000.0,
        35000000000.0,
        40000000000.0,
        45000000000.0,
        50000000000.0,
        55000000000.0,
        60000000000.0,
        65000000000.0,
        70000000000.0,
        75000000000.0,
        80000000000.0,
        85000000000.0,
        90000000000.0,
        95000000000.0,
        100000000000.0,
        105000000000.0,
        110000000000.0,
        115000000000.0,
        120000000000.0,
        125000000000.0,
        130000000000.0,
        135000000000.0,
        140000000000.0,
        145000000000.0,
        150000000000.0,
        155000000000.0,
        160000000000.0,
        165000000000.0,
        170000000000.0,
        175000000000.0,
        180000000000.0,
        185000000000.0,
        190000000000.0,
        195000000000.0
    ]
}