{
    "name": "tcp_40",
    "flow_rate_mbps": [
        0.15499301736223153,
        0.12616006911206817,
        0.13352227487769527,
        0.16447792444820025,
        0.0968787888981354,
        0.3289690416161068,
        0.40842491192955127,
        0.1468037204221389,
        0.20229107321417458,
        0.18644228680642463,
        0.18982405750500367,
        0.22097828212118278,
        0.14713689462075152,
        0.11180696699941439,
        0.2326915162332728,
        0.18276952592498694,
        0.20864405879300274,
        0.20878962365085785,
        0.18853755096482308,
        0.1396273862760866,
        0.13617852188580268,
        0.23588436689367295,
        0.16464312058817032,
        0.16775180095179776,
        0.278350821806669,
        0.17633886360349768,
        0.25524541155070135
    ],
    "time_stamp_us": [
        4158336,
        13489337,
        22852680,
        32278523,
        39997492,
        52304830,
        55929244,
        59064802,
        68013894,
        74890322,
        81759150,
        88098494,
        93693976,
        102247643,
        113405445,
        118814151,
        125156565,
        131029917,
        136846298,
        143697347,
        153185457,
        162346373,
        167635066,
        174742803,
        181784635,
        186226799,
        193238753,
        198342547
    ]
}