{
    "name": "scps_tp_15",
    "flow_rate_mbps": [
        0.5548944523024394,
        0.7570155940183882,
        1.4270149470629558,
        0.43534439916509293,
        0.4795839378253425,
        0.6306632983567327,
        0.5870007996737755,
        0.9397975525592591,
        1.186590197277725,
        0.5004474361986354,
        0.9175856557106773,
        0.39568862792886517,
        1.2160082054761217,
        1.097183450953954,
        0.9060544666619493,
        0.6152674273742018,
        0.7939874570962858,
        0.5329076770442257,
        0.4047906565908747,
        0.5295612172794326,
        0.7123053435114504,
        0.5305338093231176,
        1.195796370034028,
        0.6645079159607837,
        1.355572747880565,
        0.8068938424197882,
        0.8478855661690587,
        0.7931896291473448,
        0.35382737798342334,
        0.5169187894361278,
        0.6768729118109693,
        0.40639967823233336,
        0.7199490257778621,
        0.5664704753599543,
        0.35406048291206754,
        0.538131271009573,
        0.9656368268144364,
        0.7747429040339701,
        0.7281392504885882,
        0.7374273153119469,
        1.1317095565244133,
        0.9043651229624319,
        0.701746153260394,
        0.5378059028313698,
        0.3877723953879007
    ],
    "time_stamp_us": [
        2222808,
        7435475,
        12335559,
        16319820,
        20022268,
        24488139,
        28969516,
        33690191,
        37590265,
        41981739,
        46327610,
        51104145,
        55177651,
        59163282,
        63811985,
        67966967,
        72829633,
        76764607,
        81032213,
        86459611,
        90879270,
        94645520,
        98266326,
        102217768,
        106321376,
        110572627,
        115498182,
        120185607,
        124667360,
        129378810,
        134184207,
        138539057,
        142586698,
        146466306,
        150734419,
        155692216,
        160164582,
        164463341,
        168553059,
        172752915,
        177289118,
        181366772,
        185517308,
        190205499,
        194228958,
        198556445
    ]
}