{
    "name": "scps_tp_33",
    "flow_rate_mbps": [
        1.7563154342953624,
        2.4130205690644395,
        2.277715526900998,
        2.77086430239966,
        2.2383438408873313,
        1.6091954022988506,
        2.129099729099729,
        1.5091688001490087,
        2.0388231784191633,
        1.3365698536835233,
        2.9607132906101983,
        1.3974763951461169,
        2.228323652972733,
        1.221822517936591,
        4.327129708470178,
        2.301766414321764,
        1.2831190210224839,
        2.72004872004872,
        1.3584866037834906,
        2.6154900138327073,
        1.226586125029077,
        1.9242096995876694,
        1.7411755085352143,
        2.013948032193055,
        1.1563466666666666,
        2.251282448098973,
        1.4466144250288289,
        2.8723404255319154,
        4.182742398888643,
        3.0516558300001897,
        1.375449104530078,
        2.301322289653496,
        1.8715594954738834,
        1.2669784971044624,
        4.538450317601347,
        1.7451023503080938,
        2.0025385526876187,
        1.1464115777361743,
        2.2735404598021693,
        1.7663484250014887,
        1.764443247339612,
        2.351037544005423,
        1.5694382022471909,
        3.001721547857934
    ],
    "time_stamp_us": [
        1568083,
        2306037,
        2434142,
        2666178,
        2878083,
        3099511,
        3332845,
        3570940,
        3844749,
        4156470,
        5300497,
        5587617,
        5761416,
        6072527,
        6870895,
        7018873,
        7270909,
        7509035,
        7699511,
        7928083,
        8157250,
        8428083,
        8667454,
        8912029,
        9144750,
        9444750,
        9664447,
        10478740,
        10582516,
        10740881,
        10951893,
        11170940,
        11401298,
        11668083,
        12443932,
        12594750,
        13304274,
        13541417,
        14068083,
        14304750,
        14556655,
        14775702,
        15050100,
        15504000,
        15686394
    ]
}