{
    "name": "scps_tp_20",
    "flow_rate_mbps": [
        0.450676010342043,
        0.44912536575397916,
        0.8773790837795339,
        0.5878469796436043,
        0.7545281575058002,
        1.0818258334240685,
        0.38076591498324736,
        0.48775999999999997,
        0.6002587992649957,
        0.4387181448544585,
        0.8043104713355113,
        0.8528050237411252,
        0.33373656470673363,
        0.5583552679584566,
        0.7036879080296008,
        0.7691359552330072,
        1.2705934475708753,
        0.3229328128465381,
        0.5068962695591298,
        0.6697302931978684,
        0.6769497956792978,
        0.2934264379284314,
        0.7017477577058717,
        1.0515267722644464,
        0.5594316072457275,
        0.7715514412973997,
        0.37198294159254175,
        1.0563359677241222,
        0.41609714161969225,
        0.6198367770171934,
        0.45233614582390413,
        0.6968556002420151,
        0.8112466773277077,
        0.447364109536806,
        0.48178710097329974,
        0.38337688827343014,
        1.0875685987002728,
        0.6373417830775139,
        1.2800851822350294,
        0.6869011869408237,
        0.08162398268743112,
        0.16578494709682584,
        0.14053152949380107,
        0.184397445731762,
        0.29151555563627496,
        0.34255674151350707,
        0.9210269230980717,
        0.21636711572851183,
        0.6240135411790083,
        0.4676730823914621,
        1.0497930243254556,
        1.0790711955478796,
        0.6099530349497015,
        0.9700983209107054,
        1.1378320899301217,
        0.3869781302911775,
        0.40338255559927005,
        0.4370450307958031,
        0.3975986724548228,
        0.5185450732623125,
        0.6592529966567288,
        0.47038968715863283,
        0.6883162541629937,
        0.9229656728508727,
        0.9001093882937162,
        1.0476782405603926,
        0.6522075548527821,
        0.7319393552146732,
        0.6120182716509742,
        0.9971774329290641
    ],
    "time_stamp_us": [
        2572736,
        4206069,
        6520808,
        9371170,
        12488716,
        14127462,
        14706069,
        15339403,
        15839403,
        18617618,
        20623024,
        21583847,
        22272736,
        24373267,
        26264493,
        26691239,
        28356037,
        28789403,
        30417110,
        32616850,
        33434182,
        37103169,
        40940860,
        44858165,
        48102362,
        51476930,
        55225844,
        59143443,
        62937236,
        67527318,
        70947057,
        75144997,
        79042275,
        82879924,
        86310150,
        90320220,
        93603047,
        97115322,
        100648999,
        103098336,
        104902217,
        105806069,
        107405973,
        108206192,
        109812288,
        111739403,
        113306069,
        113851660,
        117599993,
        121545292,
        125487533,
        129357553,
        133265803,
        136505659,
        138508590,
        139219542,
        140406069,
        145077803,
        149447879,
        153779483,
        158122712,
        162041329,
        166125092,
        170744364,
        174021799,
        177995716,
        183116983,
        186587044,
        191247758,
        195270383,
        199488529
    ]
}