{
    "name": "scps_tp_2",
    "flow_rate_mbps": [
        0.45697394179997347,
        0.35225023900213226,
        0.8232339445913113,
        1.3172798035020077,
        0.48563023792577104,
        1.66685028375245,
        0.6605362200752726,
        0.6940184714836176,
        0.48239307808829074,
        0.7969872290813971,
        0.7304525727653532,
        0.3676101121376971,
        0.43613190302366267,
        0.4508917315224152,
        1.598846198961366,
        0.4166484972534571,
        0.6425940640887062,
        0.48387096774193544,
        0.6326849353968479,
        0.4418032352479434,
        0.3970040112172092,
        0.5103592828689858,
        1.2358589123876567,
        0.4706478020402523,
        0.5113894467148903,
        0.48326514186062114,
        0.31318666666666667,
        0.6298527172774722,
        1.1403826167288962,
        0.5559533777250127,
        0.992500378827616,
        0.9854328628575744,
        0.9259925602801277,
        0.9858290574795561,
        1.342876663304812,
        1.1271052852947308,
        0.46602648900219046,
        0.5160822029669283,
        0.6563481026084982,
        0.6725345132824017,
        0.6554843462863507,
        0.5468290926827003,
        0.5830825551690719,
        1.3731679877664191,
        0.4570863262448339,
        0.5229567301234209,
        0.25681556453105964,
        0.6274661998270444
    ],
    "time_stamp_us": [
        1630802,
        3169358,
        4827293,
        6976631,
        7321062,
        8536357,
        8848601,
        9750656,
        10649122,
        12125246,
        13336357,
        14263103,
        14997468,
        15891913,
        18687990,
        19438206,
        20479333,
        21583022,
        23725246,
        24366159,
        25366206,
        26380362,
        27593139,
        28547468,
        29321686,
        31890687,
        32964135,
        33564135,
        35693509,
        36213089,
        38665050,
        40380870,
        41825011,
        45032121,
        46174388,
        47096498,
        48190174,
        50430802,
        51797468,
        52264135,
        52703024,
        53180802,
        53697468,
        55659029,
        56047468,
        57458580,
        58947468,
        60443639,
        62103024
    ]
}