{
    "name": "tcp_15",
    "flow_rate_mbps": [
        0.08279940303108975,
        0.07221476467352997,
        0.05368319462382334,
        0.1272441152676842,
        0.08442358872899208,
        0.07026774170061639,
        0.06714913149709913,
        0.06972283357953345,
        0.08507880087651343,
        0.05501695335647317,
        0.10597413734028487,
        0.09401771476794117
    ],
    "time_stamp_us": [
        5497286,
        20430727,
        37400110,
        58170856,
        68235290,
        82358357,
        99169485,
        117747834,
        135482053,
        149755879,
        170825748,
        182076795,
        194523811
    ]
}