{
    "name": "scps_tp_24",
    "flow_rate_mbps": [
        0.28046530284797433,
        0.22228861869093136,
        0.6212666177764273,
        1.06643604166594,
        0.17048362783017396,
        0.3936782053955037,
        0.23250817259665515,
        0.35455803909263733,
        0.32612715253621627,
        0.6205428212064584,
        0.6289283032927987,
        0.38480422637456363,
        0.41910365861549803,
        0.8398446705075979,
        0.34634201380812046,
        0.3773546287794716,
        0.676877102158097,
        0.5660352980432201,
        0.3208547607743607,
        0.5547673838960914,
        0.44275325967707074,
        0.34660559231608157,
        0.4126572387827759,
        0.26642522851189326,
        0.5328854711479334,
        0.17814243454108428,
        0.4508702290076335,
        0.4015170679142657,
        0.2519763736111928,
        0.2756548365158591,
        0.2867286848051891,
        0.4031117982126175,
        0.6261640940022679
    ],
    "time_stamp_us": [
        5558764,
        12289864,
        19391982,
        24420934,
        30156074,
        39481075,
        46071229,
        51009378,
        56427278,
        61911274,
        67764472,
        72767268,
        77415034,
        82051214,
        87164731,
        92774908,
        97660710,
        102504839,
        107380860,
        111888320,
        117619587,
        123504219,
        129205685,
        135064688,
        142274816,
        146811926,
        156231804,
        161471804,
        167025939,
        172853152,
        178420114,
        184234112,
        190040144,
        195294230
    ]
}