{
    "name": "tcp_27",
    "flow_rate_mbps": [
        0.07151934400384595,
        0.1143788935986198,
        0.041445478641782114,
        0.027297351165654665,
        0.03949525322017325,
        0.037297225452831484
    ],
    "time_stamp_us": [
        1619206,
        19920045,
        31019995,
        57657400,
        102145233,
        130936541,
        164680606
    ]
}