{
    "name": "tcp_39",
    "flow_rate_mbps": [
        0.11814145194312095,
        0.07188980758316665,
        0.07223856767506877,
        0.11236442917318078,
        0.17280826873270472,
        0.10606350602791274,
        0.10141708963699471,
        0.077510933391877,
        0.09340331403326341,
        0.13755726039287708,
        0.10912799776223733,
        0.06091265292967249,
        0.09283366656989944,
        0.05132782423103595
    ],
    "time_stamp_us": [
        5873625,
        16993854,
        34807784,
        53299845,
        64009284,
        71228383,
        81949507,
        94685822,
        109498700,
        122500380,
        131569476,
        142090699,
        161302471,
        174027165,
        197471759
    ]
}