{
    "name": "tcp_4",
    "flow_rate_mbps": [
        1.041774038420552,
        0.6589578744057962,
        0.43144712462795154,
        0.477537096052662,
        0.45281901317072376,
        0.3236331675837076,
        0.16232412822491774,
        0.21811623815007822,
        0.49975004625128416,
        0.22620040037220832,
        0.2364328575845961,
        0.2973119998589825,
        0.27360968320194234,
        0.13579042682796685,
        0.1799643569757035,
        0.19057750288998582,
        0.42311777775942244,
        0.21048846549767652,
        0.12781978447087763,
        0.47782614178822136,
        0.24476539098363503,
        0.1629125219555681,
        0.4232560096300649,
        0.2320023263844714,
        0.1969898804299975,
        0.2204799998898151,
        0.3151528662680132,
        0.37815648712526434,
        0.34566798676577165,
        0.6437253535147129,
        0.47793763958718466,
        0.3617990350433091,
        0.1865474183203626,
        0.5147575121159975,
        0.34689447327275613,
        0.30179675094006386,
        0.20005246983465585,
        0.2884743391776508,
        0.3587207634749952,
        0.18188443923423409,
        0.21147347645377032,
        0.5892233837841301
    ],
    "time_stamp_us": [
        4494994,
        5785293,
        7745479,
        10611369,
        13246892,
        16123803,
        19944425,
        27697801,
        33619781,
        36160251,
        41919392,
        47242510,
        51327108,
        56088343,
        64381122,
        70761052,
        77538767,
        80565442,
        86544677,
        95959182,
        98639320,
        103736119,
        110987127,
        113934563,
        119216579,
        126222015,
        132030433,
        135708648,
        139036794,
        143188755,
        145092424,
        147795036,
        151060053,
        157392384,
        159923129,
        163232954,
        167330016,
        173565980,
        178005335,
        181390698,
        188006767,
        193697126,
        195758144
    ]
}