{
    "name": "tcp_8",
    "flow_rate_mbps": [
        0.6482942742604397,
        0.3656801079816261,
        0.2792676233498144,
        0.23178469260642579,
        0.2695896705699456,
        0.18317009294289432,
        0.5222520971014549,
        0.20185303781120062,
        0.259916110115654,
        0.6826958283496473,
        0.38557491868776905,
        0.5493411393951348,
        0.8880781076802886,
        0.24397093438489803,
        0.5903088293678642,
        0.3036501422274336,
        0.35755540921309736,
        0.30199259721497995,
        0.4319836546725259,
        0.5603914838274212,
        0.5226841274583043,
        1.245206406496729,
        0.29949038579539217,
        0.16213923685472426,
        0.48363185016389276,
        0.23635051942522442,
        0.3290324076169325,
        0.3976103921723861,
        0.2206405968459979,
        0.2998542375234261,
        0.3321647697588088,
        0.3286623892652424,
        0.29882713303122527,
        0.44358562067089946,
        0.36465847364259973,
        0.3966273213382353,
        0.31620794873459535,
        0.41987383638200765,
        0.3342038345914126,
        0.3201319258219833,
        0.6827948237262799,
        0.24333255737736606,
        0.8034776451149709,
        0.6368878115833772,
        0.4987074512304837,
        0.15654635734874542,
        0.22382055657792993,
        0.9579673008962775,
        0.4991181837643868,
        0.38484654700714976,
        0.3232360440420622,
        0.2624894902546508
    ],
    "time_stamp_us": [
        3773588,
        5680870,
        9062186,
        13371171,
        18943929,
        23571406,
        31105387,
        33451840,
        39632178,
        44346930,
        46190445,
        49569088,
        51799833,
        53266731,
        58380127,
        60624376,
        64769146,
        68289048,
        72383453,
        75220227,
        77406984,
        79793741,
        80698073,
        85342763,
        93717787,
        96320097,
        101738490,
        105362206,
        108444218,
        114148336,
        118124668,
        122046577,
        125976689,
        130040577,
        132728491,
        136482579,
        139572230,
        143761878,
        146680469,
        150875753,
        154841618,
        156555515,
        162453616,
        163978786,
        165989564,
        168623894,
        176804474,
        182427550,
        183775905,
        186032044,
        189359708,
        193355797,
        198697268
    ]
}