{
    "name": "tcp_37",
    "flow_rate_mbps": [
        0.12381106712657515,
        0.16979145577638186,
        0.0708133250528112,
        0.11059497130717516,
        0.12564637768964168,
        0.10565404287369712,
        0.08541217056022399,
        0.11985349693383444,
        0.08374179386707337,
        0.10058101822193766,
        0.12425378918294233,
        0.13277056211242066,
        0.16913481774762396,
        0.13819596187393726,
        0.07511312844872088,
        0.1350519937223274,
        0.08026416826671079
    ],
    "time_stamp_us": [
        7608464,
        17327789,
        24870218,
        40616407,
        52195957,
        61597581,
        71419827,
        84474641,
        93962224,
        108068442,
        120252053,
        130025598,
        138839600,
        146019671,
        154008327,
        169147092,
        177485214,
        191927524
    ]
}