{
    "name": "tcp_43",
    "flow_rate_mbps": [
        0.20281186260441084,
        0.5721162721938665,
        0.17437699048391775,
        0.2494607278030124,
        0.368169653485387,
        0.39390868739920365,
        0.4147617476551822,
        0.35167314029732594,
        0.2574063830608333,
        0.2840611647209923,
        0.24293811398293838,
        0.3124952931980544,
        0.20781463111458737,
        0.1791148555469284,
        0.24754276044348816,
        0.4214508332571036,
        0.5051213694401571,
        0.24221701281982436,
        0.42129795259171426,
        0.27111239801193177,
        0.30411241619901636,
        0.22022674192552708,
        0.2660779073220488,
        0.25649669214524057,
        0.2717735404549805,
        0.5740115656299808,
        0.2112971998798188,
        0.46106584532352435,
        0.8040763632624616,
        0.7351955842467102,
        0.4915237581448331,
        0.2967312367475657,
        0.30349096373794254,
        0.4314467249981881,
        0.3548968969955379,
        0.3322692896209794,
        0.2866040350375801,
        0.4783795047212193,
        0.7821649390315183,
        0.2883135317485921,
        0.29354302754130657,
        0.5042018809081193,
        0.35627094548318067,
        0.5296478609330391,
        0.5453318038869162,
        0.1721903772692515,
        0.19412459303764684,
        0.33471960825815605,
        0.3323831328697742
    ],
    "time_stamp_us": [
        4932078,
        10647720,
        12808959,
        20026425,
        24806015,
        28044522,
        31127470,
        34055416,
        37445837,
        42421005,
        46579546,
        52123674,
        55974484,
        62136899,
        68608724,
        74005125,
        76781819,
        79404555,
        84190346,
        87125276,
        91604599,
        95779371,
        101393948,
        106041008,
        110689489,
        115036049,
        117209385,
        123270232,
        125760462,
        127160926,
        128872797,
        131365942,
        135421329,
        139677403,
        142492119,
        145820635,
        149575180,
        153966465,
        156320412,
        157731879,
        162288585,
        166538456,
        169056495,
        172527112,
        174736580,
        177105193,
        184221967,
        190875838,
        194372018,
        198025633
    ]
}