{
    "name": "tcp_21",
    "flow_rate_mbps": [
        0.237949187457084,
        0.14663839583262145,
        0.16053658686333763,
        0.2275579789319925,
        0.16791349127940625,
        0.1831514258935739,
        0.18097213334944529,
        0.21957675416747774,
        0.14635332857120031,
        0.2872901371923317,
        0.11682658771823799,
        0.1824049254242656,
        0.15731502600476807,
        0.17890816285702363,
        0.1612221873804342,
        0.1512180428086634,
        0.19216987936696212,
        0.16417018895601612,
        0.16884553133657249,
        0.13607975353060658,
        0.1254562934127837,
        0.38504038168683885,
        0.15278598711783412,
        0.17663371968996658,
        0.17787234786256076,
        0.29338577426883067
    ],
    "time_stamp_us": [
        5816725,
        11059525,
        19868132,
        27295224,
        33117037,
        40546577,
        47237434,
        54130871,
        59560954,
        68009549,
        72544059,
        82844454,
        89683743,
        97262930,
        104235893,
        111768355,
        120383200,
        126817507,
        134752687,
        142337371,
        151586065,
        161705924,
        164687845,
        173647829,
        180398069,
        187721973,
        191861233
    ]
}