{
    "name": "scps_tp_18",
    "flow_rate_mbps": [
        0.47760481543086025,
        0.5982920669388911,
        0.4318459614082427,
        0.2648459054124761,
        0.31811531962603806,
        0.328324575626264,
        0.5370805681205709,
        0.39767842443496154,
        0.276419931602441,
        0.43270054876168557,
        0.5225631728723591,
        0.6504992338203963,
        0.9030704961818885,
        0.6530285009131364,
        0.48743842065311827,
        0.7635042509113487,
        0.6560340371300353,
        0.53622993659428,
        0.4718936231059071,
        0.4447201566188378,
        0.4658389817432671,
        0.46348467376884717,
        0.33476581133171507,
        0.24160385610203275,
        0.47953089369095453,
        0.6744486357731043,
        0.5630849568689765,
        0.5659746989749674,
        0.3820796149134368
    ],
    "time_stamp_us": [
        7815352,
        13848457,
        19144332,
        24819689,
        33406720,
        41909297,
        48701600,
        54169383,
        63358315,
        70906830,
        77259861,
        81971100,
        87147432,
        92245240,
        98990673,
        106646040,
        111851512,
        117388054,
        122679217,
        128574783,
        134408564,
        139930472,
        145694805,
        153048961,
        161685247,
        167947367,
        173054472,
        181034227,
        187373733,
        197111180
    ]
}