{
    "name": "tcp_8",
    "flow_rate_mbps": [
        0.24353745531132537,
        0.27336681942364427,
        0.1622637642841665,
        0.24761752294818273,
        0.27936056432702633,
        0.19662287218810276,
        0.363646396334257,
        0.19771803978659283,
        0.21676280274217483,
        0.2204228623344801,
        0.23603249311582175,
        0.2415545775388421,
        0.2199532180335395,
        0.2862326943749052,
        0.3005987326014535,
        0.2881605620283026,
        0.37826116358226447,
        0.4609700398737943,
        0.42159860912829455,
        0.12093154533317244,
        0.2142533362721084,
        0.43885980597606655,
        0.5433885493368749,
        0.12255610047195904,
        0.16815191750238714,
        0.3846006579488342,
        0.41258310276550264,
        0.1870596050152346,
        0.1701419806843645,
        0.4184950722366265,
        0.5471485356171539,
        0.4587458734540799,
        0.2156660422155659,
        0.24015256068468616,
        0.44731932882009073,
        0.09629262300502445
    ],
    "time_stamp_us": [
        8154693,
        13685177,
        18046789,
        25190713,
        30050466,
        34674168,
        41075051,
        44627073,
        50824990,
        56376496,
        62036163,
        66900578,
        72202237,
        78024566,
        82460118,
        86646962,
        91091151,
        94418376,
        97220467,
        100153304,
        111108262,
        116879374,
        119722013,
        121916244,
        132996231,
        140021307,
        143207573,
        146258013,
        152336931,
        160512691,
        163493658,
        165773697,
        168685636,
        174674896,
        179639740,
        182626063,
        195237621
    ]
}