{
    "name": "scps_tp_23",
    "flow_rate_mbps": [
        0.561103374007884,
        0.32571649846223727,
        0.8295702910620927,
        0.8995127216164309,
        0.5680686792027502,
        0.5230307768533085,
        1.1504408839807436
    ],
    "time_stamp_us": [
        5490082,
        10192531,
        15344496,
        20122102,
        24847327,
        28520404,
        33311862,
        34089164
    ]
}