{
    "name": "tcp_22",
    "flow_rate_mbps": [
        0.15508735516532027,
        0.12053149994786333,
        0.18440852525527907,
        0.11911255393091807,
        0.19711915175814032,
        0.26191549429432276,
        0.1965063229656357,
        0.14590896213119361,
        0.13620946976598045,
        0.12213549136841445,
        0.14593673049915737,
        0.13382923458701673,
        0.23743977976600134,
        0.15765106584312838,
        0.16082200616585693,
        0.4718977212982317,
        0.22569906790945407,
        0.14513350439616587,
        0.21600324993448128,
        0.18597187489648648,
        0.18341441309444734,
        0.15594856334221166,
        0.17549891537078563,
        0.1707281435874027,
        0.15313337156593948,
        0.25292010378820146
    ],
    "time_stamp_us": [
        5838057,
        13810854,
        24618983,
        31324096,
        41334124,
        47662885,
        52004438,
        58633843,
        66956841,
        76683037,
        86897267,
        94764786,
        104498982,
        109799526,
        117712698,
        125607140,
        128180579,
        133707939,
        142303611,
        148130190,
        155194484,
        161514598,
        169797329,
        176905749,
        184406797,
        192553421,
        197267637
    ]
}