{
    "name": "tcp_31",
    "flow_rate_mbps": [
        0.0399045143982192,
        0.037121359736224234,
        0.039882514729173625,
        0.044203900051884536,
        0.04281398086682957,
        0.032695375812783437
    ],
    "time_stamp_us": [
        5282791,
        33778815,
        63221702,
        93671136,
        119395563,
        144665813,
        180120368
    ]
}