{
    "name": "scps_tp_22",
    "flow_rate_mbps": [
        0.3520892796505172,
        0.29706477204770737,
        0.7605186276259196,
        0.6480675990147426,
        0.7357802469662394,
        0.5124533895918033,
        0.9688848018406979,
        0.645002802595523,
        0.557507526093236,
        0.3647610331206198,
        0.7086025291731517,
        0.3152039918007806,
        1.6712863540819596,
        0.6971900404420746,
        0.29469110355969025,
        0.7155083306467427,
        0.403915859625831,
        0.47375206093391126,
        0.7155471251125157,
        0.2626043292393296,
        0.4992912723939118,
        0.4167055049564562,
        0.4413387826080438,
        0.6280361025601987,
        0.5691910546981126,
        0.5504477943598147,
        0.6487640806985701,
        0.27674485248079633,
        0.3212130028903241,
        0.1994398181918179,
        0.3327621422780162,
        0.3297215183539568,
        0.7929183954058037,
        0.5350601401410174,
        0.40385735551097013,
        0.46407366870724887
    ],
    "time_stamp_us": [
        7765314,
        12123754,
        19407822,
        23588548,
        28307315,
        33558883,
        38298436,
        43539926,
        48640555,
        52898076,
        58860555,
        64500501,
        70629865,
        74362080,
        79508453,
        84678341,
        88890619,
        93455134,
        98488653,
        103302424,
        108725640,
        113059463,
        117404402,
        122207243,
        127041360,
        131502428,
        137298727,
        142710124,
        147975913,
        155262293,
        160244247,
        167145032,
        173540247,
        178803235,
        185694722,
        192446809,
        198203826
    ]
}