{
    "name": "tcp_41",
    "flow_rate_mbps": [
        0.27432948714241184,
        0.301131454554569,
        0.09690129331727695,
        0.8724870038381188,
        0.3447865037274373,
        0.14098221861051694,
        0.18390828784066893,
        0.19245672338624942,
        0.18235747270632763,
        0.23156667133206899,
        0.23001832253794727,
        0.06181235394946857,
        0.1718995745468847,
        0.16678174129358803,
        0.09709119347794007,
        0.2826031168170753,
        0.15441986215124112,
        0.13576565345083133,
        0.20607676742325612,
        0.22944752859240425,
        0.16590725179436122,
        0.09269274457423388,
        0.28840318412798,
        0.15675166761624654,
        0.25999806565390154,
        0.19300359070010567
    ],
    "time_stamp_us": [
        2623937,
        7292192,
        11361644,
        23438263,
        24981988,
        28440128,
        36819057,
        43662468,
        51234456,
        58257146,
        63501424,
        69212969,
        91181393,
        98374430,
        105523414,
        117917535,
        122566316,
        131645977,
        141566601,
        147941701,
        153956148,
        161808246,
        174194976,
        178826825,
        186574111,
        190947682,
        197811803
    ]
}