{
    "name": "tcp_1",
    "flow_rate_mbps": [
        0.08540721038277116,
        0.22612881398678666,
        0.38430094120772995,
        0.23360457788429248,
        0.43918543964676887,
        0.2087938446777497,
        0.35082590264581204,
        0.1857564550515022,
        0.1758538284913774,
        0.33785988829285835,
        0.21097014028806335,
        0.135897508735051,
        0.23766975690401929,
        0.12256072671087159,
        0.15687888563820035,
        0.12212298164704354,
        0.15364174762016347,
        0.1388074175099431,
        0.20405942603946786,
        0.25291703041762564,
        0.14872502256794964,
        0.2090893533665537,
        0.1153527205537244,
        0.2051700073439789,
        0.17711725048220844,
        0.5028646389759848,
        0.18331093255308312,
        0.1667451927028929
    ],
    "time_stamp_us": [
        7804054,
        22022994,
        27637493,
        30768789,
        36203614,
        39194970,
        45698610,
        49002813,
        56491328,
        63648181,
        67438628,
        73822849,
        82271569,
        87474082,
        98013184,
        105894933,
        116471812,
        124878902,
        133627714,
        139849431,
        144738307,
        152458326,
        158371970,
        169091093,
        175332941,
        182189416,
        184604380,
        191289415,
        198771010
    ]
}