{
    "max_utilization_details": [
        {
            "constellation_name": "Test1",
            "maximum_link_utilization (MLU)": [
                0.0024720192,
                0.0025755264,
                0.0036835488,
                0.0031033728,
                0.0034310016,
                0.0034059744,
                0.0034719552,
                0.0035311104,
                0.002434464,
                0.0030851712,
                0.0034514784,
                0.004106736,
                0.0033286176,
                0.0028508256,
                0.0024890688,
                0.0024640416,
                0.0027279648,
                0.0031124736,
                0.003048768,
                0.0029509344,
                0.0037722816,
                0.0035766144,
                0.0031199952,
                0.0031943808,
                0.0032285088,
                0.0031830048,
                0.0027120384,
                0.0027120384,
                0.003424176,
                0.003674448,
                0.0033945984,
                0.0030214656,
                0.0031010976,
                0.0035561376,
                0.0034742304,
                0.0028644768,
                0.0026437824,
                0.003208032,
                0.0030669696,
                0.0031466016
            ]
        }
    ],
    "time_stamp (ns)": [
        0.0,
        5000000000.0,
        10000000000.0,
        15000000000.0,
        20000000000.0,
        25000000000.0,
        30000000000.0,
        35000000000.0,
        40000000000.0,
        45000000000.0,
        50000000000.0,
        55000000000.0,
        60000000000.0,
        65000000000.0,
        70000000000.0,
        75000000000.0,
        80000000000.0,
        85000000000.0,
        90000000000.0,
        95000000000.0,
        100000000000.0,
        105000000000.0,
        110000000000.0,
        115000000000.0,
        120000000000.0,
        125000000000.0,
        130000000000.0,
        135000000000.0,
        140000000000.0,
        145000000000.0,
        150000000000.0,
        155000000000.0,
        160000000000.0,
        165000000000.0,
        170000000000.0,
        175000000000.0,
        180000000000.0,
        185000000000.0,
        190000000000.0,
        195000000000.0
    ]
}