{
    "name": "scps_tp_19",
    "flow_rate_mbps": [
        0.5523625365380658,
        0.715774830809192,
        0.5912980585888123,
        0.5375444955852492,
        0.745455577549537,
        0.3658982802780827,
        0.6208643812388716,
        0.7946510249192197,
        0.33545846870309703,
        0.505959390101584,
        0.8359765366974428,
        0.8136969036359624,
        0.29473295403117494,
        0.47761265279696385,
        0.6571195629818248,
        0.4746076809350454,
        0.45978996276624784,
        0.6425394210258767,
        0.17890527013275906,
        0.6124266948036022,
        0.9635914058967234,
        0.3388970817493192,
        0.353685962808418,
        0.5426018001702985,
        0.3541405085790548,
        0.350966696540817,
        0.41842305473576846,
        0.6328250756998892,
        0.8194498907624223,
        0.4774774448646425,
        0.44058024342301955,
        0.6453594594795674,
        0.47721731913537707,
        0.35534306594421006,
        0.6080085088147293
    ],
    "time_stamp_us": [
        4721348,
        10397620,
        15271555,
        20088618,
        25058774,
        29427646,
        36970726,
        42269661,
        46854315,
        51856663,
        56417029,
        61474970,
        66359344,
        71828159,
        77861165,
        83136552,
        88556439,
        93814840,
        98728842,
        110391774,
        115655555,
        119963439,
        125566556,
        131996667,
        137571584,
        145926234,
        151179382,
        156561877,
        162946959,
        167231199,
        172479782,
        176915024,
        181619379,
        185667849,
        191198054,
        195846410
    ]
}