{
    "name": "tcp_25",
    "flow_rate_mbps": [
        0.22688605951418325,
        0.1567590714097049,
        0.16555867931295482,
        0.29422501259801204,
        0.3301565219702839,
        0.2182115987191928,
        0.12161696110730945,
        0.2299267729355485,
        0.19674746500514861,
        0.23251326541132505,
        0.4584017134432978,
        0.24917855427417587,
        0.23355046212394784,
        0.15173084160304237,
        0.21119980433337912,
        0.15950146161514495,
        0.2015470625153779,
        0.20829726310181795,
        0.1298418728278831,
        0.14504368389936279,
        0.1579377850359121,
        0.21038313441860085,
        0.183813012035938,
        0.22853261403474304,
        0.12374140991551703,
        0.14354123488451848,
        0.10778585974489262,
        0.1515619238387476,
        0.1255824111822947
    ],
    "time_stamp_us": [
        4274624,
        9481114,
        17087181,
        24288978,
        28378909,
        31990287,
        37353155,
        46521613,
        51707264,
        57318518,
        62304040,
        64784659,
        70145634,
        75534448,
        82956011,
        88549198,
        96232137,
        102312305,
        107718425,
        116221075,
        124517610,
        131787308,
        137192304,
        143799018,
        149499386,
        158867309,
        167250684,
        178517468,
        186311510,
        195981654
    ]
}