{
    "throughput_send_bps": [
        12546071.440000001,
        13506037.36,
        15726921.599999998,
        14290819.200000001,
        14586038.399999999,
        15050350.399999999,
        14703708.799999999,
        15393624.000000002,
        16140558.399999997,
        14742635.200000003,
        14925107.2,
        14820803.2,
        15293460.8,
        13983264.0,
        14564547.200000001,
        15027237.12,
        13575612.48,
        14217678.399999999,
        16358652.799999997,
        14006375.999999998,
        14634435.2,
        15076676.799999999,
        14931737.6,
        15180121.599999998,
        16767120.000000002,
        16141022.4,
        16300188.799999999,
        13180121.600000001,
        14463315.200000001,
        14759417.599999998,
        15264024.0,
        14584841.6,
        14803764.800000003,
        15365303.999999998,
        13929433.34,
        15819214.66,
        14081652.799999999,
        13785347.199999997,
        14802241.6,
        16052932.799999997
    ],
    "throughput_sink_bps": [
        11959388.799999999,
        13100398.4,
        15306014.4,
        13876305.6,
        14168147.2,
        14639643.199999997,
        14290035.2,
        14957559.999999998,
        15745883.200000001,
        14335753.6,
        14519741.239999996,
        14417020.36,
        14932417.600000001,
        13540655.8,
        14145165.0,
        14565671.720000003,
        13172253.080000002,
        13796084.8,
        15873025.600000003,
        13644566.399999999,
        14276374.399999999,
        14632942.4,
        14436395.2,
        14904014.400000002,
        16339012.8,
        15757558.400000002,
        15804012.799999999,
        12769416.000000002,
        14049083.2,
        14362563.199999996,
        14854529.6,
        14175094.399999999,
        14313137.6,
        14987107.2,
        13476272.0,
        15367601.600000001,
        13718625.600000001,
        13396577.600000001,
        14427734.399999997,
        15589891.200000003
    ],
    "time_stamp_ns": [
        0.0,
        5000000000.0,
        10000000000.0,
        15000000000.0,
        20000000000.0,
        25000000000.0,
        30000000000.0,
        35000000000.0,
        40000000000.0,
        45000000000.0,
        50000000000.0,
        55000000000.0,
        60000000000.0,
        65000000000.0,
        70000000000.0,
        75000000000.0,
        80000000000.0,
        85000000000.0,
        90000000000.0,
        95000000000.0,
        100000000000.0,
        105000000000.0,
        110000000000.0,
        115000000000.0,
        120000000000.0,
        125000000000.0,
        130000000000.0,
        135000000000.0,
        140000000000.0,
        145000000000.0,
        150000000000.0,
        155000000000.0,
        160000000000.0,
        165000000000.0,
        170000000000.0,
        175000000000.0,
        180000000000.0,
        185000000000.0,
        190000000000.0,
        195000000000.0
    ]
}