{
    "name": "scps_tp_14",
    "flow_rate_mbps": [
        0.27300826663745553,
        0.2697531669512228,
        0.31169838287641516,
        0.29569961807450024,
        0.2585399363017548,
        0.31165268207272173,
        0.29623692211103897,
        0.49272707515096936,
        0.5305764812260956,
        0.42266724244418685,
        0.18041941479846502,
        0.7744749216451908,
        0.5826252144576559,
        0.40269393501513095,
        0.30178383156505545,
        0.17872746929077668,
        0.25818885768890587,
        0.28622368247549557,
        0.32268009074916054,
        0.23663065475750833,
        0.5821770430672021,
        0.4243576518968388,
        0.24290173892207953,
        0.4184721916181433,
        0.2660800518838573,
        0.26456776241814933,
        0.37106352621090777,
        0.25833181146145695,
        0.38355673297300585
    ],
    "time_stamp_us": [
        10372020,
        15548127,
        22423746,
        28799140,
        35855490,
        42132586,
        47871282,
        53685007,
        58838367,
        65122249,
        70450696,
        78405494,
        84634850,
        89580465,
        95639260,
        101931446,
        109776239,
        116660502,
        122484758,
        128985314,
        135890252,
        141199977,
        148172209,
        155217033,
        160018499,
        167320963,
        172537018,
        177684169,
        185120187,
        191625196
    ]
}