{
    "name": "tcp_3",
    "flow_rate_mbps": [
        0.4779248002096161,
        0.1740114141068206,
        0.3848426990326645,
        0.7350547560327381,
        0.4490129349152331,
        1.10294195656556,
        0.6782864869541977,
        0.4201734711688503,
        0.3244678053564412,
        0.2602060405036624,
        0.34534737666146026,
        0.4079144266474533,
        0.33984214349260156,
        0.44540207288111605,
        0.2853862555355093,
        0.1748177688126568,
        0.5662735096099,
        0.128645180935056,
        1.4060261295012897,
        2.4933259982048237,
        0.43887430869710464,
        0.3444401877241747,
        0.3495713021553422,
        0.1595439920158238,
        0.3249848131685217,
        0.2987176155685217,
        0.11285749204234566,
        0.3325766045824942,
        0.38052010408555587,
        0.41410492638144897,
        0.16023961452886276,
        0.2961552132304123,
        0.6235573856057531,
        0.8911893589496458,
        0.3229257203984756,
        0.13812676680841668,
        0.5599152126225501,
        0.44534877996750954,
        0.27143923083665966,
        0.1704819954864627,
        0.3528163329969094,
        0.2788150084106043,
        0.24557224154182478,
        0.4813806251123259,
        0.42346733527304026,
        0.4967915149767796,
        0.4832464615600371,
        0.31183091821670234,
        0.24130111018276998
    ],
    "time_stamp_us": [
        3489528,
        6122913,
        13355542,
        16511117,
        18328451,
        21205161,
        22336245,
        24289402,
        27337286,
        31216130,
        35755917,
        39496151,
        42419117,
        47649310,
        50574128,
        55061520,
        61439819,
        63701341,
        72883807,
        73731814,
        74249869,
        76991793,
        80549566,
        84118280,
        92145157,
        95881947,
        99799493,
        110755611,
        114539882,
        117876368,
        121128877,
        128431940,
        132607048,
        134589993,
        136026994,
        139855986,
        148408130,
        150517878,
        153443046,
        158120336,
        165373184,
        169034239,
        173350219,
        178025666,
        180663080,
        183869750,
        186380904,
        188733989,
        192840830,
        198102306
    ]
}