{
    "name": "tcp_32",
    "flow_rate_mbps": [
        0.03087683811371011,
        0.04182233203776337,
        0.05527703981512011,
        0.030369806968482904,
        0.031954539321245076
    ],
    "time_stamp_us": [
        25315318,
        58924977,
        84266462,
        105836358,
        141461214,
        172209897
    ]
}