{
    "name": "tcp_24",
    "flow_rate_mbps": [
        0.045079095814505574,
        0.03721555957118892,
        0.07148469571332414,
        0.05015463405571087,
        0.018362455155060384
    ],
    "time_stamp_us": [
        15264130,
        39999320,
        71147582,
        87981395,
        113515227,
        171232999
    ]
}