{
    "name": "tcp_10",
    "flow_rate_mbps": [
        0.4572965804051579,
        0.6126369632944263,
        0.3259030637901093,
        0.3877498630231463,
        0.33895103459526715,
        0.2040015936329287,
        0.32464679162784976,
        0.42680040749157594,
        0.20314584851073578,
        0.3491778827373131,
        0.2263654095923563,
        0.6214511232510511,
        0.21659338927288121,
        0.30198873642434126,
        0.2622268671425742,
        0.27487876461060395,
        0.6706714145076736,
        0.36998417226095376,
        0.4472539285915813,
        1.13158120378337,
        0.5771353914056183,
        0.39418166568370105,
        0.5497852569581188,
        0.5497563995585584,
        0.3916507187680805,
        0.6511684666544634,
        0.5731608856317734,
        0.29943356579468283,
        0.7133840845561571,
        0.4199701495697092,
        0.5281466676146762,
        0.733403017750714,
        0.5759796292188132,
        0.4019929064706477,
        0.2353392158251164,
        0.3476314849853945,
        0.8840557659814701,
        1.0081839962521262,
        0.3794096726513275,
        0.4337959375585859,
        0.23475454946212912,
        0.4507781568584426,
        0.3610200638722415,
        0.458712494465086,
        0.35528345205156886,
        0.3988283101655842,
        0.29540740133620846,
        0.35474671453289264,
        0.37598692462655364,
        0.4938878617675907,
        0.6708469548483433,
        0.36933980381396364,
        1.018064386641702,
        0.5205795662057981,
        0.31918088179986764,
        0.30474124917590373,
        0.42750176893642045,
        0.44344991177742205,
        0.2961314151349995
    ],
    "time_stamp_us": [
        4601632,
        7257239,
        9293551,
        13223063,
        16354979,
        20198366,
        25988909,
        30137664,
        33008889,
        39258586,
        42862938,
        49251900,
        51063917,
        57078505,
        61209520,
        66177432,
        70675706,
        72519351,
        75652458,
        78417062,
        79431713,
        81841962,
        84922775,
        87151718,
        89380778,
        92481500,
        94448180,
        96509172,
        100712308,
        102507470,
        105530542,
        107809000,
        109510002,
        111790916,
        114839328,
        120234094,
        123790964,
        125039754,
        126386651,
        129558315,
        132561386,
        137640393,
        140456856,
        143881818,
        146336689,
        150158764,
        153120640,
        157268945,
        161532494,
        164821119,
        167212917,
        169105450,
        172214132,
        173320231,
        176034744,
        180150780,
        184208255,
        187048945,
        189787473,
        194186601
    ]
}