{
    "name": "tcp_11",
    "flow_rate_mbps": [
        0.3127107160170994,
        0.12179121727616472,
        0.08048875991681434,
        0.11478586249791459,
        0.058276534826563975,
        0.07225889779623453,
        0.1858670038987493,
        0.15893365130653875,
        0.11931594534665489,
        0.083116937795182,
        0.07314696758114833,
        0.08523451680531549,
        0.07169861763007165,
        0.1337144246002949,
        0.10976093310829067
    ],
    "time_stamp_us": [
        7563153,
        11552527,
        21976924,
        37476231,
        47959752,
        68798328,
        84840643,
        91552539,
        99610241,
        109510678,
        123191644,
        139793836,
        153782535,
        169642255,
        179467373,
        191436659
    ]
}