{
    "name": "scps_tp_41",
    "flow_rate_mbps": [
        0.6409441165352939,
        0.47670876175227694,
        0.5619094955718363,
        0.6524245712060669,
        0.5322143083676093,
        1.480122914555078,
        0.8106248106248106,
        0.568703475385897,
        0.780456873319724,
        0.3807665161929032,
        0.539736490066617,
        0.5160229014943968,
        1.5404272479332703,
        0.44307777813742677,
        0.5441899855114801,
        0.6879323786944105,
        0.5005731078296284,
        0.4440800616190536,
        0.5680826797230821,
        0.9869616374874992,
        0.46721573767798746,
        0.6609813384437407,
        0.8941917413698978,
        0.3712106386011708
    ],
    "time_stamp_us": [
        1583313,
        2194424,
        3010117,
        5734271,
        6263313,
        9939847,
        10872202,
        11538868,
        14015111,
        14633313,
        15266646,
        16449979,
        18684593,
        19249979,
        20516646,
        21194424,
        21883201,
        23195345,
        24122331,
        28196752,
        28887713,
        29472094,
        29899979,
        30405535,
        31233313
    ]
}