{
    "name": "tcp_0",
    "flow_rate_mbps": [
        0.28321146502697553,
        0.5133305744914777,
        0.6203745848716263,
        0.85993543893287,
        0.7710012000948313,
        0.45479160253371054,
        0.3848993453757937,
        0.22233890571606793,
        0.5188481510621558,
        0.4838729153799332,
        0.6171578953906666,
        0.6275443415515739,
        0.5851598488585363,
        0.458383840871785,
        0.4599243041249461,
        0.8329271314503811,
        0.4501283134312051,
        0.6679812505407684,
        0.6439438902692104,
        0.27663528951300353,
        0.3531897870554721,
        0.7311330907260669,
        0.3188988079252026,
        0.6190780131316579,
        0.6798556582335343,
        0.4707117227917268,
        0.7247737379811638,
        0.9070697211253581,
        1.446501078979745,
        1.2343957590665737,
        1.484589642026639,
        0.6190463441136698,
        0.6590541140736709,
        0.9235435966261851,
        0.613275212479863,
        0.3274125032610056,
        0.2649558164871081,
        0.254782201499489,
        0.44861526608492974,
        0.7977155277061633,
        0.5358146036173148,
        0.25245941037145125,
        0.733670865529549,
        0.27199456231919295,
        0.4621064682312537,
        0.352179803218774,
        0.48143280641705194,
        0.6602916651313903,
        0.6556514185169356,
        0.8844290025419325,
        0.5937574030796812,
        0.34002172583001417,
        0.4925773586033124,
        0.3613427658455314,
        0.3412950942297241,
        0.5833763115398599,
        0.875274910847225,
        0.39656118043479377,
        0.40427834617398684,
        0.7737979672383474,
        1.034434293745608,
        0.4319484600066829,
        0.4179179810725552,
        0.329880754193942,
        0.3253369758384797,
        0.5330019451674249,
        0.4948820885223423,
        0.4221975250059315,
        0.31432331925584966,
        0.6501170387331959,
        0.4800135042162312,
        0.3057101716022455,
        0.4471695691073561,
        0.30847367646157997,
        0.3504190917058043
    ],
    "time_stamp_us": [
        2755835,
        7043797,
        9409524,
        11189094,
        12524264,
        14156635,
        16826869,
        20240125,
        25751711,
        28134836,
        30370795,
        32463744,
        34258167,
        36352364,
        39194349,
        41594744,
        42946699,
        46699229,
        48351970,
        50306426,
        55135311,
        58604947,
        60114932,
        64303847,
        66122810,
        67941549,
        70521472,
        72044706,
        73261812,
        74025033,
        74937285,
        75851962,
        77831523,
        79506651,
        80881356,
        82717530,
        86696364,
        91446439,
        96212863,
        98673769,
        100057721,
        102530218,
        107165577,
        108865958,
        113208986,
        116004186,
        119421077,
        121760095,
        123632722,
        125350220,
        126598483,
        128941258,
        132545263,
        135055488,
        138507944,
        141969113,
        143861545,
        145122863,
        148435744,
        151439615,
        152866344,
        153976284,
        157145551,
        159998551,
        163981081,
        167645958,
        169717245,
        172438863,
        175001455,
        179005485,
        180771567,
        183508490,
        187372542,
        190433931,
        194155999,
        197716079
    ]
}