{
    "name": "tcp_10",
    "flow_rate_mbps": [
        0.26214735387851856,
        0.2567703968135047,
        0.20924514671173508,
        0.2305155338560826,
        0.11671015175594843,
        0.1729001158931936,
        0.16991234578607745,
        0.20518873947624547,
        0.2513616158720086,
        0.3071731666833153,
        0.3057595947694157,
        0.33030050165204655,
        0.1223941078253049,
        0.20888901051215994,
        0.18019543615068925,
        0.2125849718639191,
        0.22782332091754737,
        0.38527861260284774,
        0.20514953044322004,
        0.13995980408735464,
        0.21429396081269664,
        0.43573988735279057,
        0.2859230521863766,
        0.2088070546472559,
        0.39799059370399176,
        0.14067695184106116,
        0.2971895521009065,
        0.11045861272332796,
        0.23744087707230194,
        0.37269752801684475,
        0.7818822077456591,
        0.2195483635612717,
        0.16606659429058565
    ],
    "time_stamp_us": [
        3047903,
        8143663,
        13002167,
        18911408,
        23988029,
        33636547,
        40915663,
        48387751,
        55436091,
        60179536,
        64564294,
        68680469,
        72357121,
        82008566,
        88403541,
        95265424,
        102380132,
        107759037,
        111168933,
        117142332,
        126923426,
        132847998,
        135660318,
        139830391,
        146227876,
        149168247,
        159527300,
        163910765,
        175004875,
        180630865,
        183978137,
        185601911,
        191887542,
        199200271
    ]
}