{
    "name": "tcp_23",
    "flow_rate_mbps": [
        0.11046471154982586,
        0.13370546620982107,
        0.06983956721157636,
        0.03788198836366658,
        0.06730376650681753,
        0.18164464784339557,
        0.1667116123767924,
        0.16157662367385706,
        0.0722920143371401,
        0.17287775451647955,
        0.10756664565940154,
        0.08029261482875522,
        0.08401514417377429,
        0.07394613903272994
    ],
    "time_stamp_us": [
        6933393,
        18626539,
        27956898,
        44554939,
        76320959,
        93708396,
        100637089,
        108120191,
        116046090,
        132539198,
        140841018,
        152130763,
        167805430,
        182128562,
        197655539
    ]
}