{
    "name": "scps_tp_15",
    "flow_rate_mbps": [
        0.49274129736189093,
        1.4218422382398894,
        0.5342047827774671,
        0.6511850418197641,
        0.4516479131079247,
        1.0302206464056176,
        1.6449470649803988,
        1.0919668981049004,
        0.923486041410679,
        1.4423982869379015,
        0.5158411961534983,
        0.8764946921550572,
        0.3281607754405656,
        0.535833628501009,
        0.7723297401927652,
        1.3397255389944687,
        1.0086067186671197,
        0.6974728982828624,
        0.5656415696151517,
        1.6502144308882833,
        0.5652442631763875,
        0.4413990201344687,
        0.3175879054080159,
        0.5841436008306546,
        0.8065424471759808,
        0.456253607233706,
        0.43318783424927454,
        0.4678082406493589,
        0.6051753238156371,
        0.8898861189050237,
        0.7114340686823556,
        0.6571844311099116,
        0.7935929628238618,
        0.8323433813255454,
        1.2503899848309348,
        0.6872679550884435,
        0.9695404460798732,
        0.8258632184262441,
        0.5474087179906939,
        1.201043759747419,
        0.6837059052646726,
        1.126290708681434,
        0.552913900095603,
        0.5321931101918331,
        0.6041260518093639,
        0.6439363864605006,
        0.6154306765158792,
        0.9906276098409733,
        1.1229925353766843,
        0.9224354247457573
    ],
    "time_stamp_us": [
        2032809,
        6491457,
        10451390,
        14191978,
        18176099,
        21964891,
        26294216,
        30374785,
        33923464,
        37808742,
        41031042,
        45011802,
        48588960,
        52222301,
        55889708,
        59734905,
        63723304,
        66996096,
        70842439,
        74921630,
        78126159,
        81680870,
        85532623,
        91511692,
        95026992,
        99256602,
        103466892,
        107340685,
        111966170,
        116052523,
        120146530,
        123079423,
        126825586,
        131096390,
        135128572,
        138474856,
        142040976,
        145696151,
        149653029,
        153464733,
        157297799,
        161092413,
        164679977,
        168493663,
        172289879,
        176639170,
        180530983,
        183724064,
        187858655,
        191496079,
        196774107
    ]
}