{
    "name": "tcp_1",
    "flow_rate_mbps": [
        0.09314374164024566,
        0.09820558382758404,
        0.16423527730235737,
        0.19515449731037074,
        0.26834135477471505,
        0.13871757946142735,
        0.15476894385996584,
        0.16969369501273368,
        0.18399720476222853,
        0.1600194931697516,
        0.14446823979102047,
        0.18440929486716706,
        0.17036826232130095,
        0.10961145137280819,
        0.09944344336858886,
        0.10976991054956489,
        0.10986317285537252,
        0.13791440687123555,
        0.10275921155429713,
        0.13311098703577637
    ],
    "time_stamp_us": [
        16001434,
        29039347,
        40618322,
        47474827,
        54093583,
        58619162,
        67851157,
        75483696,
        83160587,
        89940690,
        97598757,
        106921775,
        113986061,
        121178950,
        132660962,
        144428857,
        155290850,
        167048020,
        176653978,
        188364461,
        198068243
    ]
}