{
    "name": "tcp_6",
    "flow_rate_mbps": [
        0.2168961109977199,
        0.21441946813041976,
        0.18085642169252142,
        0.47642386188146735,
        0.3438411965583037,
        0.19125221454401192,
        0.253182127340616,
        0.29864604726076627,
        0.1548052340077933,
        0.2938131571873778,
        0.19175345983735198,
        0.6010154206658224,
        0.30246856502090774,
        0.1941854568242758,
        0.11847167250022803,
        0.33814492308138283,
        0.31482892454449746,
        0.3183334694291946,
        0.41715155253522246,
        0.13667487792039348,
        0.12284365999098884,
        0.13496807248399764,
        0.16112107157605018,
        0.24482810567923818,
        0.15847504980257077,
        0.48872303727070615,
        0.07787653715895378,
        0.12744567183396316,
        0.14673390198359007,
        0.2805423100494776,
        0.36508350115420546,
        0.26648005690717436
    ],
    "time_stamp_us": [
        3386556,
        8883750,
        14856342,
        21998361,
        24593697,
        28125560,
        33955767,
        38926734,
        43030053,
        50874749,
        55007988,
        61456268,
        63568693,
        67656655,
        74081029,
        83586086,
        87242743,
        91100076,
        95227069,
        98244102,
        106644768,
        117608948,
        126933820,
        134608049,
        139838821,
        147362529,
        149802193,
        165112581,
        175161098,
        183437304,
        188120234,
        191386117,
        196233309
    ]
}