{
    "name": "scps_tp_25",
    "flow_rate_mbps": [
        0.40731610505222193,
        0.5658759359446368,
        0.2769845274187509,
        0.29817532218961335,
        0.5545030773003043,
        0.4329054546969571,
        0.45500183116365095,
        0.15714664789722244,
        0.4693205533455849,
        0.3754579603951213,
        0.24886060496048376,
        0.757974994905282,
        0.5625084024508452,
        0.25863286471372676,
        0.3501963702692201,
        0.3466507676616659,
        0.36896577670542585,
        0.8246020255892341,
        0.25845627833920576,
        0.45301853817214627,
        0.35087738525330825,
        0.33468665160049255,
        0.518941124900141,
        0.5083552571573796,
        0.27129653643211665,
        0.5095595675560526,
        0.35186906979131527,
        0.40479210405525423,
        0.22394170213297734,
        0.6218410319268095,
        0.49354429608683975,
        0.6203654779261387,
        1.2588560320488131,
        0.6386642447253983,
        0.1765601450791721,
        0.5330225762098402,
        0.6677506466521741,
        0.9906539290870477,
        0.6654670725730578,
        0.8948053061226302
    ],
    "time_stamp_us": [
        4492968,
        10103549,
        14298108,
        19001331,
        23703531,
        28083669,
        32980073,
        37881328,
        42588269,
        46681335,
        51209565,
        56266854,
        61306387,
        66193354,
        70675383,
        75877036,
        81163740,
        86399998,
        90804741,
        96314996,
        102212503,
        107687236,
        112338273,
        116848380,
        121365536,
        126289447,
        130514272,
        135628447,
        140046715,
        145568152,
        150698981,
        154524048,
        159115406,
        164061611,
        169817875,
        174257382,
        178503356,
        182719301,
        186842638,
        192433418,
        196936744
    ]
}