{
    "name": "tcp_9",
    "flow_rate_mbps": [
        0.25073995354474937,
        0.18726616619872247,
        0.17251837908868134,
        0.18064645852954692,
        0.15267752207691448,
        0.05786273614423191,
        0.07980801893968602,
        0.1889077399160905,
        0.13806422664508908,
        0.21673273472516857,
        0.11116775628713504,
        0.08195100768231048,
        0.07084182226697228,
        0.09111666192788495,
        0.13905461543014447,
        0.22026624635184874,
        0.2500895380850293,
        0.15347936937263396
    ],
    "time_stamp_us": [
        8654140,
        14025761,
        20805416,
        27844666,
        34628303,
        43233106,
        65937874,
        81292722,
        87487492,
        96763175,
        102773896,
        113201380,
        128289419,
        144185114,
        158724716,
        167696155,
        173610452,
        178731178,
        187506820
    ]
}