{
    "name": "tcp_22",
    "flow_rate_mbps": [
        0.09281483030970766,
        0.10018474715832908,
        0.08287437383091512,
        0.06137925410862941,
        0.06928192760812941,
        0.06778472558947746,
        0.09479292895208666,
        0.04872298913773034,
        0.13759551609025694,
        0.05532647952410439,
        0.205563350778377
    ],
    "time_stamp_us": [
        24728512,
        38764200,
        51767377,
        65754813,
        84101077,
        100992062,
        118744734,
        131206423,
        155677828,
        164503697,
        185256147,
        191271227
    ]
}