{
    "name": "tcp_40",
    "flow_rate_mbps": [
        0.11084992851299115,
        0.26659361397741455,
        0.1078362683935184,
        0.13108755194410696,
        0.07865342340463087,
        0.14420807332286148,
        0.09155521398378924,
        0.12413606992398915,
        0.14858121429766208,
        0.1360653534634591,
        0.05184097139268933,
        0.07958230677229826,
        0.079609717133673,
        0.1489515157372957,
        0.08385441387897173,
        0.09140539868845987
    ],
    "time_stamp_us": [
        5990858,
        18639310,
        23567260,
        35238287,
        44418106,
        59998356,
        68189853,
        82177478,
        91782422,
        100624455,
        109062753,
        132275281,
        148783473,
        163205833,
        171803530,
        185759146,
        199769697
    ]
}