{
    "name": "tcp_14",
    "flow_rate_mbps": [
        0.042873307510647767,
        0.04517737096891653,
        0.03244490768189447
    ],
    "time_stamp_us": [
        66682098,
        91659877,
        118051851,
        153780108
    ]
}