{
    "name": "scps_tp_44",
    "flow_rate_mbps": [
        0.4852980755530325,
        0.47094529434080895,
        0.6797728940558495,
        0.5425789984019173,
        0.7199945217808125,
        1.6041910074247165,
        0.6950249424860268,
        0.4581357464283805,
        1.2687743363480932,
        0.3393175372972712,
        1.193262448502324,
        0.4016949688073781,
        1.158754224273366,
        0.45301818181818176,
        0.3581415231817927,
        0.6335115830665919,
        0.5190751829804228,
        0.606076552630165,
        0.46943989682639636,
        0.5250003281252051,
        0.4524747948102033,
        0.9959714419999552,
        0.899307708970703,
        0.4660580261239454,
        0.6124247595117104,
        0.6469867007347442,
        0.4229724101889722,
        0.5022486754220007,
        0.7939623663192095,
        1.3494119266621203,
        0.5444244933005735,
        0.8981436438771462,
        1.613966693503962,
        2.0901195932452383,
        1.066063092375159,
        0.5333908251135797,
        0.6764456247088697,
        1.6719405741144873,
        0.28806560648200724,
        0.5943475707830173,
        1.3968122522437745,
        0.4507824105386499,
        0.871914862706184,
        0.4472145454545454,
        0.1634753562375881,
        0.6853792735570416,
        0.5939912359054654,
        0.5543279905342986,
        1.1977768914327638,
        1.095447991761071,
        0.5432872554826875,
        1.0928084274711098,
        1.771415468273987,
        0.6173868325843654,
        0.6165031497327952,
        0.37448221011098515,
        0.5936277620843133,
        0.5527926602641793,
        0.2021946946979588,
        0.3076370946867621,
        0.4897564174854735,
        0.8983221695423161,
        0.7735203618836447,
        1.283643275356505,
        0.4977674109632069,
        0.9423937452120821,
        0.5862571330547789,
        0.9720919435507873,
        1.4454953964114008,
        0.5485830334380651,
        0.6099093054062201,
        0.36439154605343715,
        0.3114768031536217,
        0.15461416908392014,
        0.2479985124427962,
        0.14225862789635185,
        0.599549462317538,
        0.8777870044592072,
        0.4055523363116936,
        1.6751318834115325,
        0.846771257389685,
        1.4222347618423836
    ],
    "time_stamp_us": [
        1944218,
        3270677,
        4870676,
        6242899,
        7948693,
        9788707,
        10372433,
        11637343,
        13264686,
        13878223,
        16117730,
        16594936,
        17734308,
        18754010,
        19304010,
        20768392,
        22031788,
        23564329,
        24104010,
        25620677,
        26154010,
        26637343,
        26994791,
        27331788,
        28595150,
        31154942,
        32145899,
        34369401,
        35672835,
        38273059,
        38905038,
        40973424,
        44587278,
        45531238,
        46054010,
        46386253,
        48232314,
        49668527,
        50049775,
        51819844,
        53621618,
        54046683,
        56953469,
        58454010,
        59554010,
        60231788,
        61041652,
        63420677,
        65029010,
        65372493,
        65712343,
        66845136,
        67754353,
        68120677,
        69221303,
        70628089,
        71787343,
        72751651,
        74187343,
        74954010,
        75583739,
        76583975,
        78009566,
        79527623,
        80051108,
        81381850,
        82598454,
        85011866,
        86386057,
        86767933,
        88063941,
        89795687,
        91020677,
        91761920,
        92620677,
        93395101,
        94012343,
        95220677,
        95637343,
        98565912,
        99330413,
        101390379,
        101787343
    ]
}