{
    "name": "tcp_2",
    "flow_rate_mbps": [
        0.07962612498324945,
        0.1791583854801853,
        0.12281481732339464,
        0.22592442620270103,
        0.12671451736053965,
        0.176114734542842,
        0.07130712340831256,
        0.1726967195209366,
        0.12865989473546205,
        0.07772757856618154,
        0.08766474559220293,
        0.07633506854253029,
        0.08587767539089548,
        0.09740146212273283,
        0.07809175336398484
    ],
    "time_stamp_us": [
        17873205,
        32708537,
        39240411,
        49398143,
        54675660,
        64172283,
        70942415,
        89521204,
        96744966,
        105668959,
        120440550,
        134671128,
        149856809,
        164383518,
        176738158,
        191582235
    ]
}