{
    "name": "scps_tp_19",
    "flow_rate_mbps": [
        0.12825731031816284,
        0.09887581412693078,
        0.11045096931368414,
        0.2565712113733748,
        0.8702981082991802,
        1.0777468076745078,
        1.2125032420781499,
        1.5473729925816184,
        2.425055734324822,
        1.8247498069460015,
        1.5145334936820538,
        1.6569009089569149,
        1.8209615081793373,
        1.3957521711556633,
        1.6909035253369715,
        1.6507375955886967,
        1.7026269468246726,
        1.7054629724644357,
        2.0190968220765875,
        1.2710491761386034,
        1.0532328012063856,
        1.2530355669683837,
        1.5320548979596424
    ],
    "time_stamp_us": [
        23583167,
        43208715,
        61631825,
        84821119,
        97299526,
        103261621,
        108475610,
        114066160,
        119495646,
        123829600,
        129105326,
        133909023,
        138373261,
        142386789,
        147717936,
        152333977,
        158640685,
        163205490,
        167697971,
        171837089,
        179193909,
        186405534,
        192343881,
        197683533
    ]
}