{
    "name": "tcp_11",
    "flow_rate_mbps": [
        0.5076103641955938,
        0.37386319025407094,
        0.18958892347322098,
        0.22682243678846398,
        0.1559342889066688,
        0.3133415726732333,
        0.29555417009848667,
        0.23279769262463945,
        0.23185741903173754,
        0.20619252565201077,
        0.2947352551608283,
        0.42872973902475164,
        0.3414485487556821,
        0.1816229821933155,
        0.6733005069703907,
        0.13252505851989677,
        0.12674397969315268,
        0.26335537125926695,
        0.2049736057461589,
        0.26286636623841436,
        0.17568627817402835,
        0.18869775237731543,
        0.5842297586831855,
        0.3206297924605062,
        0.3354967548676985,
        0.1724085485090517,
        0.1990489446668848,
        0.4078448172432515,
        0.3268222164111723,
        0.30801457113948505,
        0.17382827685781477,
        0.41251623068276294,
        0.14689305669132446,
        0.18822042284748236,
        0.3120176987179618,
        0.2506596655524976,
        0.2704817604834584
    ],
    "time_stamp_us": [
        4897309,
        7376691,
        10565879,
        17786554,
        23286539,
        31286832,
        35232941,
        39379186,
        44738002,
        50309012,
        56412822,
        60870246,
        64089057,
        67839666,
        74647615,
        76582442,
        85829297,
        95149503,
        100096127,
        106451677,
        111239509,
        118088991,
        124583186,
        126794097,
        131063694,
        134749214,
        142113118,
        148214130,
        151164664,
        155015565,
        159065763,
        166242501,
        169132860,
        178452293,
        185021612,
        188453725,
        193738979,
        198432826
    ]
}