{
    "name": "tcp_10",
    "flow_rate_mbps": [
        0.531136496557402,
        0.3073080899362558,
        0.5499539322615815,
        0.19128590232216497,
        0.2805251588515003,
        0.23593912992247418,
        0.24499419784649953,
        0.3657478373553618,
        0.1311530213412318,
        0.31820411397951714,
        0.40863541648561946,
        0.29599175459675536,
        0.25972096871970607,
        0.4110841312288114,
        0.30596888049429755,
        0.2614327589889089,
        0.31614334062048555,
        0.27949461015327703,
        0.4425153965047006,
        0.35661026438904114,
        0.32180235501558174,
        0.38051327443885485,
        0.2496571941935789,
        0.3850408059549789,
        0.41472208770771113,
        0.20540839119633456,
        0.2726285343614524,
        0.2540263444694105,
        0.4210545294046469,
        0.36284808763523985,
        0.3890703980935356,
        0.3842146900119713,
        0.3009135752498584,
        0.403305323825108,
        0.26021795381231444,
        0.5024393401717249,
        0.2562415795546591,
        0.2608501213713448,
        0.33250212949326946,
        0.2061144949147292,
        0.31824816753103474,
        0.1964989881614977,
        0.31916131696048566,
        0.21101285364973638,
        0.3947953035066489,
        0.9996937212863706
    ],
    "time_stamp_us": [
        3048237,
        5438583,
        9534017,
        11842574,
        18883762,
        23291495,
        28485377,
        33892852,
        37032064,
        46628183,
        50479296,
        53586222,
        57800934,
        62944300,
        65871584,
        70165354,
        74683839,
        78664818,
        83128303,
        86022304,
        89365786,
        93276758,
        96555277,
        101419547,
        104630843,
        107559069,
        113417447,
        117952849,
        123081136,
        125965323,
        129433882,
        132725420,
        135828685,
        140231278,
        143269770,
        148063905,
        150612750,
        155265859,
        159921406,
        163806133,
        169590879,
        173406769,
        179530770,
        183577877,
        189542253,
        192506422,
        193632847
    ]
}