{
    "name": "tcp_7",
    "flow_rate_mbps": [
        0.7813875128139826,
        0.7681433057866922,
        0.3309145041430668,
        0.6917415264522149,
        0.8117560332751599,
        0.9335849700786205,
        0.6080727200838383,
        0.4984749902965225,
        0.2414369057461156,
        0.5418851251338067,
        0.6509331157379379,
        0.36792842311998497,
        0.8388751056443282,
        0.8338817669150709,
        0.5889483125489687,
        0.5742996597181239,
        0.7727060918452344,
        0.5449884582250655,
        0.78810104864772,
        0.225485511168456,
        0.5174954107248204,
        0.29503973999157074,
        0.7105503519171875,
        1.4361233282570811,
        0.3741003293709422,
        0.3675385720291162,
        1.3788813162398295,
        0.8345781657948154,
        0.2089778165877073,
        0.3219354299961429,
        0.5479986567644771,
        0.37165918376732343,
        0.99756031444836,
        0.43688167787890786,
        1.04191447228184,
        0.31331752073696445,
        0.404685474010855,
        0.21566622767695845,
        0.5006003094643442,
        0.812270120906252,
        1.9447319167675878,
        0.6634887534497085,
        0.44642366493340874,
        0.2918240184358666,
        0.3394786498008247,
        0.5735788172581856,
        0.5776881331000592,
        1.0300958598325716,
        0.38807952193102374,
        0.8591586312825327,
        0.27019585528368734,
        0.4696776425926149,
        0.4767560729461178,
        0.6127482228191342,
        0.5114426016862782,
        0.6624040948616774,
        1.219763707610265,
        0.6100744383441679,
        0.4719512250484617,
        0.5485290556395247,
        0.7056516159128207,
        1.1572622398529904,
        0.4086139572756602,
        0.5325460414040123,
        0.4264536884627667,
        0.49544495803976124,
        0.4610681411937656,
        0.40096245516865664,
        0.25856106435986603,
        0.34308506712404435,
        0.7923324812871302,
        0.34138456361803504,
        0.3694969712154932,
        0.5937162638579606,
        0.2634963096196202,
        0.7539485925136149
    ],
    "time_stamp_us": [
        1685347,
        3409050,
        4990005,
        9360439,
        11004290,
        12595507,
        13860823,
        15894264,
        18308347,
        23429685,
        25772617,
        27672167,
        31152844,
        32547855,
        34070373,
        36226080,
        38455996,
        40041903,
        42330979,
        43983965,
        49663443,
        52031464,
        56110101,
        57896885,
        58788619,
        62034807,
        65338950,
        66171625,
        67772242,
        74217328,
        77989513,
        80306307,
        83633226,
        84861663,
        87641363,
        88870485,
        92605482,
        95606331,
        101390825,
        103882873,
        105323576,
        105913971,
        108010525,
        110903920,
        114876177,
        118453427,
        120570660,
        122634611,
        123899270,
        127227660,
        128692535,
        133105334,
        135925992,
        138681615,
        140501351,
        142940569,
        144773891,
        145860003,
        147760099,
        150403423,
        152798483,
        154582026,
        155679098,
        158759169,
        160894421,
        163897420,
        166393116,
        169027000,
        172220915,
        176874980,
        180736413,
        182296970,
        186662721,
        189919473,
        191927705,
        198212423,
        199647428
    ]
}