{
    "name": "scps_tp_12",
    "flow_rate_mbps": [
        0.31752191550198205,
        0.5047314925797377,
        0.690329737558829,
        0.20785197058592547,
        0.21758444801540863,
        0.30738295968339413,
        0.16617327703410806,
        0.41904351186373334,
        0.44348452207054806,
        0.1858211840361416,
        0.28005656823905817,
        0.31355463972953673,
        0.16151184744811006,
        0.254253127800742,
        0.3951394146513181,
        0.7963750336620743,
        1.6289525371483677,
        0.5384441654382569,
        0.39648917133240347,
        0.45146303171536845,
        0.26100574212632677,
        0.25636567136305755,
        0.13698066558654642,
        0.3197161619363184
    ],
    "time_stamp_us": [
        6547265,
        13814039,
        20660293,
        28800403,
        38414168,
        47344218,
        54240111,
        62212512,
        69642003,
        76562470,
        90048984,
        98682097,
        104738075,
        115674734,
        123924780,
        131049354,
        138479823,
        142830889,
        147772237,
        155652200,
        160958681,
        170475713,
        177624252,
        188343429,
        197079678
    ]
}