{
    "name": "tcp_8",
    "flow_rate_mbps": [
        0.27151574047064436,
        0.47919335477985303,
        0.4705041366444635,
        0.24593509885449444,
        0.5017741526237618,
        0.6129456342853475,
        0.40544668746650914,
        0.15673491274603435,
        0.8622804138669615,
        1.01787635097065,
        0.15861494811345708,
        0.545097283558338,
        0.6753422843199098,
        0.7109597901167852,
        0.3157288131646807,
        0.7116595342365358,
        1.038507827450257,
        0.6854767177094008,
        0.7790674945778395,
        0.7862407862407862,
        0.641155872621294,
        1.0344946629689116,
        0.5586097377862503,
        0.6876787006360784,
        0.5285720599284042,
        0.15495459762190336,
        0.2590081481601682,
        1.1513381196317094,
        0.6500209568289325,
        0.42856104841650267,
        0.45550618988051594,
        0.5129720072689791,
        0.48300834929973174,
        0.5135625030076515,
        0.6906076596744635,
        0.957621367215893,
        0.7655867679000187,
        0.5813516277531472,
        0.6706193428028567,
        0.8640727735905387,
        0.8358241498669042,
        1.7629227867791804,
        0.5908443563309792,
        0.4700982080989745,
        0.40241392077955546,
        0.41827478806395646,
        0.4934676574025461,
        0.3184242777909831,
        1.0269595485843028,
        0.5021583405653709,
        0.506555934028914,
        0.5397703461570699,
        0.2787424398484825,
        0.37261757457444367,
        0.4652802733401192,
        1.0972213864072782,
        0.7682249642628267,
        0.8451279259662493,
        0.4139943815048225,
        0.5447094530491183,
        0.5264471036638586,
        0.5323445098355952,
        0.4182097733805736,
        0.803057469095027,
        0.5802404021701846,
        0.6720451188928235,
        0.4979155222758681,
        0.7214284568595407,
        0.3373655326703574,
        0.4370920967751309,
        0.8594633991165374,
        1.0375393776267416,
        0.6276296202977238,
        0.6019409413980961,
        0.41571635305505944,
        0.8579402952028978,
        0.6595415469355811
    ],
    "time_stamp_us": [
        3573246,
        8249218,
        10852593,
        13644832,
        18627610,
        21157832,
        23121073,
        26116288,
        34709651,
        36041190,
        37310185,
        46288910,
        48577529,
        50359381,
        52145136,
        56096375,
        57818322,
        58902647,
        60819211,
        62420510,
        64021241,
        65949758,
        67166352,
        69478664,
        71276713,
        73720429,
        81415070,
        86529967,
        87565562,
        89569682,
        92583675,
        95249720,
        97595579,
        100132678,
        102626318,
        104464699,
        105709784,
        107281598,
        109446484,
        111158573,
        112742884,
        114063736,
        114790166,
        116901585,
        119743204,
        122870730,
        125668508,
        128397927,
        132281048,
        133356066,
        135840382,
        138324925,
        140615677,
        145051600,
        148369962,
        151027457,
        152124191,
        153633124,
        155279076,
        158079114,
        160207221,
        162555947,
        165044561,
        168185951,
        169711919,
        171880951,
        173704400,
        176298575,
        177981902,
        181712455,
        184465559,
        185955605,
        187019661,
        189218410,
        191217543,
        194298105,
        195662116,
        197670784
    ]
}