{
    "name": "tcp_26",
    "flow_rate_mbps": [
        0.032453524436472765,
        0.019385507731404898,
        0.05082951253805918,
        0.08252456584063282,
        0.03844568999054635
    ],
    "time_stamp_us": [
        25032147,
        55988415,
        107812696,
        129097968,
        142208246,
        170349762
    ]
}