{
    "name": "tcp_5",
    "flow_rate_mbps": [
        0.5317364430670098,
        0.420032741351085,
        0.44931511684858144,
        0.27594145243927787,
        0.4594144816164486,
        0.23754340452983724,
        0.3923627546165788,
        0.6342167132597185,
        0.15194619897468942,
        0.8525354131902592,
        0.3178947346174939,
        0.5866386555817922,
        0.8332005601630176,
        0.29829824373834335,
        0.4910744496664658,
        0.8219519884096077,
        1.4617127030305634,
        0.3816834064154827,
        0.38573123846531077,
        0.3609862432615548,
        0.2583280702676176,
        0.09873721690317586,
        0.8359552470118675,
        0.8849129494426476,
        0.2979749638252516,
        0.6971730157293122,
        0.4693476740277791,
        0.35522117779348306,
        0.7052114884594939,
        0.2466446490056918,
        0.687920213944093,
        0.16820603427343447,
        0.24820098229871637,
        0.19461806802851417,
        0.1998046341987311,
        0.5104952755406177,
        0.6876794523652138,
        0.5329688059781131,
        0.45545715987356417,
        0.5973564195717709,
        0.609275402925388,
        0.962587884495795,
        0.14834237200253772,
        0.49051186292277177,
        0.913871485344191,
        0.3913643320267446,
        0.6221213939242315,
        0.39028035449200926,
        0.5089584725977101,
        0.1643918311168527,
        0.5178197941775761,
        0.5419153105938828,
        0.4270058099038785,
        0.4048486561228918,
        0.380196353383494,
        0.4633221299867982,
        0.6152702953743265,
        0.7682763625116728,
        0.35624574895786326,
        0.47197261789295647,
        0.35362772993864616,
        0.3526683946329521,
        0.594753822415486
    ],
    "time_stamp_us": [
        1721205,
        2235204,
        2879649,
        3559546,
        6012936,
        8752423,
        14004179,
        17099274,
        18961855,
        26808843,
        28298048,
        32083452,
        34191189,
        35741452,
        40034605,
        42664919,
        44155809,
        44994168,
        48262636,
        51468184,
        54862884,
        59563883,
        71192325,
        72605415,
        74065084,
        78066494,
        79855892,
        82607967,
        86150999,
        87951310,
        93188318,
        94953639,
        102238990,
        107131799,
        113144807,
        119443760,
        121714496,
        123576759,
        125938173,
        128604505,
        130674425,
        132558893,
        133946652,
        141537740,
        143991014,
        145344027,
        148447018,
        150505523,
        153984868,
        156414300,
        163868685,
        166427104,
        168606928,
        171657753,
        174630123,
        177824262,
        180326193,
        182479393,
        184160663,
        187724495,
        190344308,
        194028182,
        197409035,
        199376639
    ]
}