{
    "name": "tcp_42",
    "flow_rate_mbps": [
        0.17484921180563856,
        0.5050651529904083,
        0.15741139850682917,
        0.19391648230605588,
        0.24949609441513246,
        0.2714713203257018,
        0.1613648699576441,
        0.3284712697183516,
        0.2252598167204219,
        0.17314448787909434,
        0.260105764349832,
        0.20949774623202932,
        0.2351730400116475,
        0.18003990380220827,
        0.116159226296582,
        0.19038319144051655,
        0.21379912039260066,
        0.18748349263084224,
        0.17315171037866994,
        0.20419919390600086,
        0.1779753955344643,
        0.26999131147439964,
        0.14829410366969545,
        0.22201615516104886,
        0.13557265861255238,
        0.16569738079852606,
        0.1345585507549926,
        0.30392584309698534,
        0.23264175895273242,
        0.13772653565237816
    ],
    "time_stamp_us": [
        1653995,
        9227698,
        11544706,
        19750465,
        26809999,
        31942905,
        36456973,
        44051191,
        47748318,
        53139426,
        59961936,
        64630806,
        70532922,
        75931500,
        83228549,
        93873248,
        100367939,
        106409498,
        113122409,
        120263430,
        126643083,
        133342436,
        138535492,
        147171304,
        152541724,
        161417850,
        168813501,
        177264246,
        181732178,
        186999676,
        196298102
    ]
}