{
    "name": "tcp_14",
    "flow_rate_mbps": [
        0.1569846203905528,
        0.0965971129537866,
        0.2097027193277465,
        0.20268512918219123,
        0.1752579299847745,
        0.2140809747134539,
        0.09772559077601678,
        0.15500793491107878,
        0.1543591300999422,
        0.13759591123855736,
        0.3974069927248684,
        0.17879229463130916,
        0.3507101012632071,
        0.15282638161153195,
        0.1863613965503192,
        0.12254134878187754,
        0.24076203455275896,
        0.13621242079329907,
        0.21039643618605527,
        0.09447349752046036,
        0.16127358271378697,
        0.20656728256689855,
        0.11679140990716988,
        0.22877848040705845,
        0.24970271200480185,
        0.15360713086224373,
        0.3473513926733603
    ],
    "time_stamp_us": [
        8646193,
        16452308,
        27881221,
        33777568,
        39660190,
        45959477,
        51838374,
        63248282,
        70797831,
        78736720,
        87081154,
        90025843,
        96324101,
        99692353,
        107205192,
        113721563,
        122910951,
        127771518,
        136362805,
        142292183,
        155380298,
        162568084,
        168286705,
        178117565,
        183667038,
        188353571,
        195612609,
        198822730
    ]
}