{
    "name": "tcp_19",
    "flow_rate_mbps": [
        0.04941149492890014,
        0.021417836549077217
    ],
    "time_stamp_us": [
        14682600,
        40377026,
        90891932
    ]
}