{
    "name": "scps_tp_20",
    "flow_rate_mbps": [
        0.5919934030981879,
        0.5046557567684352,
        0.7214382440128397,
        0.7804612093649649,
        0.4539953707511368,
        0.6922325083048667,
        0.24792487318464262,
        0.5541724139928255,
        0.25632893164874376,
        0.43387310221752334,
        0.44234939669351764,
        0.6806708892240272,
        0.4932721805424779,
        0.488781285753899,
        0.40724767432773556,
        0.4223657951361788,
        0.49615867214395465,
        0.5125212979451544,
        0.6390195863880074,
        0.36727431834274227,
        0.24808092327809816,
        0.6025305555639779,
        0.32767573123849636,
        0.4554631050517045,
        0.31089588277939434,
        0.40728109826763237,
        0.43698164070190104,
        1.1157556252625105,
        0.47288126074112347,
        0.2683039971878791,
        0.4009860720814652,
        0.42229543597791763,
        0.2618018730318852,
        0.6301651126976671,
        1.034673304293715,
        0.6775929156797914
    ],
    "time_stamp_us": [
        3762473,
        4322736,
        9606195,
        13906272,
        15872494,
        22000486,
        26721212,
        33489714,
        39187291,
        45906158,
        50817087,
        56257854,
        62031922,
        66575296,
        71295935,
        77015894,
        80988943,
        86796440,
        93581719,
        98626447,
        105930851,
        111493552,
        117100305,
        122322541,
        127509701,
        133333387,
        139025770,
        144786012,
        150307221,
        156984246,
        164966833,
        170115341,
        174716480,
        181758752,
        187785363,
        192405488,
        197570359
    ]
}