{
    "name": "tcp_21",
    "flow_rate_mbps": [
        0.08902158069603969,
        0.1669692091016368,
        0.0802646170852097,
        0.05134271033665703,
        0.09520843860771178,
        0.09224967861734039,
        0.09462950732479773,
        0.12216774654131653,
        0.1837523140296014,
        0.07846304675315703,
        0.07987914696890047,
        0.05181566933399171,
        0.10149334294683322
    ],
    "time_stamp_us": [
        7631689,
        21273325,
        29339962,
        42956921,
        64244461,
        77115589,
        91117589,
        104767454,
        114617517,
        121887303,
        136942543,
        153804015,
        176388689,
        188571557
    ]
}