{
    "name": "tcp_41",
    "flow_rate_mbps": [
        0.1002436339638045,
        0.16459202033445264,
        0.09630370559910675,
        0.11246793118885373,
        0.09057688990387858,
        0.07689421326067482,
        0.06067468249199893,
        0.10723358471393421,
        0.27078441168847156,
        0.10803529688675745,
        0.11309459966457219,
        0.09076537959673608,
        0.14349583940052607,
        0.034676406931942974
    ],
    "time_stamp_us": [
        9544360,
        21658845,
        29573688,
        42986256,
        53587678,
        68092040,
        85033757,
        103775017,
        115820497,
        120346016,
        131995542,
        143416777,
        156917960,
        164996243,
        198425312
    ]
}