{
    "name": "scps_tp_23",
    "flow_rate_mbps": [
        0.4422753116360502,
        0.9852566150127335,
        0.5559886101378524,
        0.5733612851566213,
        2.0902980037539414,
        0.33567860219819085,
        0.47099022838144733,
        0.6867281108463865,
        2.014710276260491,
        0.6770136536024396,
        0.5246897032946545,
        0.5469051057055057,
        0.4470578577284845,
        0.4444024512355415,
        0.9515595567549697,
        0.3273199962550922,
        0.9700184532706717,
        0.35180909303698304,
        0.5726150486062364,
        0.7626382509645416,
        0.5742979550876008,
        0.8928251885626689,
        0.35428664645813635,
        0.4162133161791749,
        0.9974359921440223,
        1.0148167024645964,
        0.5635881951926114,
        0.8384778085395422,
        0.531136725450968,
        0.5436837399716321,
        0.6296480292731101,
        0.38936446965241756,
        0.7301688177349893,
        1.2757173801290864,
        1.580404271482694,
        0.45413877148057874,
        0.7635306190940853,
        0.7995558023320377,
        1.0548682477626488
    ],
    "time_stamp_us": [
        3080796,
        4871988,
        6030338,
        6578896,
        8619550,
        9052162,
        10906960,
        14938636,
        19038075,
        19597004,
        20447622,
        22947004,
        24297454,
        26197736,
        29775034,
        31608151,
        33733704,
        34480997,
        38108146,
        42369019,
        46451269,
        50738103,
        54051988,
        57791333,
        61584388,
        65347637,
        69742677,
        73503721,
        77690737,
        81141148,
        85344474,
        88675859,
        92248450,
        95650403,
        97926393,
        98738570,
        99322004,
        100868441,
        101075556,
        101847004
    ]
}