{
    "name": "scps_tp_23",
    "flow_rate_mbps": [
        0.2857388620980705,
        0.7596819628659057,
        0.6870940449763024,
        0.4008505839599256,
        2.9772754312908987,
        0.9139551315184248,
        0.7688660389832789,
        0.9678196909307383,
        0.5776611490107347,
        0.5528310894044045,
        0.5180910469224592,
        0.6469072101136197,
        0.5324817277935076,
        0.4791877280119555,
        0.8426533342534241,
        0.8656187136734808,
        0.4334071438706662,
        0.37921965845959854,
        0.29576800041952905,
        0.8000486326698202,
        0.28144945395371,
        0.4810944678187057,
        0.8138856865616501,
        0.9698537768431793,
        1.402552337374605,
        0.9666707094491659,
        5.028238294771361,
        0.9276567675344851,
        0.9600636321404021,
        0.41085333333333335,
        0.4692794815895444,
        0.4396216778642331,
        0.18505696421036483,
        0.33033824604609996
    ],
    "time_stamp_us": [
        1730338,
        3218410,
        4114406,
        4491449,
        6818321,
        6944396,
        7998811,
        9047004,
        9868438,
        10808934,
        12306679,
        14073658,
        16497004,
        18926924,
        20747004,
        22543928,
        23047004,
        25351553,
        29527750,
        33036446,
        35948069,
        39674493,
        42933063,
        46527671,
        49601124,
        53363636,
        55053891,
        55163671,
        56797922,
        57381275,
        57981275,
        58530338,
        59213671,
        60047879,
        60463671
    ]
}