{
    "name": "tcp_12",
    "flow_rate_mbps": [
        0.027047286668385056,
        0.021739173241913285,
        0.02413725131049882,
        0.05374145686079795
    ],
    "time_stamp_us": [
        17563702,
        58381105,
        110180683,
        153174808,
        173512180
    ]
}