{
    "name": "tcp_6",
    "flow_rate_mbps": [
        0.14149720937404883,
        0.24062999585529044,
        0.11870092859235988,
        0.0801017636765061,
        0.12904190459481485,
        0.15456703982608663,
        0.13415790877258407,
        0.12136823015657855,
        0.20531891506470343,
        0.14628611234316283,
        0.1151121036865422,
        0.1805850418145284,
        0.10008135121584583,
        0.08140265234398433,
        0.13952141318790492,
        0.1722072521935203,
        0.20274214011251787,
        0.5522064555667209,
        0.30454664100651346,
        0.19349629798770596,
        0.16678298314648454,
        0.13964892575862078
    ],
    "time_stamp_us": [
        5782610,
        15691498,
        21518203,
        31748957,
        48150094,
        56791008,
        64647793,
        75181052,
        84823114,
        90522735,
        98975212,
        109716741,
        116686089,
        128930528,
        142899606,
        151445391,
        159074338,
        164846399,
        167065569,
        171379391,
        177484314,
        185228989,
        194399414
    ]
}