{
    "name": "scps_tp_22",
    "flow_rate_mbps": [
        0.19241636079024535,
        0.4423910470203121,
        0.7180431406284945,
        0.5751394030578475,
        0.4096810715434105,
        0.8612134311546774,
        0.45699401117145844,
        0.28052282309103305,
        0.5542146543545885,
        0.30165514699772017,
        0.5669336285482002,
        0.5091913746206912,
        0.5588369237851619,
        0.3757373008878114,
        0.4304652711187969,
        0.5179528850538689,
        0.4138482630694942,
        0.4764505727036223,
        0.40887891931030074,
        0.122036114647336,
        0.3391651060638887,
        0.4945526910377189,
        0.3302606303235707,
        0.4268933084591869,
        0.512170972092855,
        0.25623252375182365,
        0.7181596425505219,
        0.6370465252359667
    ],
    "time_stamp_us": [
        6560712,
        12413021,
        18377337,
        25634394,
        31565756,
        37117001,
        42372841,
        49934253,
        54932349,
        61944217,
        70800953,
        78200761,
        83924660,
        89989542,
        100185176,
        105596623,
        113056761,
        119245696,
        124436077,
        130916235,
        146204824,
        152421973,
        157266108,
        163985165,
        170088423,
        175369472,
        183685044,
        189818722,
        195243004
    ]
}