{
    "name": "scps_tp_21",
    "flow_rate_mbps": [
        0.44791935160523527,
        0.5531157837314913,
        0.7898058186331309,
        0.46363448501574006,
        0.4155309565913177,
        0.5461875077801078,
        0.47678269596923506,
        0.5601490310432405,
        0.6922172584058311,
        0.691056072733102,
        1.1231108158915872,
        0.5003113478765818,
        0.6319837331644866,
        0.5216817887628374,
        0.8883754695549251,
        0.7160677662621214,
        0.3602567181785292,
        0.36843689822257314,
        0.6583459925121387,
        0.45794942941137334,
        0.7107300023126772,
        0.8514690792518125,
        0.6021313063566585,
        0.5496662836616424,
        0.23961825753333507,
        0.24201814084829162,
        0.3934748550507375,
        0.45085883707823876,
        0.41678654494436085,
        0.37982827641825184,
        0.3406656730106128,
        0.78342593421941,
        0.1603994717164316,
        0.5176023912749249,
        0.41374857605093934,
        0.666911770992758
    ],
    "time_stamp_us": [
        5164301,
        10611353,
        16679088,
        21012305,
        29417892,
        33934523,
        38947307,
        43971986,
        47854667,
        51554777,
        56794757,
        61473761,
        66151808,
        71322574,
        76972915,
        81583398,
        87056623,
        91990438,
        97623750,
        102184999,
        107054707,
        111932171,
        117001809,
        122557275,
        127457994,
        134599353,
        142399760,
        148319935,
        154319152,
        158371874,
        164969803,
        170543831,
        176025600,
        183046072,
        188698287,
        194088227,
        199468249
    ]
}