{
    "name": "tcp_31",
    "flow_rate_mbps": [
        0.20355785528522338,
        0.12580336387255572,
        0.15793079137599414,
        0.11226567004326954,
        0.2083279024534867,
        0.2377155709142941,
        0.24801053488503946,
        0.14118883644926675,
        0.21305094267608796,
        0.1275957901924072,
        0.12892404454065423,
        0.20147356645895215,
        0.15029445476885392,
        0.13950302888369776,
        0.1767428064702654,
        0.14828744123572868,
        0.18127475930707826,
        0.15368737164200402,
        0.10804486097608693,
        0.22893223958017117,
        0.20026554513733807,
        0.1304951863047465,
        0.2578059130503182,
        0.1414510816316765,
        0.23221286017050705,
        0.09292530839133493
    ],
    "time_stamp_us": [
        2604848,
        9275777,
        18226889,
        25636717,
        36355577,
        41495935,
        46418793,
        51092788,
        59381262,
        64977670,
        73976086,
        82796163,
        88878549,
        96371041,
        104680538,
        111551539,
        118922089,
        126108528,
        133866615,
        144493312,
        149171028,
        155731118,
        164275801,
        169157613,
        176806335,
        181750764,
        195650960
    ]
}