{
    "name": "tcp_24",
    "flow_rate_mbps": [
        0.18438937790548837,
        0.2610854913089748,
        0.2291871341452809,
        0.3053980769879783,
        0.16596232461765328,
        0.1106963623788079,
        0.23812129938661508,
        0.11800091508464532,
        0.13994333223829838,
        0.13540969869189814,
        0.14063227803043668,
        0.1917660374936351,
        0.15509050796004573,
        0.1283943465409757,
        0.10143702451394758,
        0.15607620154395285,
        0.1724993629284892,
        0.14765569829732295,
        0.1811240769231477,
        0.09990756988286448,
        0.3312886197057713,
        0.33779497858569696,
        0.14522569698989377,
        0.14426800621742553,
        0.1372778181448227,
        0.2196985910452924,
        0.23289099338609018
    ],
    "time_stamp_us": [
        1744884,
        8014269,
        12285054,
        17631951,
        21246905,
        28896834,
        39069526,
        44030359,
        54696039,
        63137170,
        71779387,
        80100663,
        86145529,
        93548690,
        102663110,
        114199726,
        121909806,
        128949832,
        136800528,
        143322466,
        154593684,
        157792828,
        161682051,
        168979933,
        177474124,
        185435789,
        190963362,
        196272627
    ]
}