{
    "name": "tcp_6",
    "flow_rate_mbps": [
        0.29129884635309855,
        0.4856687283610841,
        0.4696956120026295,
        0.5833595654249442,
        1.0474139735188657,
        1.065294011464488,
        0.8216233304354699,
        0.6112763399354554,
        0.7036241562285673,
        0.3918457337085877,
        0.6209490372418448,
        0.5303152679037515,
        0.6531800831914316,
        0.5133706446287141,
        0.20268569947172949,
        0.372145248932288,
        0.3657622625448232,
        0.7882893800776394,
        0.8074726491607623,
        1.0387818150453996,
        1.331819755567646,
        0.9178877296712689,
        0.7269366006181971,
        1.331818148917536,
        1.1930246542393266,
        0.4340492104865031,
        0.5263209808350512,
        0.5856519811603154,
        1.1057885368720233,
        0.3036070425990774,
        0.3269416771853245,
        0.6866060511156349,
        0.5437053926869171,
        0.22874497854479844,
        0.5726266133787591,
        0.44226640214576535,
        0.6381807224911015,
        0.7195043447305272,
        1.1088670271678935,
        0.774016427923041,
        0.43816948818010776,
        0.5780467360969117,
        0.32635512585061555,
        0.5148592816187659,
        0.3004785824660998,
        0.47752689513079727,
        0.41190564437869387,
        0.6575907477966062,
        1.0584361793831338,
        0.5171649103505184,
        0.6118786125820285,
        0.6102528809687668,
        0.950679022586685,
        0.8594901352855611,
        0.531970600726965,
        0.46364045568404344,
        0.6350198071793773,
        0.5389950754858139,
        0.985916596294039,
        0.47955034778710365,
        0.4517333836471697,
        0.6990110661468915,
        0.4434383571083497,
        0.5709014148133656,
        0.5263885851415331,
        0.3148815628904074,
        0.5890164724781277,
        0.4778476081649613,
        1.0090897938860972,
        0.49095406400062824,
        0.5804943079897538,
        0.5321404680014324,
        0.5839786720832804,
        1.0651676909201502,
        0.48329211713307174,
        0.4682163094576688,
        0.3900642979334211,
        0.3435420213741001,
        0.7712807891245409,
        0.7174729531383924,
        0.7384989090621423,
        0.34219949968274344,
        0.8232513018365094,
        0.5692299759894426
    ],
    "time_stamp_us": [
        2313681,
        6558394,
        9149790,
        11805808,
        14020017,
        15095122,
        16297269,
        17815629,
        19964837,
        21737829,
        25090577,
        27117410,
        29469822,
        31244524,
        33717591,
        40035945,
        43477182,
        47219941,
        48746487,
        50209422,
        51357228,
        52186169,
        53653538,
        55248175,
        56077117,
        57224587,
        60403950,
        62837142,
        64948430,
        66036667,
        71127458,
        74706812,
        76507670,
        78822453,
        84131422,
        86329294,
        89050188,
        91126089,
        92752542,
        93857670,
        95483682,
        98280408,
        100495869,
        104250797,
        106673828,
        110752122,
        113526416,
        116367455,
        118415659,
        119604734,
        121931574,
        123862153,
        126593873,
        127859663,
        129323973,
        131669065,
        134288336,
        136305029,
        138455698,
        139732236,
        142172522,
        144811955,
        146644029,
        149357732,
        151407543,
        153945288,
        158362949,
        160424691,
        162850569,
        164097792,
        166593830,
        168742895,
        170962760,
        173136812,
        174328737,
        176841503,
        179435176,
        182690024,
        186514185,
        188074395,
        189705453,
        191424616,
        195263780,
        196698676,
        198851479
    ]
}