{
    "name": "tcp_41",
    "flow_rate_mbps": [
        0.4970902609968777,
        0.6261536904980495,
        0.26583911366018764,
        0.31873012648211835,
        0.39757241253823905,
        0.44825019390235654,
        0.41879660120900625,
        0.9609676825188098,
        0.29588835495484944,
        0.48506207722997635,
        0.9294817082825799,
        0.9976478092732128,
        0.37969040622664146,
        0.45349304584875805,
        0.8492991245021857,
        0.651087525581838,
        0.8543394096372654,
        1.3976682740695823,
        0.5109091202919481,
        0.28065566551934684,
        0.6038322245253168,
        0.29413261256051604,
        0.4145913529365196,
        0.7353785330436435,
        0.5214083219885304,
        0.4413920891056144,
        0.4384888404751914,
        0.622386165334514,
        1.2343619317378383,
        0.36459216374402825,
        0.44927630160957516,
        0.4239518623219872,
        0.9754528048519241,
        1.5545253671851307,
        1.9920606279321544,
        1.448008533000338,
        0.23086499468037605,
        0.6073909625938414,
        0.2927047771747207,
        0.34763265296562784,
        0.6241132480984236,
        0.7406942642040637,
        0.3899503154019613,
        0.9222871898838414,
        0.2749567889466647,
        0.4049464742170348,
        1.068137797060648,
        1.0542281328034606,
        0.36342805345491497,
        0.38404599840162323,
        0.5904256023802292,
        0.9585609328195267,
        0.5530090254522999,
        0.6243143286924461,
        0.48566021890048044,
        0.6350437753218054,
        0.39028838259379156,
        0.4201006742489458,
        0.45213733829720654,
        0.6049609081656381,
        0.548510922024999,
        0.3264457228395384,
        0.298226048683291,
        0.9028407590077585,
        0.7454985552282201,
        0.4528814709812327,
        0.5418719211822661,
        0.5194459480596442,
        0.4797781770928115,
        0.4830938869964907,
        0.41355591759495325,
        0.2582350969415406,
        0.3236650474463784,
        0.5384178707914158,
        0.3911178408479206,
        0.26297093609095595
    ],
    "time_stamp_us": [
        1879874,
        3749973,
        4283695,
        8867490,
        12608335,
        15773947,
        18655552,
        21555289,
        22841992,
        26871620,
        29443497,
        30738154,
        31866889,
        37216932,
        39821779,
        41225666,
        43158678,
        44476749,
        45266636,
        47989312,
        52276986,
        54233291,
        58812450,
        61768228,
        63299521,
        65840332,
        68741698,
        71460855,
        73394317,
        74306594,
        78152206,
        80806074,
        83852835,
        85052524,
        85791116,
        86345316,
        87267852,
        93101911,
        95064930,
        99364689,
        103207366,
        105206234,
        106815967,
        109845276,
        111185943,
        115602637,
        118574289,
        119628535,
        120885189,
        124287458,
        127593312,
        129631435,
        130806196,
        133361525,
        135129865,
        137880430,
        139844893,
        143126159,
        145911777,
        148695356,
        150794004,
        152806726,
        157034075,
        161069135,
        162291942,
        163920919,
        166773056,
        169014176,
        171373305,
        173950496,
        177309843,
        180406498,
        185194693,
        188844392,
        191920070,
        194968563,
        199544582
    ]
}