{
    "name": "tcp_20",
    "flow_rate_mbps": [
        0.21636254837453717,
        0.2677654741793321,
        0.17675968561704436,
        0.21153380246269887,
        0.23722290196595255,
        0.16932906047291932,
        0.22935894513123348,
        0.2110753302305234,
        0.13784329086889777,
        0.17535275622114488,
        0.17858197695251463,
        0.1912971832900949,
        0.3268810182862274,
        0.16087847089778817,
        0.13621272740808527,
        0.1335877617367951,
        0.14637511732731912,
        0.14338265074027376,
        0.17782805220715622,
        0.106294597538211,
        0.16762323430192433,
        0.18163418719149935,
        0.16190650779101742,
        0.20495094065464087,
        0.13093241162766395,
        0.1345083274116038
    ],
    "time_stamp_us": [
        3353854,
        9476910,
        14342063,
        21774527,
        27202312,
        32786933,
        40154363,
        45593523,
        51765348,
        61216080,
        68645219,
        75569098,
        81975047,
        85723934,
        93546982,
        103110846,
        112449426,
        121198454,
        129976085,
        137115566,
        148332693,
        155906822,
        162592788,
        170229788,
        176208975,
        185652626,
        194763140
    ]
}