{
    "name": "tcp_17",
    "flow_rate_mbps": [
        0.24622641733993067,
        0.3139234473084152,
        0.35083080006605316,
        0.3109378262462658,
        0.5265071804562824,
        0.5564072512547114,
        0.207436141495472,
        0.4560037555493246,
        0.33136868243882245,
        0.2011105782384538,
        0.3503914728100037,
        0.4105249066650802,
        0.5255641245358469,
        0.32833163771179535,
        0.23076038015172318,
        0.3018623164509018,
        0.2604407060453999,
        0.20126205475848813,
        0.3650133186942065,
        0.4800438300888343,
        0.4195532101385053,
        0.44572247177167584,
        0.31766631644704657,
        0.30207945855244717,
        0.32295777756108573,
        0.2249601223675811,
        0.5007334111647224,
        0.40025917934597194,
        0.14799199345472022,
        0.15387607853444385,
        0.21430916654311,
        0.31984800979467676,
        0.3008047051336383,
        0.3697327690168757,
        0.5063682792177631,
        0.23864872145344257,
        0.27910248344652366,
        0.5441432647726092,
        0.3712834042429821,
        0.22698594477759435,
        0.18183861938115112,
        0.4871647463755863,
        0.2130980026295226,
        0.24942916172782278,
        0.5064267091394196,
        0.3965021757278231,
        0.15653071344379882,
        0.2765525592911627
    ],
    "time_stamp_us": [
        1689591,
        4630364,
        8322984,
        11847418,
        15539989,
        17888447,
        20071021,
        25978574,
        28496448,
        32694310,
        38403408,
        41932261,
        44621501,
        46974173,
        50840995,
        56055755,
        60261646,
        65136460,
        70896115,
        74102135,
        76631904,
        79500098,
        82373276,
        86091895,
        90148576,
        94045556,
        99296620,
        101501386,
        104728495,
        113605732,
        121641289,
        127616955,
        131206660,
        135317234,
        138571909,
        141144582,
        145955670,
        150425426,
        152494881,
        155944106,
        161294217,
        168215519,
        170640325,
        176546340,
        181415057,
        183682236,
        186995610,
        195035949,
        199586838
    ]
}