{
    "name": "tcp_6",
    "flow_rate_mbps": [
        0.26444255025301844,
        0.2620223577740097,
        0.1663696258893642,
        0.21994588354507377,
        0.4539827375747764,
        0.11498425133191328,
        0.2690466125914879,
        0.15424595523514126,
        0.41577355609713135,
        0.3741538282774091,
        0.1379128522119594,
        0.45346418679619815,
        0.5306423811615546,
        0.5483131897912513,
        0.7109480695470471,
        0.3276043793844642,
        0.4957551231727482,
        0.49636849479364764,
        0.26263356424230333,
        0.3956076442935434,
        0.33359383514625723,
        0.19380383674777527,
        0.6558112826470065,
        0.5104401069779575,
        0.3403961898835564,
        0.28725434303532277,
        0.4215993278851295,
        0.5454547738388381,
        0.2672169739434764,
        0.15649245464844183,
        0.20613348976665366,
        0.3245856420713377,
        0.15430270880543964,
        0.1324036562992613,
        0.16682127413507347,
        0.29807715200830226,
        0.12447451464440826,
        0.3873530023130437,
        0.25303262288768447
    ],
    "time_stamp_us": [
        3586207,
        8220257,
        12854976,
        20817968,
        26289132,
        29061396,
        38758724,
        43272440,
        51360302,
        54493546,
        57798283,
        66203591,
        69027717,
        71274654,
        73590119,
        75391432,
        79806025,
        82456043,
        84924854,
        89716930,
        92842451,
        96714465,
        102923630,
        104893221,
        107250716,
        111531845,
        115836323,
        118742969,
        121131288,
        125593280,
        134341050,
        140232378,
        144347902,
        153362909,
        162284717,
        170424686,
        174498799,
        183634163,
        187025798,
        192348748
    ]
}