{
    "name": "tcp_22",
    "flow_rate_mbps": [
        0.14988356008474724,
        0.07901652254974444,
        0.10423473487376395,
        0.08950499544661845,
        0.10737389262265332,
        0.15074852238606856,
        0.07429369212706943,
        0.09737151743394126,
        0.16775834009013663,
        0.09018797330305284,
        0.09284770101263533,
        0.08544853508031092
    ],
    "time_stamp_us": [
        54733878,
        62615196,
        78543004,
        90617290,
        104555283,
        115556840,
        123832344,
        139881082,
        151332480,
        159032127,
        171762871,
        184010024,
        198351288
    ]
}