{
    "name": "scps_tp_30",
    "flow_rate_mbps": [
        0.2414861419884427,
        0.3338349239139344,
        0.1377302217761884,
        0.18541932950000173,
        0.29047522242787405,
        0.4029336014068556,
        0.15197837583375767,
        0.5623787136547961,
        0.30319976064670806,
        0.5165480606523578,
        0.2514687485795407,
        0.2483535777492471,
        0.3590947869893601,
        0.18414909615416694,
        0.5907189811647436,
        1.7469193027200183,
        1.7910768568778572,
        1.524908818982443,
        2.1425282092774887,
        1.7176221296031637
    ],
    "time_stamp_us": [
        7052706,
        16104654,
        28671344,
        44943154,
        56553594,
        68221646,
        77646921,
        90213972,
        97830761,
        111922065,
        120428379,
        130306346,
        141419534,
        151226861,
        160339477,
        168469231,
        172760305,
        177617450,
        182620136,
        188437637,
        194556608
    ]
}