{
    "name": "tcp_18",
    "flow_rate_mbps": [
        0.8045645594188524,
        0.18598839798141628,
        0.11939952787930605,
        0.3734942561302832,
        0.12673713394559002,
        0.22474533942461666,
        0.1581147175107753,
        0.23658844738641754,
        0.155930204569376,
        0.15745785435148474,
        0.18115234453807283,
        0.17204728155861995,
        0.1350068693179266,
        0.1419520450279694,
        0.13297574796416697,
        0.12336673832372512,
        0.24870767647556596,
        0.28121625856155547,
        0.13592400974979663,
        0.12101134008675618,
        0.1535941702166972,
        0.10659754598602865,
        0.17000524811253048,
        0.6027010435193099,
        0.21114303763631762,
        0.1613018054538712,
        0.2980637513470878
    ],
    "time_stamp_us": [
        1672719,
        2886593,
        9356674,
        21099434,
        24410007,
        33643607,
        39587401,
        47128255,
        52401209,
        60826517,
        68609171,
        76044239,
        83295269,
        92045046,
        101144457,
        110359972,
        120114303,
        125396649,
        129950582,
        139372317,
        149316509,
        157510570,
        168592251,
        175021229,
        176889618,
        183634619,
        191163363,
        195126542
    ]
}