{
    "name": "scps_tp_15",
    "flow_rate_mbps": [
        0.6353240360567756,
        0.5423441676253269,
        1.305783145222692,
        0.6042088086420064,
        0.5687858520264067,
        1.1435690633093996,
        0.8909641158668397,
        0.6590024591819524,
        0.29927057502005644,
        0.4669490529752592,
        0.7388825617616944,
        1.2085964505037565,
        0.5643714934459123,
        0.554654379475365,
        0.33958004775282896,
        0.4434698574472462,
        0.8590436913978914,
        0.5294361116842624,
        0.6266753825872704,
        0.24282490004811888,
        0.6437078678861298,
        0.631487057747942,
        0.5336769843168316,
        0.6781284659220707,
        0.7238734784559778,
        0.6687400269779886,
        0.5375333418010924,
        0.5525010785383974,
        0.8960970619286222,
        1.130380478703586,
        1.0893787563741837,
        0.7653292163449658,
        1.2725521726861038,
        0.8088037177620168,
        1.7458598798709812,
        1.0304660364721272,
        1.326465728845847,
        0.6253044970238726,
        0.3749876428674631,
        0.7364157155382772,
        0.7069251883840061,
        0.8150754028816058,
        0.4862917336455269,
        0.8509142887326298,
        0.6281232536517569,
        0.3830271665082526,
        0.5023821507615298
    ],
    "time_stamp_us": [
        1687365,
        5106861,
        9300213,
        13476833,
        17642810,
        22029417,
        26238555,
        29881530,
        34203699,
        38667352,
        42710277,
        46311174,
        50028941,
        53550026,
        57710022,
        61773865,
        66927045,
        70062811,
        74129024,
        77987098,
        83170092,
        87800764,
        92014057,
        97227098,
        101573885,
        105386706,
        108952576,
        114621136,
        117938125,
        121609513,
        126531891,
        130747725,
        135652281,
        139001016,
        142686459,
        145494107,
        150250945,
        154495608,
        158838836,
        162783926,
        166726699,
        171302459,
        175013723,
        178782325,
        182492969,
        186148812,
        191682832,
        195308757
    ]
}