{
    "name": "scps_tp_42",
    "flow_rate_mbps": [
        0.37717043217064405,
        0.6382328258233158,
        0.44942560608027254,
        0.33142793202779913,
        1.2060690705942103,
        0.682588370153329,
        0.6074214154146372,
        0.6160468184141943,
        0.4399394589868033,
        0.5047892819370288,
        0.1554983016317744,
        0.6770848575439236,
        0.42235331034560786,
        0.5203699131852062,
        0.8049556038740407,
        0.3606814655070236,
        0.9092037434460212,
        1.0337345771435433,
        0.6501129352411471,
        0.5222477996945799,
        0.3180374717884838,
        0.39220575275893027,
        0.43367799586689565,
        0.9382186748805895,
        1.3499773004057103,
        0.47039397878114114,
        0.7146877435521786,
        0.22883522868598832
    ],
    "time_stamp_us": [
        1660667,
        4066985,
        11868276,
        18255095,
        28514701,
        32295181,
        38764673,
        45725771,
        52159308,
        60064032,
        65575401,
        79774913,
        86916588,
        93634376,
        101844843,
        108359488,
        114940364,
        120926613,
        127505323,
        133839484,
        140286998,
        146639457,
        155759568,
        162505587,
        168271407,
        172712015,
        179260058,
        185578006,
        194020762
    ]
}