{
    "name": "tcp_7",
    "flow_rate_mbps": [
        0.419153256424823,
        0.25140424881517415,
        0.5918929255213317,
        0.4858754689738376,
        0.5421886822607511,
        0.32380675959362964,
        0.3764509823250312,
        0.37330130027325914,
        0.15551943047045835,
        0.4245605751230777,
        0.3018009941818884,
        0.33059253621470547,
        0.39515177407397756,
        0.5703357863012031,
        0.5390784382064048,
        0.41806326813080524,
        0.9434011077530957,
        0.5290432694937949,
        0.8318986819309956,
        0.8872742318245038,
        0.5291593131350871,
        0.9982901486255427,
        0.643967755350181,
        0.2788945430009278,
        0.363582369730087,
        0.563182795256078,
        0.6369093504284556,
        0.257245679155919,
        0.7131786883426581,
        0.849041961298117,
        0.16715970722204013,
        0.20879235184537265,
        0.9549614183985773,
        0.1923403588088487,
        0.36055187238173847,
        0.6918014420092838,
        0.8909146848027599,
        0.8217320316111715,
        0.28749473897577893,
        0.6202757879135729,
        0.5048113141780287,
        0.3509698431553692,
        0.2991644546804485,
        0.5401744909652264,
        0.3948438059329033,
        0.6101476523632169,
        0.7862012062157437,
        0.4589950175463899,
        0.25050544608571584,
        0.5635893083578478,
        0.6010038116846947,
        0.4783052247054751,
        0.3044823025319073,
        0.16481465815389668,
        0.5917638137726123,
        0.14177985410364308,
        0.21372659945406794,
        0.77699246073507,
        0.22878505175406727
    ],
    "time_stamp_us": [
        3614870,
        6459462,
        11641236,
        14159259,
        16635943,
        19038649,
        22959506,
        26185424,
        29675152,
        37128883,
        40119269,
        44179693,
        47786308,
        51278637,
        53446623,
        55678877,
        58557293,
        59832848,
        62336991,
        63810055,
        65153856,
        67594860,
        68811340,
        70800011,
        75708533,
        79230816,
        81367529,
        83378239,
        88099018,
        89910177,
        91340495,
        99067716,
        105941531,
        107120720,
        113549324,
        116917494,
        118768661,
        120156538,
        121620957,
        125883435,
        127948065,
        130616151,
        134831214,
        138853617,
        141285720,
        144389327,
        146289195,
        147918091,
        150636029,
        155395686,
        157589624,
        159646982,
        162347517,
        166589734,
        173824042,
        175857556,
        184500815,
        190544424,
        192050539,
        197406833
    ]
}