{
    "name": "scps_tp_12",
    "flow_rate_mbps": [
        0.32146336504076034,
        0.24170967272256644,
        0.45665249774824807,
        0.33709260042691,
        0.3339928481966202,
        0.19832124364157874,
        0.38918531461284256,
        0.32394217318278345,
        0.40225304127563394,
        0.46594229444229834,
        0.349101841229299,
        0.5205969804321571,
        0.2468495840468984,
        0.4754509919162185,
        0.3261951459621598,
        0.4503528871516754,
        0.319394677869132,
        0.42856647145512483,
        0.1979780223672835,
        0.25123279193632275,
        0.4839982463831653,
        0.17930876904747656,
        0.18993332109655253,
        0.433649218390576,
        0.45497177100267283,
        0.49885439438379364,
        0.20194024407738162,
        0.3555504524369705,
        0.23651591973312383
    ],
    "time_stamp_us": [
        4163507,
        10242209,
        19514159,
        25969133,
        30947231,
        37062332,
        41794049,
        47921310,
        53578616,
        59122589,
        63932455,
        70478625,
        75186451,
        80553282,
        86869138,
        92927352,
        98075315,
        105437742,
        111749015,
        120782745,
        127769731,
        134361821,
        147045194,
        155124661,
        161056460,
        168384563,
        173806586,
        180749630,
        186462912,
        194304752
    ]
}