{
    "name": "scps_tp_30",
    "flow_rate_mbps": [
        0.4555529995667295,
        0.24973056238943908,
        0.22083865889929963,
        0.2961908703509614,
        0.4343475591924482,
        0.2874912925814351,
        0.29571499141991037,
        0.30512237966975053,
        0.2146668513890478,
        0.09467448622250545,
        0.29337702099841684,
        0.27663592360969,
        0.2268283288858576,
        0.26605178398171003,
        0.2839131012773885,
        0.12375724534490093,
        0.22021068121669096,
        0.3219879703856359,
        0.15265271155086307,
        0.33839290839225916,
        0.2737589463155428,
        0.14767111912855577
    ],
    "time_stamp_us": [
        5528428,
        12653307,
        20743306,
        29841713,
        38936389,
        44629894,
        51695708,
        59797022,
        66201272,
        75664121,
        89190891,
        97469658,
        105610900,
        114809751,
        123399357,
        130748648,
        141275062,
        148845267,
        156011249,
        169607601,
        176524058,
        184065291,
        195503682
    ]
}