{
    "name": "scps_tp_31",
    "flow_rate_mbps": [
        0.28581314804756836,
        0.30211887091690665,
        0.7981001745844131,
        0.32979476891887877,
        0.5933839569993709,
        0.34289157399863135,
        0.39186382205484904,
        0.8316950062819413,
        0.18412889022315623,
        0.1987737143368628,
        0.4682688304209428,
        0.31460270527930145,
        0.38201997282664873,
        0.35109902656703523,
        0.27646176445088866,
        0.41348820894522625,
        0.44788195574955086,
        0.5406098969248535,
        0.3555434843997586,
        0.2921422405438904,
        0.4608873183479438,
        0.39849869382399217,
        0.7864061099902139,
        0.48915480506835096,
        0.3371676997008553,
        0.48693390024671485,
        0.7804085329606745,
        0.6992525952252515,
        0.21907249541156687,
        0.3178761844108435,
        0.5002502310004289,
        0.637970138184614,
        0.28667438591273003,
        0.35839893548337676
    ],
    "time_stamp_us": [
        3654741,
        9255603,
        15613895,
        20870378,
        26293387,
        30758624,
        36554042,
        43540959,
        48890420,
        57104666,
        62936423,
        68453254,
        75401446,
        79996389,
        85750663,
        91021844,
        96575376,
        101406649,
        107859805,
        114163169,
        121154284,
        126160627,
        130399336,
        136674567,
        142294383,
        148188186,
        153176132,
        158325435,
        164893362,
        171444618,
        176133236,
        182555302,
        188283219,
        193366617,
        198849669
    ]
}