{
    "name": "tcp_26",
    "flow_rate_mbps": [
        0.1426066119264586,
        0.11576074450225261,
        0.0993254573595074,
        0.11067564217368393,
        0.09967379735906408,
        0.07843182461897658,
        0.1023667928682906,
        0.09575015473642606,
        0.1212566146690448,
        0.06499453988820131,
        0.09630094463899445,
        0.13000605865224807,
        0.14342948246548104,
        0.0855364516112132,
        0.12949975733458063,
        0.10054853095281806
    ],
    "time_stamp_us": [
        4709017,
        12295762,
        22881734,
        34107859,
        45180214,
        57474719,
        72395193,
        82640703,
        94977811,
        104719795,
        124423604,
        135887666,
        145143850,
        153302842,
        166854959,
        176403085,
        187602453
    ]
}