{
    "name": "tcp_17",
    "flow_rate_mbps": [
        0.05866775398723615,
        0.05429040271552221,
        0.04096620205870009,
        0.12016025721260855,
        0.05156533165600693,
        0.05356297468378173,
        0.06158484279006114,
        0.059919916814076844
    ],
    "time_stamp_us": [
        28098551,
        50303594,
        71858785,
        100963753,
        111989029,
        134469249,
        154462164,
        173822772,
        193721331
    ]
}