{
    "name": "tcp_3",
    "flow_rate_mbps": [
        0.2695224172033003,
        0.7245828993282392,
        0.4868763662470956,
        0.5243442102570783,
        0.18758529246409592,
        0.0964608187642649,
        0.23038346516127028,
        0.3566930447126654,
        0.2843531784119828,
        0.8173777182092253,
        0.33451178300366075,
        0.8589759330270592,
        2.248046784294252,
        0.8574114294743214,
        0.3966620182836399,
        0.7537921877457561,
        0.17939718090144297,
        0.2747562329894471,
        0.3000846267412797,
        0.6233539256975713,
        0.4856966880081985,
        0.38550595029324247,
        0.5075035763448407,
        0.3642620855807327,
        0.3661738590757744,
        0.5995775288007401,
        0.3706285874039416,
        0.3277477744930616,
        0.5916879814302822,
        0.6246441241325887,
        0.8331496321010455,
        0.9620953143011064,
        0.3877828199294536,
        0.4120660988768621,
        0.5308361370910836,
        0.14723362250294672,
        0.47478594062435536,
        0.8539104268408744,
        0.26977912370657825,
        0.3784434135841054,
        0.4138669773864691,
        0.5536282770640261,
        0.42965391564851224,
        0.3984013424393061,
        0.5285496114807215,
        0.2172961716639756,
        0.8400340883398166,
        0.4861056125623632,
        1.737434960391296,
        0.4114479764915748,
        0.24038736922718398,
        0.6714129250305326,
        0.570533245556287,
        0.26420772020951816,
        0.618924740964362,
        0.3612846347184331,
        0.6226658414860569,
        0.5586899201891812,
        0.8747061584357457
    ],
    "time_stamp_us": [
        4762825,
        9309534,
        10955060,
        13630729,
        15925710,
        22634978,
        35110095,
        41004268,
        44439827,
        48982347,
        50427554,
        54222936,
        55623860,
        56183706,
        57677318,
        60794531,
        62434877,
        71050397,
        75510496,
        80182778,
        82077817,
        84782715,
        88018774,
        90389910,
        93784389,
        97130996,
        99230074,
        102685393,
        106289628,
        108454012,
        110398159,
        111908764,
        113171009,
        116416537,
        119363637,
        121672146,
        130520125,
        133147667,
        134634474,
        139667925,
        143518646,
        146773025,
        149126084,
        152492142,
        155817432,
        158094153,
        164190901,
        165570845,
        168159912,
        168877936,
        172044120,
        177141892,
        178950615,
        181988615,
        186793925,
        188684688,
        192259930,
        194227984,
        196342359,
        197831682
    ]
}