{
    "name": "scps_tp_0",
    "flow_rate_mbps": [
        1.3147267216813794,
        0.5914077603361646,
        2.167568059681473,
        0.6344176744141083,
        0.9848065278985518,
        0.8895099221329488,
        1.3379711535578278,
        0.7353479347142624,
        1.4855694546643776,
        0.9814052511255453,
        1.2645589563440824,
        1.311967919682124,
        1.1832419436842325,
        0.9250653638428213,
        0.8788970363279283,
        0.5554990624188276,
        0.9751333898558572,
        1.7606165811759755,
        1.0355746176231935,
        1.1147619643951727,
        0.5365737697502592,
        1.5804650592060863,
        0.7744183064904749,
        1.238478077965785,
        1.0216368326710346,
        1.0857547688159979,
        1.1514093682299826,
        1.2035881895233724,
        1.483668999764903,
        0.7794756062454329,
        1.747788910337615,
        0.6315770891814964,
        0.993814515920511,
        0.8979150158651481,
        1.3144908944049631,
        1.0167221726066087,
        1.1673006740882597,
        1.2173148362702046,
        0.7147801524409911,
        0.8560086358735104,
        0.7188630711705695,
        0.8793888493650335,
        0.6932186974236205,
        1.2224304052186605,
        1.2794823112818567,
        1.1095413229523559,
        0.5656471599854533,
        1.5940712168566156,
        1.0024366470498869,
        1.9784801397370704,
        1.5858271486712952,
        1.1041293853026157,
        0.7521856832897903,
        0.7900986413357577,
        0.7322910150926139,
        0.5854362136135132
    ],
    "time_stamp_us": [
        1791351,
        2917474,
        6725608,
        9812127,
        13536109,
        16652579,
        20202219,
        24204099,
        28092544,
        31615072,
        35394795,
        39559156,
        42975581,
        46325158,
        49678694,
        52718504,
        56514442,
        60352440,
        63023686,
        65646230,
        69439255,
        73595403,
        76724811,
        80117706,
        83968626,
        87296932,
        90693058,
        93847592,
        97323997,
        100233433,
        103349374,
        106975075,
        110034084,
        113166741,
        116031511,
        119567359,
        122976904,
        127195046,
        130858979,
        135013767,
        138328313,
        142167709,
        145645215,
        149435534,
        152876417,
        156241528,
        159873299,
        163464513,
        166587987,
        170530700,
        173945685,
        177475250,
        181024834,
        185486711,
        189371188,
        193366321,
        196760713
    ]
}