{
    "name": "scps_tp_2",
    "flow_rate_mbps": [
        0.40589970306802214,
        0.8249373255758952,
        0.9987998372361881,
        0.8926445228418236,
        0.7288812151857106,
        0.5184929043807697,
        1.1410744664398391,
        0.35916345413163736,
        0.5962460890471181,
        0.4717949505533771,
        1.135344088639555,
        0.4926532783842816,
        0.663829361191979,
        0.8942351062065078,
        2.05064401775597,
        0.5146564104689113,
        1.7644670714009063,
        2.3329366825498195,
        0.7727200531944964,
        0.4908240272776847
    ],
    "time_stamp_us": [
        3941526,
        6365987,
        7824716,
        9186198,
        10237537,
        10967302,
        13139135,
        13966783,
        18546759,
        24508861,
        30499260,
        32298186,
        33814985,
        37290818,
        40895776,
        41376741,
        45044897,
        45902085,
        46486142,
        49086411,
        50646954
    ]
}