{
    "name": "tcp_11",
    "flow_rate_mbps": [
        0.29653382143555684,
        0.16661553569134427,
        0.32535410965856815,
        0.09086893902410664,
        0.11725310757809376,
        0.18092628177718956,
        0.21908033270567395,
        0.2103152302236846,
        0.35572965604859524,
        0.3651578021849068,
        0.25953455259985875,
        0.4643985218872432,
        0.15325745928057588,
        0.1508029136106407,
        0.23308658732944848,
        0.22199734362152934,
        0.3570546519422786,
        0.13316421584098148,
        0.32837885782694576,
        0.2717134894384396,
        0.30605701177887845,
        0.21568260848180906,
        0.1799301809974852,
        0.13493935892734832,
        0.1694167133432219,
        0.10884611665775586,
        0.1824470664813089,
        0.40741236350193644,
        0.14581432517744647,
        0.09412378365593113
    ],
    "time_stamp_us": [
        4186456,
        8281773,
        16166752,
        19831436,
        32345283,
        42514054,
        49226180,
        55071707,
        60635926,
        64111824,
        67588677,
        72097672,
        75045485,
        82969406,
        90583052,
        95793133,
        101611581,
        105012741,
        113551972,
        117754435,
        122548897,
        126913574,
        132748815,
        139682171,
        148354511,
        155783294,
        167346040,
        174849367,
        177965620,
        186521158,
        198836855
    ]
}