{
    "name": "scps_tp_1",
    "flow_rate_mbps": [
        0.9484120125171234,
        0.8524182641087444,
        0.662080013850697,
        1.644362817816333,
        0.3667950028585865,
        0.7734900981969851,
        1.5300957849817087,
        1.2020858695304437,
        1.1269796349000591,
        0.8018521040446683,
        1.1515323601612892,
        1.1622316813407776,
        1.3293506562857391,
        0.45143582551657113,
        0.7387688498932603,
        0.8907363325865766,
        1.0052161788095615,
        0.6773813159707623,
        0.7225111900187398,
        0.6850091709276969,
        0.9209219520661064,
        0.44100220695763465,
        0.7965671291796024,
        0.9065762232488462,
        0.6091294773380445,
        0.9533384923077691,
        1.503545559783739,
        1.4301575102899466,
        0.8152099277824887,
        1.6914519526172922,
        0.931453586091193,
        0.8305990492580181,
        0.6771421433264111,
        1.077640434682242,
        0.7637835353650159,
        1.2177088634118598,
        1.041894738431571,
        1.0678543512494838,
        0.4737315562540713,
        0.9995044921823665,
        0.911565101131517,
        1.8310721157847838,
        1.8503582844076278,
        0.8626394703637649,
        0.45263458882649615,
        1.372311491203827,
        1.0742006132777664,
        1.7146697019635446,
        1.094333388402445,
        0.740015653833547,
        0.5291284238778787
    ],
    "time_stamp_us": [
        5519146,
        9395436,
        13630540,
        17465726,
        20795794,
        26153337,
        29807217,
        33313821,
        36877227,
        40060958,
        43585598,
        46864429,
        50284057,
        54104268,
        57894840,
        61854942,
        65622791,
        69400844,
        73051609,
        76856339,
        80966065,
        84538485,
        89470161,
        93461689,
        97370726,
        101068068,
        104669559,
        107929693,
        111704494,
        115374518,
        118886010,
        122797316,
        126904424,
        130686909,
        134364722,
        138209581,
        141283025,
        144726751,
        149699564,
        153568084,
        157677000,
        161455644,
        164723500,
        168184019,
        172420134,
        176200667,
        179297923,
        182833352,
        186007561,
        189336711,
        193812292,
        197150612
    ]
}