{
    "name": "scps_tp_1",
    "flow_rate_mbps": [
        0.9647765857625632,
        0.8470997802483831,
        0.7775338689685689,
        0.656564119564437,
        0.7947845622697626,
        1.0347167087693974,
        1.3946705362993714,
        0.8748184065052921,
        0.9173792918225014,
        0.9719318213974664,
        0.9556465372621595,
        1.1815510723509375,
        0.44152127769559385,
        0.7781689473664265,
        0.5679800189306197,
        0.8357399115524963,
        0.573039843902496,
        0.8698964894309918,
        1.5110745186752714,
        0.9016730112753915,
        0.4845169323725735,
        0.8719188479362606,
        0.5390625,
        0.6374285888332402,
        0.8932770473429644,
        0.7714341673603291,
        1.247306427486379,
        0.5061955454578165,
        1.5087100827416737,
        1.0199843030053872,
        0.534128034558402,
        0.8469460610837635,
        0.9246829376919338,
        0.8250678819396783,
        0.9300848062109894,
        0.6428889995690781,
        0.3152858033553114,
        1.0504856518456511,
        0.5098809000688781,
        0.7681621052916682,
        0.47468177246846666,
        0.7521175810878612,
        1.1806702530057214,
        0.6434973415942907,
        1.2364980383243238,
        0.8783591868494354
    ],
    "time_stamp_us": [
        3893296,
        8378977,
        12067232,
        15432333,
        19736924,
        23904091,
        28684066,
        32277861,
        36253086,
        40453050,
        44269614,
        47065292,
        50485068,
        55185906,
        59144121,
        63051019,
        67938664,
        72042253,
        76192264,
        80013333,
        83808944,
        87728064,
        91463274,
        96398954,
        100174624,
        104178936,
        108100152,
        112233603,
        117097178,
        121838924,
        126146755,
        131479409,
        135090123,
        139077825,
        143667411,
        148118618,
        152497601,
        156664487,
        161488313,
        166749777,
        171032623,
        175265522,
        179331482,
        183081081,
        187438768,
        192599407,
        196370074
    ]
}