{
    "name": "scps_tp_26",
    "flow_rate_mbps": [
        0.26663265177796663,
        0.732208295091412,
        1.3553188489700665,
        0.9098560580881037,
        0.2317184587716484,
        0.3518182769290218,
        0.4171203680648722,
        0.25184620535573277,
        0.3648015539121011,
        0.44028023752474216,
        0.31836498602140173,
        0.32723559115706924,
        0.8128259328394613,
        0.6306435775433644,
        0.5600222461341297,
        0.2210349685653179,
        0.2725992728309688,
        0.526532555266128,
        0.5479846194810652,
        0.26333519752341616,
        0.2126625411931547,
        0.42439463037694725,
        0.5031448579162673,
        0.29435496535332334,
        0.5636775192742992,
        0.22846282981216942,
        0.4452452634486967,
        0.618835526054573,
        0.579107431767512,
        0.43130976285039496,
        0.5604695016256249,
        0.5308664123055071,
        0.520784637765337,
        0.8882763059851603,
        1.4219257533314607,
        0.348895916830329,
        0.4191261720952811,
        0.6194923572046026,
        1.3218398377146223,
        0.40252313969920733,
        0.3286420949559632,
        0.7832758473674378,
        0.5430510021958149
    ],
    "time_stamp_us": [
        2093494,
        4876589,
        6369279,
        7036021,
        7622716,
        11718514,
        16707908,
        21551402,
        27250118,
        31426416,
        36341104,
        42305579,
        46691410,
        50535185,
        55524374,
        59329080,
        63274881,
        68661249,
        75391773,
        80146359,
        85596447,
        91618382,
        97523452,
        102460400,
        106886077,
        110822796,
        115558446,
        121013417,
        125723166,
        129860015,
        133929851,
        138578525,
        143985535,
        148458478,
        153032190,
        157488794,
        162741478,
        167430090,
        171564572,
        176801273,
        181930121,
        187607300,
        192216251,
        196790407
    ]
}