{
    "name": "scps_tp_27",
    "flow_rate_mbps": [
        1.65576880435586,
        1.6826528951301438,
        1.7194039623927746,
        1.7164504038941393,
        1.5894256450565052,
        1.8247239863266556,
        1.1906112290262163,
        1.4520142812426167,
        1.4190673542838446,
        1.0326007956351415,
        1.4254162713143343,
        1.056661222641364,
        1.1059851775612712,
        1.2011916335765798,
        2.358427327382634,
        1.0478289375371066,
        1.4287232758449848,
        1.934820417578651,
        1.8978222717065159,
        1.702815482957817,
        1.7272701842403313,
        0.7768961100386297,
        1.366448974323384,
        1.0945632140775134,
        1.33085317856316,
        1.1646678388950005,
        1.2902613037806752,
        1.165773598894618,
        0.8483963982790204,
        1.0973120663965399,
        1.1314231920923759,
        1.726350404196274,
        1.4919400042077524,
        2.1470117495215493,
        1.653973503106973,
        1.9335855401429172,
        1.0422753186046145,
        1.2643004235867241,
        1.5673329419275301,
        1.0138820258192651,
        1.6122904527691253,
        1.4545862969434769,
        1.2308522443262402,
        1.8735868186658042,
        1.7301884633793159,
        0.9006705044113689,
        1.6338717991513143,
        0.8461650481716244,
        0.6085976716371042,
        2.056810142710575,
        0.7992422853341998,
        1.002840776620245,
        1.1262433052792655,
        1.3260346136907306,
        1.0266185522328037,
        2.0425763715340888,
        1.7351526077359896,
        1.5264323033606435,
        0.9572795100091046,
        1.016221880775195,
        1.79655585410772,
        0.6858863887959574,
        1.3688842261434706
    ],
    "time_stamp_us": [
        3724871,
        6971991,
        9675151,
        12314112,
        14796817,
        17290397,
        20103754,
        23182240,
        25683703,
        28764487,
        31234212,
        33720391,
        36833896,
        40187865,
        44029650,
        46711912,
        49683084,
        53013498,
        55860770,
        59252194,
        62117848,
        65192202,
        68147964,
        71541285,
        75152150,
        77657370,
        81449009,
        84418082,
        87533747,
        90500662,
        93810714,
        96806304,
        99863111,
        103119006,
        106317349,
        109227577,
        111996733,
        114909591,
        117826113,
        121101486,
        124248361,
        127062643,
        130303482,
        133550403,
        136302173,
        139256487,
        143313731,
        146698966,
        150874038,
        154338790,
        157038660,
        160201856,
        163504474,
        166896139,
        169968276,
        173678320,
        176586177,
        179360250,
        182600433,
        185898780,
        189570734,
        192729311,
        196366998,
        199165540
    ]
}