{
    "name": "tcp_44",
    "flow_rate_mbps": [
        0.4047975526945343,
        0.7472138387581277,
        0.3343982188624538,
        0.27851809745031975,
        0.476884080883687,
        0.8108756186447817,
        0.26952091718590654,
        0.21119265416855068,
        0.35207638481628256,
        0.4777758495560018,
        0.4335445276946754,
        0.19514873797108948,
        0.3486589846068569,
        0.1901152878847794,
        0.6627707933898155,
        0.4049577065381037,
        0.5620333981838527,
        0.3737463501332995,
        0.3684005787774794,
        0.2302979116367444,
        0.5505366735217792,
        0.3075011759643688,
        0.4176974692872516,
        0.17494045349430284,
        0.3732075981962808,
        0.22235883744999113,
        0.31930363051388705,
        0.28243152001560773,
        0.194890749274801,
        0.17316963023350096,
        0.2533569730767317,
        0.48400812424931194,
        0.19053382062372212,
        0.2827250404250666,
        0.27759458609389104,
        0.4156694422007634,
        0.44826672230900677,
        0.4004587918592994,
        0.3952753382560697,
        0.22045430484438625,
        0.17874736122634294,
        0.42059546259786273,
        0.21228425782139065,
        0.19268060534322168,
        0.4028348887797348,
        0.2737359349700048,
        0.23026636955573068,
        0.32930270284026864
    ],
    "time_stamp_us": [
        2915857,
        5697692,
        7396804,
        11259504,
        15580085,
        17895113,
        19283834,
        24526915,
        30277115,
        33820437,
        36131144,
        39212350,
        45265579,
        48653646,
        54983279,
        56832244,
        59912862,
        61916444,
        65461094,
        68697571,
        74402182,
        76407498,
        80572165,
        83505963,
        90573968,
        93975828,
        99387621,
        103260048,
        107442584,
        113957003,
        120969780,
        125370843,
        128016749,
        134564248,
        138976733,
        143510539,
        146325853,
        148985698,
        151963083,
        155258811,
        161067906,
        167676563,
        170826383,
        176234980,
        182652232,
        185502432,
        190019486,
        195581045,
        199235312
    ]
}