{
    "name": "tcp_0",
    "flow_rate_mbps": [
        0.3388552865373226,
        0.21953512796097105,
        0.37205563187570695,
        0.46500461213813676,
        0.40474178463997595,
        0.1096626977127611,
        0.19496462304675818,
        0.3616310037958597,
        0.17251781433952418,
        0.16036715297865928,
        0.46641491990949047,
        0.2518743886223611,
        0.21067620399785164,
        0.2848337965244367,
        0.5575411224454239,
        0.8220822169821651,
        0.22732788538146606,
        0.7212763455331827,
        0.5179371421319993,
        0.2780670449383651,
        0.16540612581070113,
        0.2557452097860359,
        0.22730312358024882,
        0.24433255705167223,
        0.1850217569553195,
        0.24419821361240376,
        0.296772450509688,
        0.28952638017131627,
        0.4387228061704017,
        0.5144097419310021,
        0.3192094837600247,
        0.2649938792174637,
        0.4032653066646035,
        0.25463312509487046,
        0.26162717540295183,
        0.43307109779992825,
        0.7177236499340763,
        0.40866134173878077,
        0.20406433461861584,
        0.3115229168565532,
        0.1928919880780027,
        0.16924426420793334,
        0.30175053815269054
    ],
    "time_stamp_us": [
        3727791,
        7572264,
        13254817,
        16518845,
        18893015,
        22166213,
        32938153,
        39223601,
        42825947,
        50185187,
        57620126,
        60034457,
        65338053,
        71102349,
        75365888,
        77346011,
        78715801,
        84397814,
        85928434,
        88528904,
        93134412,
        100409596,
        105201240,
        111078150,
        116048425,
        123208664,
        128091255,
        132518081,
        136483730,
        139151109,
        141511873,
        145454613,
        149870715,
        152882132,
        157954842,
        162723154,
        165272389,
        167025933,
        170213707,
        176218872,
        180223457,
        186862613,
        193711885,
        197919334
    ]
}