{
    "name": "tcp_28",
    "flow_rate_mbps": [
        0.16712807286117887,
        0.16602534416055906,
        0.0735067478188877,
        0.05215913347614207,
        0.13852313380899461,
        0.11637347011384452,
        0.11961085161067297,
        0.07610502658599169,
        0.11522726832810017,
        0.11567436899795709,
        0.17802792530508305,
        0.09015282767749642,
        0.14499503448582432,
        0.06610365435308359,
        0.12275556487072496
    ],
    "time_stamp_us": [
        5343901,
        13270756,
        21050773,
        38472847,
        63660382,
        72905336,
        84004773,
        93880800,
        109402508,
        119941680,
        130917318,
        137676707,
        152616671,
        161525114,
        179228220,
        189390855
    ]
}