{
    "name": "tcp_0",
    "flow_rate_mbps": [
        0.1236380380711458,
        0.18324895443539513,
        0.26581846531681763,
        0.24083714329672246,
        0.19201392909505224,
        0.40468264203381027,
        0.2845532558988203,
        0.214181821029602,
        0.23201234243131072,
        0.23112127857365483,
        0.24130502888811717,
        0.19718541734939682,
        0.3789411853194316,
        0.1296254657681336,
        0.1157033845015022,
        0.22070490771404777,
        0.1668275798931966,
        0.49752260716524616,
        0.23291147498899942,
        0.2422205256809831,
        0.1684846976114393,
        0.308478905068519,
        0.11925207012340178,
        0.2583947072774935,
        0.18313372199987335,
        0.503647654292827,
        0.19597088447462943,
        0.32290674568717315,
        0.6518188491323446,
        0.49112236695257194,
        0.16222806373870088,
        0.2464391426728514,
        0.24232241612050676,
        0.22172454872886307
    ],
    "time_stamp_us": [
        5549110,
        16264259,
        22951555,
        27769279,
        32995051,
        39377088,
        42377958,
        47033677,
        52652081,
        58076620,
        63617607,
        68970500,
        75409110,
        78759498,
        88979712,
        99570932,
        104823194,
        112764327,
        115249601,
        120890199,
        126040547,
        133182798,
        137262688,
        147261005,
        152003517,
        158634737,
        161177467,
        167317971,
        171147188,
        172908659,
        175471279,
        183977822,
        189129601,
        194141106,
        199319423
    ]
}