{
    "name": "scps_tp_30",
    "flow_rate_mbps": [
        1.1631230425325154,
        1.4489181781574605,
        2.279005585921835,
        1.0201983379428825,
        0.3716655266757866,
        1.3284270941704661,
        0.4061657341934936,
        0.20724068600206894,
        0.6527241180924921,
        0.9158194955781469,
        1.232626115435596,
        1.0761363638735548,
        0.8511401611952035,
        0.4111831521044443,
        0.22809174021550377,
        0.31972393402164295,
        0.622942155209275,
        0.5027423035349693,
        0.9550904186646612,
        0.37349514457897875,
        0.44128718222230634,
        0.4850859626389569,
        1.1270382055939936,
        0.9516483787795521,
        0.5559523446398079,
        0.4483567360116963,
        0.776514108210408,
        0.4357109542937097,
        1.4937948192781867,
        0.3429884456234413,
        0.4895169599639448,
        1.3765126729992148,
        0.740373890472422,
        0.5002658950121928,
        1.0468243941521413,
        0.47537523148447913,
        0.6503491743218547,
        0.517384269308181,
        0.792437424843267,
        0.5888570339517161,
        0.8951786284257836,
        0.5316649469800289,
        0.9041325693873548,
        0.4542450241604638,
        0.48179687080098726,
        0.4509201852600446,
        0.5747138190302188,
        0.30079687898300955,
        0.565877902945679
    ],
    "time_stamp_us": [
        1742538,
        2074919,
        2305872,
        2622561,
        3996882,
        7739602,
        12036172,
        16847213,
        21322010,
        25279823,
        30149953,
        34690892,
        39481809,
        42737489,
        47275029,
        51969982,
        56389795,
        59916543,
        63913183,
        67531186,
        71314689,
        75542684,
        79252377,
        83111838,
        87810212,
        91285330,
        95126557,
        98339686,
        102089695,
        106782709,
        111707423,
        116646496,
        120063130,
        125371583,
        130381079,
        135495977,
        138584737,
        145459813,
        148703205,
        153384256,
        157358871,
        161625997,
        166505762,
        170339890,
        174155628,
        178509330,
        182793902,
        188172579,
        192503475,
        196873605
    ]
}