{
    "name": "scps_tp_11",
    "flow_rate_mbps": [
        0.6170040843360195,
        0.43115506987044416,
        0.45795597885397626,
        0.976829360915686,
        0.9138429870709265,
        0.38949716929864187,
        0.4697173333333333,
        1.205531954764266,
        0.5704721669175611,
        0.4319649428295619,
        1.0399472490525845,
        1.009732917036725,
        0.631326467660424,
        0.7487578947368422,
        0.5982465632942363,
        0.5877221877221878,
        0.6417825030840254,
        0.7507411768714953
    ],
    "time_stamp_us": [
        1875397,
        2554822,
        3410978,
        4257662,
        4613155,
        5065933,
        5938155,
        6313155,
        6878814,
        7496604,
        8637141,
        8913155,
        10005325,
        10554822,
        11504822,
        12432600,
        12988155,
        13459941,
        13988155
    ]
}