{
    "name": "tcp_44",
    "flow_rate_mbps": [
        0.08443159587006406,
        0.12979669625766327,
        0.18941276848313982,
        0.17046173613226887,
        0.08926239022478488,
        0.11285439031103771,
        0.26589912890995243,
        0.09656471615801009,
        0.07869606055699878,
        0.08650239854481062,
        0.2143372467195269,
        0.1759806897881733,
        0.11677529510439635,
        0.07243302351011481,
        0.1234101639320701,
        0.19346955014351078,
        0.10433526513861273
    ],
    "time_stamp_us": [
        17561036,
        32990331,
        42941894,
        49411574,
        56665284,
        71877962,
        83910458,
        88851279,
        101655956,
        116806905,
        130335316,
        135795123,
        143448690,
        154037231,
        170040981,
        180060253,
        186394273,
        198880176
    ]
}