{
    "name": "scps_tp_37",
    "flow_rate_mbps": [
        0.3352593309715123,
        0.30779713593483715,
        0.17967853960468416,
        0.8391890860411233,
        0.6683775285865823,
        0.1637793981675942,
        0.18051564771406287,
        0.3871417022366369,
        0.4127661880249255,
        0.1714890046247092,
        0.17805983525150312,
        0.25839828775528867,
        0.1499064080115326,
        0.39738565482666427,
        1.1730405600749212,
        0.5671757461819036,
        0.2780986392040513
    ],
    "time_stamp_us": [
        12734280,
        24786562,
        34901276,
        45469483,
        51797306,
        58420868,
        69812777,
        84062622,
        92532079,
        99914079,
        112145767,
        121694018,
        132759726,
        155369033,
        164620298,
        171904752,
        179904812,
        189511763
    ]
}