{
    "name": "tcp_40",
    "flow_rate_mbps": [
        4.3002917459311965,
        0.819876430485267,
        0.3903123659618693,
        0.7488906266193084,
        0.4905886611898874,
        0.8580189815049334,
        0.31132918011381666,
        0.9547627677113448,
        0.49619787201669907,
        0.6435790456725431,
        0.470939790452794,
        0.937780283529301,
        0.6042375766972312,
        0.6561587650030883,
        0.6108494948549487,
        0.4423205565688936,
        0.33141823298824,
        0.5353305148091457,
        0.3682461215603423,
        0.2809815163298884,
        0.3636396207002062,
        0.401638701778303,
        0.6261085872857871,
        0.3244404694441793,
        0.44833249799727604,
        0.4524548571638685,
        0.4546590737359897,
        0.5998549413409701,
        0.33031366742529217,
        0.5999910252638821,
        0.4880379212786022,
        0.5655952074019865,
        0.4915971089224731,
        0.4002197315538823,
        0.20617323223450876,
        0.36829609341295294,
        0.4495358054183181,
        0.38072833120978744,
        0.37909930212941306,
        0.5885014018112612,
        0.3991630176101512,
        0.49438753283612846,
        0.4684595310576115,
        0.5443606313324073,
        0.432258514331168,
        0.5489319156713289,
        0.7496362401784848,
        0.9447868025252001,
        1.4511284105860416,
        0.3364327815967375,
        0.41209686176566407,
        0.7138888356676183,
        0.9628025927645909,
        0.3309493445338222,
        0.5601606832512213,
        0.3273450119975534,
        0.2791389666517474,
        0.5326594991369732,
        0.4570624595723286,
        0.44875167577189967,
        0.5799233072437884,
        0.4410793768169232,
        0.3311420802397836,
        0.4854431645639564,
        0.39452920505449784,
        0.39273962081093106,
        0.28533161323671297,
        0.309206243471152,
        0.34995445544199155,
        0.6386973892825277,
        0.22973501397934665
    ],
    "time_stamp_us": [
        1704066,
        2212385,
        3883671,
        6881885,
        8474000,
        11084415,
        12525502,
        16284353,
        17556292,
        20270693,
        21986100,
        24728871,
        25929664,
        28158721,
        29959017,
        32127800,
        35497302,
        39228177,
        41414191,
        44951825,
        49391690,
        52852699,
        55876312,
        57921708,
        61766851,
        64647927,
        67258751,
        70051173,
        72057258,
        76101414,
        78107044,
        80685860,
        83086729,
        85579502,
        88641420,
        94959990,
        98497144,
        101223156,
        104441829,
        107586968,
        109669274,
        112932903,
        115232961,
        117966687,
        120075877,
        122987468,
        125219876,
        126869316,
        128131315,
        128907318,
        133140437,
        136087317,
        137757493,
        139133476,
        142702844,
        144890502,
        148971334,
        153480056,
        155594127,
        158613408,
        161245777,
        163282736,
        166236218,
        169903526,
        172473384,
        175663414,
        178755539,
        183321174,
        187284354,
        190628332,
        192633413,
        198159780
    ]
}