{
    "name": "tcp_15",
    "flow_rate_mbps": [
        0.14704506094105052,
        0.09217730097033598,
        0.07951946627132706,
        0.17463481134436018,
        0.11275549328841704,
        0.10478403528768236,
        0.11492281181514126,
        0.11624204756408561,
        0.13810210328994313,
        0.14130962090613017,
        0.0627641944709752,
        0.1296164254112796,
        0.13259784331966304,
        0.09235026305746417,
        0.19247363821339622,
        0.11585278625733149,
        0.10830169337012995,
        0.15909792826331265
    ],
    "time_stamp_us": [
        4107361,
        12666370,
        25122365,
        40949433,
        47903373,
        58575669,
        70586659,
        81826203,
        92558292,
        101831431,
        110503452,
        128620788,
        139097238,
        148255758,
        160927514,
        167638459,
        177739554,
        189156550,
        197205932
    ]
}