{
    "time_stamp (ns)": [
        0.0,
        5000000000.0,
        10000000000.0,
        15000000000.0,
        20000000000.0,
        25000000000.0,
        30000000000.0,
        35000000000.0,
        40000000000.0,
        45000000000.0,
        50000000000.0,
        55000000000.0,
        60000000000.0,
        65000000000.0,
        70000000000.0,
        75000000000.0,
        80000000000.0,
        85000000000.0,
        90000000000.0,
        95000000000.0,
        100000000000.0,
        105000000000.0,
        110000000000.0,
        115000000000.0,
        120000000000.0,
        125000000000.0,
        130000000000.0,
        135000000000.0,
        140000000000.0,
        145000000000.0,
        150000000000.0,
        155000000000.0,
        160000000000.0,
        165000000000.0,
        170000000000.0,
        175000000000.0,
        180000000000.0,
        185000000000.0,
        190000000000.0,
        195000000000.0
    ],
    "max_utilization_details": [
        {
            "constellation_name": "Test1",
            "maximum_link_utilization (MLU)": [
                0.0019916368,
                0.0030191904,
                0.0020454048,
                0.0027393408,
                0.002184192,
                0.0025436736,
                0.0021295872,
                0.002582352,
                0.0027143136,
                0.002980512,
                0.0026187552,
                0.0026187552,
                0.0025459488,
                0.0026255808,
                0.0025345728,
                0.0020545056,
                0.002479968,
                0.0025345728,
                0.0025049952,
                0.0021910176,
                0.0019885248,
                0.002570976,
                0.0021796416,
                0.0023138784,
                0.0026915616,
                0.0027825696,
                0.0028622016,
                0.00216144,
                0.002457216,
                0.0021682656,
                0.0023525568,
                0.002570976,
                0.0024071616,
                0.0021910176,
                0.0018588384,
                0.0020226528,
                0.0021978432,
                0.0024367392,
                0.002286576,
                0.0022137696
            ]
        }
    ]
}