{
    "name": "tcp_4",
    "flow_rate_mbps": [
        0.8971171837254148,
        1.1396262208298475,
        1.223587704143169,
        0.1721780300455928,
        0.45630390586223774,
        0.6162446088234586,
        0.6095141309738145,
        0.6537643036282362,
        1.410121059354124,
        0.7517300614376383,
        0.291054016265425,
        0.18906104025773265,
        0.6383808362936331,
        0.3518549333882494,
        0.48640349445160613,
        0.7110457383936515,
        0.710973323247804,
        0.6478382024712489,
        0.17385182731138418,
        0.9145880304548445,
        0.7079576487144928,
        1.1478541788509204,
        0.9011174328414335,
        0.12226667995652318,
        0.22241831566477693,
        0.8687624550525161,
        0.4109798251821232,
        0.3475414907777918,
        0.20209278154745866,
        0.21943951221738986,
        0.24379128705077446,
        0.7831237995299937,
        0.7204942829189859,
        0.3522819754676659,
        0.5472656590173745,
        0.21083482661711944,
        0.4731808728538741,
        0.3653988098317575,
        0.172981949134659,
        0.44807428941841954,
        0.5937279419179187,
        0.29662318315200165,
        0.35541908362689323,
        0.19986532168828397,
        0.6664668633714081,
        0.5384498627849258,
        1.3072379839292352,
        0.9892503166585161,
        0.5195678335876939,
        0.4056559973406812,
        0.27198616418208293,
        0.5198013502347386,
        0.1836811044252455,
        0.45658095194127696,
        0.9389977862934094,
        0.24959004841959476,
        0.3003820786222172,
        0.24208412167079027,
        0.2823319178867472
    ],
    "time_stamp_us": [
        4494994,
        6169433,
        7196296,
        8269991,
        15259036,
        18089781,
        20579961,
        22626706,
        24501143,
        25385833,
        27060051,
        31460059,
        38000169,
        39954363,
        43217526,
        45759613,
        47576205,
        49346398,
        51272064,
        57939811,
        59340048,
        61070999,
        62148209,
        63520372,
        74265409,
        79725391,
        81097826,
        84240754,
        87925609,
        93333818,
        99270397,
        103889430,
        105524727,
        107256205,
        110672105,
        112911310,
        118828359,
        121371488,
        124483485,
        131440049,
        134027120,
        136258445,
        141096907,
        144700090,
        150610470,
        152482311,
        154860694,
        155772785,
        157089661,
        160064441,
        162976465,
        167441398,
        169798914,
        176230060,
        179349244,
        180654295,
        186050664,
        190277281,
        195430531,
        199849160
    ]
}