{
    "name": "scps_tp_12",
    "flow_rate_mbps": [
        0.6340495480488672,
        0.5286846167816928,
        0.9109131715707103,
        0.3233188715635865,
        0.8506614097636029,
        0.6287586942865576,
        0.3463185487010459,
        0.5861219680663133,
        0.2199020665615404,
        0.9393487570608579,
        0.9254772742373721,
        0.47120652028682136,
        0.2152746990829263,
        0.6836409473820574,
        0.4374062707429825,
        0.4378005169422512,
        0.3263090299400033,
        0.7478195829575632,
        0.5114340210297944,
        0.6730860829240226,
        0.38277381690278056,
        0.6421189889853623,
        0.695914726926729,
        0.4287897172276947,
        0.2828117139944242,
        0.5362005270188416,
        0.40495281378881076,
        0.17877866963191674,
        0.45802857886410037,
        0.5217314118801563,
        0.41032029691953975,
        0.410305623180068,
        0.3989386796398471,
        0.601963308719808,
        0.5811758646286225,
        0.7517836114933469,
        0.4580801900503476,
        0.419505396551029,
        0.8066932919990958,
        0.508500806968672,
        0.8414165661724206
    ],
    "time_stamp_us": [
        4028329,
        8398713,
        14036857,
        18739303,
        24236786,
        28701265,
        33986345,
        38417410,
        42128037,
        47550087,
        51275732,
        55474733,
        61402325,
        67607606,
        73049761,
        78476295,
        83418820,
        88358432,
        92920174,
        96913651,
        101637445,
        106338707,
        110688555,
        114464190,
        118532198,
        123372733,
        126605255,
        131049032,
        135495200,
        140002517,
        144869389,
        149120507,
        155739573,
        160222668,
        164899365,
        170180245,
        175349392,
        179808000,
        184545007,
        189813924,
        194698872,
        198398918
    ]
}