{
    "name": "tcp_4",
    "flow_rate_mbps": [
        0.27210570729379685,
        0.7094363581739682,
        0.5080409464083773,
        0.1618253030786916,
        0.44788369722654364,
        0.15742149367699418,
        0.18020118735047358,
        0.18318730938920208,
        0.2607222576698708,
        0.2544287980926761,
        0.14435874250134179,
        0.2689646167907037,
        0.2206912254095778,
        0.5673850440455661,
        0.1692349425791767,
        0.1499266849838961,
        0.14787652868933943,
        0.27115979761261483,
        0.14751129352973974,
        0.3159149881166863,
        0.7155681442543896,
        0.36063704775798144,
        0.5301082944661945,
        0.22068509413403736,
        0.33618109293807863,
        0.13276882910422846,
        0.12631077216396566,
        0.15536431819819504,
        0.25383852877357954,
        0.10112986600574612,
        0.4234840934373021,
        0.4279722412872722,
        0.24024019183430778,
        0.44469750656436774
    ],
    "time_stamp_us": [
        2047627,
        7687200,
        9507913,
        12571918,
        20280972,
        23263532,
        31188244,
        37621054,
        44190068,
        48932586,
        54313109,
        62801961,
        67029729,
        72932637,
        75287017,
        81940962,
        89967285,
        98552826,
        103112794,
        111345384,
        115783540,
        117634936,
        121032923,
        123532035,
        129435107,
        133211643,
        141942608,
        151207376,
        158881725,
        163926822,
        176699310,
        179671228,
        182818348,
        187781381,
        190710833
    ]
}