{
    "name": "tcp_8",
    "flow_rate_mbps": [
        0.16209111368071885,
        0.23310776570539699,
        0.5783775635528822,
        0.34818614295485145,
        0.5165170171157988,
        0.33752676763554823,
        0.1046655856010653,
        0.1212192646667669,
        0.1311913727412491,
        0.3253504095399615,
        0.2035321577752395,
        0.10471677795819656,
        0.25707531930926325,
        0.2610481070990845,
        0.15241217443911256,
        0.20102071075179873,
        0.5502199640622096,
        0.12963993633215048,
        0.29172574648046123,
        0.28965458023460494,
        0.41267850290943336,
        0.09970571863605995,
        0.18451800467367105,
        0.3432225718583399,
        0.16177567742930873,
        0.16164097620514536,
        0.18285537390502898,
        0.20057555848742456,
        0.22472946688939913,
        0.3757605074959631
    ],
    "time_stamp_us": [
        4670614,
        11958367,
        17404775,
        19428090,
        23169537,
        25713035,
        29572640,
        41491744,
        50417058,
        59842068,
        64049716,
        70396035,
        80411622,
        85178474,
        89745908,
        97061859,
        103212867,
        105440049,
        114466897,
        119575805,
        123768385,
        126898376,
        140517655,
        147039295,
        150899181,
        157996416,
        165714261,
        172536702,
        179031611,
        184386316,
        187706303
    ]
}