{
    "name": "tcp_12",
    "flow_rate_mbps": [
        0.062425052205835246,
        0.03347920263905519,
        0.04700923940200331,
        0.05568696259973375,
        0.027318815281204313,
        0.054747252551858416
    ],
    "time_stamp_us": [
        15215108,
        34138280,
        65135434,
        88620179,
        110824299,
        148811305,
        171194894
    ]
}