{
    "name": "tcp_38",
    "flow_rate_mbps": [
        0.1577259624925925,
        0.15899224166899514,
        0.19566135704457957,
        0.3168855300875831,
        0.25781789316252307,
        0.15638370410719704,
        0.18956375204091166,
        0.19905603977114034,
        0.11440014403641324,
        0.16983294461712806,
        0.17956629210335723,
        0.1407877055876644,
        0.10067311065941364,
        0.2830628257665669,
        0.2627228694694214,
        0.1757485246425533,
        0.2457943543445402,
        0.23631847135056455,
        0.23294943462403223,
        0.12319525906553762,
        0.22468251383914034,
        0.16041096539535027,
        0.15534299081088318,
        0.19111883987721492,
        0.16252348671647723,
        0.12770797040946402,
        0.19744076369826752,
        0.13899864578858856,
        0.20180182924797477
    ],
    "time_stamp_us": [
        1730598,
        8936108,
        17060278,
        23210496,
        27182151,
        32149378,
        39914893,
        46495898,
        52485769,
        63294147,
        70314693,
        76954692,
        85815693,
        97110864,
        101167066,
        106041556,
        112762978,
        117658778,
        122564023,
        127682387,
        137091840,
        142251120,
        149890498,
        157352695,
        163360266,
        170221059,
        178952229,
        184599695,
        193415896,
        198667781
    ]
}