{
    "name": "scps_tp_21",
    "flow_rate_mbps": [
        0.3549245079469244,
        0.34247493466320705,
        0.6350401380522039,
        0.7219909353220139,
        0.4363468000952344,
        0.4419284401084041,
        0.5527096640659301,
        0.35320169013955766,
        0.26693224325254605,
        0.6472153241947501,
        0.45521754093082983,
        0.21144536811132533,
        0.7727585442791991,
        0.32177160271049543,
        0.6813722575658481,
        0.33943918131074247,
        0.30711579335436673,
        0.5879843552526919,
        0.305024597489667,
        0.40068710565609017,
        0.8732697009229251,
        0.38531994445472306,
        0.6343622253336805,
        0.28976218679316323,
        0.3615209690869653,
        0.5959720110431602,
        0.4326798987877799,
        0.25170193847564754
    ],
    "time_stamp_us": [
        5177949,
        11212359,
        18239793,
        23350903,
        28779226,
        34092431,
        42061504,
        49352131,
        56791280,
        64856248,
        70792325,
        76467326,
        87170800,
        92342506,
        99787787,
        105977179,
        115766974,
        122884550,
        128648785,
        137805817,
        146264487,
        151321344,
        157223556,
        163192890,
        170470030,
        175844656,
        181198196,
        187602561,
        195015138
    ]
}