{
    "name": "tcp_0",
    "flow_rate_mbps": [
        0.13705939694151842,
        0.11718122053157146,
        0.11871724005188729,
        0.20284033558027956,
        0.1892657850851276,
        0.11357847291386304,
        0.23308530192905005,
        0.10805165101658487,
        0.16535715817347732,
        0.11981661846146012,
        0.17894065516795674,
        0.11685334951247014,
        0.12550598389188297,
        0.1676421609236516,
        0.11916322027750686,
        0.10042879989335475,
        0.12003543937031938,
        0.0987554756550951,
        0.17958451560709815,
        0.2600754612891468,
        0.21608639932825316
    ],
    "time_stamp_us": [
        5945629,
        14322727,
        26005145,
        37071440,
        43167269,
        49525312,
        60217479,
        65522318,
        76659214,
        84470669,
        94053313,
        101333492,
        111631528,
        122187200,
        129299492,
        139583202,
        151345565,
        161554550,
        174410546,
        181787574,
        186456988,
        192587869
    ]
}