{
    "name": "tcp_29",
    "flow_rate_mbps": [
        0.02632651362198593,
        0.053743369277943716,
        0.05193973733299576,
        0.08184739668150993,
        0.05324842116063493,
        0.050285959165147935,
        0.06942893301395522,
        0.06023774863200193
    ],
    "time_stamp_us": [
        9119276,
        51892885,
        72434954,
        93052694,
        107350522,
        130156832,
        151233093,
        169360406,
        189520522
    ]
}