{
    "name": "tcp_38",
    "flow_rate_mbps": [
        0.050424126163081964,
        0.07607735533462386,
        0.047695107096498095,
        0.10784856723396792,
        0.05342387050518345,
        0.049119073868902324,
        0.0635071621930072,
        0.05120720442528266,
        0.07153086009662286,
        0.1044251663365902
    ],
    "time_stamp_us": [
        5422848,
        29944443,
        45907143,
        69517112,
        79958419,
        101863234,
        127261107,
        145688005,
        167463066,
        183051303,
        194257797
    ]
}