{
    "name": "tcp_3",
    "flow_rate_mbps": [
        0.7621332876281887,
        0.8011212380059877,
        0.23895289762854802,
        0.7112180037794192,
        0.16002277003842447,
        0.26757913459007576,
        0.9411020226044499,
        0.401499637449226,
        0.10899248994012879,
        0.15357004802126825,
        0.28500208616391903,
        0.26782733888803234,
        0.3434492097330973,
        0.16122887782781642,
        0.33230555035644044,
        0.25683408303734223,
        0.3710525254426415,
        0.5719758708181406,
        0.43588859275017333,
        0.21474606968873058,
        0.3714127316064104,
        0.6281292671825215,
        0.35458906818942515,
        0.1854448967225852,
        0.25054781147743604,
        0.20719380117554032,
        0.49408646435963866,
        0.4981480318915186,
        0.261348701664449,
        0.34781801238322324,
        0.18615902156142722,
        0.5924184401573522,
        0.3495841860676113,
        0.22059824935545788,
        0.054837146625523615,
        0.2085667806105516,
        0.5156532753891413,
        0.5413698812304163,
        0.12357950239715626,
        0.3323791374481472
    ],
    "time_stamp_us": [
        3489528,
        5169864,
        6616836,
        11606606,
        13376190,
        20965110,
        25379804,
        26681937,
        29789088,
        41437597,
        49273500,
        53573258,
        57860199,
        61396093,
        68585872,
        72240340,
        77312564,
        80882948,
        83025416,
        85988742,
        91540974,
        95078171,
        97081835,
        100631183,
        107179759,
        112908007,
        118982320,
        121574255,
        124122895,
        129023015,
        132641459,
        139164914,
        141158910,
        145611743,
        151316956,
        173261205,
        179507262,
        182012201,
        184418541,
        194513419,
        198200293
    ]
}