{
    "name": "tcp_35",
    "flow_rate_mbps": [
        0.08629033164974988,
        0.13998087519745567,
        0.4842526535583782,
        0.4517593635064359,
        0.2899160987925186,
        0.30822122690235276,
        0.3049840599611632,
        0.33237587197373825,
        0.46426903522964447,
        0.3742893866132859,
        0.3810964627908651,
        0.27766471566403744,
        0.2741309817629759,
        0.4395750774251557,
        0.28728578895277074,
        0.2201469766348937,
        0.3475340693768525,
        0.25409549377522755,
        0.33121029437401434,
        0.22148448506082247,
        0.1991221206994583,
        0.24471827473616314,
        0.22897380107039508,
        0.4525854985618154,
        0.2985478998936501,
        0.13557283715888183,
        0.3197176432773041,
        0.242370239796204,
        0.3435327046057085,
        0.3918421983320848,
        0.31790088584807613,
        0.24908507707788083,
        0.3047357417221763,
        0.6114203288196779,
        0.7160550260366799,
        0.405397771140831,
        0.2909271244117522,
        0.22985471682843941,
        0.1598450123629543,
        0.2754361797858231,
        0.501754592734588,
        0.5458750025356514
    ],
    "time_stamp_us": [
        5554000,
        18092137,
        27556287,
        30314847,
        32978566,
        37357764,
        41369428,
        46328638,
        49915902,
        52626744,
        55959780,
        59291220,
        64062442,
        68935441,
        71698109,
        76194259,
        81760722,
        85223289,
        90089491,
        93789376,
        99421915,
        106296892,
        111259333,
        117527299,
        120356908,
        124313660,
        133759800,
        137592682,
        142557648,
        146253366,
        149408922,
        153506803,
        158249279,
        162198143,
        164184338,
        165803208,
        168989412,
        172973915,
        178497404,
        187061700,
        191751280,
        194347609,
        196713865
    ]
}