{
    "name": "tcp_26",
    "flow_rate_mbps": [
        0.06595512661711535,
        0.0630500562620585,
        0.07144344342091194,
        0.14371439167904487,
        0.08292428585229313,
        0.07196048336038918,
        0.07642014495193376,
        0.09523312034635105,
        0.10228104532946171,
        0.06224331523332473,
        0.11371095094100571,
        0.07438293563238405,
        0.06934297191506857
    ],
    "time_stamp_us": [
        3855567,
        21431153,
        39816545,
        57587245,
        65576424,
        79022907,
        94211243,
        108224302,
        120744316,
        132293670,
        149853146,
        160824121,
        175814656,
        191576311
    ]
}