{
    "name": "scps_tp_2",
    "flow_rate_mbps": [
        0.40577813330580853,
        0.6495502890528635,
        0.7079203524710543,
        0.5287799936788254,
        0.5985732638266029,
        0.8572223209543346,
        0.6810606024458558,
        0.7274914120659336,
        0.597065710150692,
        0.39678542679822193,
        0.7341655561852538,
        0.9493223461227771,
        0.3277598502509216
    ],
    "time_stamp_us": [
        1626379,
        3564029,
        4247468,
        5125838,
        6654035,
        8861591,
        11849474,
        12897369,
        13336357,
        14714135,
        16303024,
        18261634,
        18963541,
        20356805
    ]
}