{
    "name": "tcp_4",
    "flow_rate_mbps": [
        0.9209318368754807,
        0.38122556947623454,
        0.7578485945404598,
        0.2828086174654814,
        0.4491135915955351,
        0.343650238979833,
        0.3363291150992972,
        0.5857465682228066,
        0.36382337441826085,
        0.8007806859478545,
        0.23260680607743134,
        0.80993354336382,
        0.569947807780588,
        0.33149368696895104,
        0.21453504048037195,
        0.2970486608656911,
        0.49805819077030716,
        0.5101332335883919,
        0.7132428820208548,
        0.12145475562822777,
        0.2520599098916264,
        0.46334494368759593,
        0.6160776230455985,
        0.4533958621556587,
        0.8543725385079718,
        0.8915241043399817,
        0.19843633087483012,
        0.14893937283622755,
        0.237635005351783,
        0.6846344699208289,
        0.21452067343058198,
        0.180976033358397,
        0.18798317374384202,
        0.5403657825012268,
        0.11483382783459395,
        0.15748655515595703,
        0.5623489168117577,
        0.49869043749147995,
        0.2075766441085879,
        0.87612948137835,
        0.39738921432629015,
        0.8384652285026768,
        0.362463046983958,
        0.34892023259150223,
        0.20885202942286857,
        0.34604179107014976,
        0.6303414788878452,
        0.3385731789828636
    ],
    "time_stamp_us": [
        4494994,
        6002554,
        9361825,
        10993391,
        15521683,
        18324003,
        22018457,
        25465081,
        27726810,
        31034349,
        32523296,
        38123820,
        39800402,
        41989234,
        46018994,
        51782528,
        56576894,
        59458485,
        61968888,
        63702491,
        73519480,
        79038168,
        81706763,
        83695863,
        86496065,
        87917459,
        89292004,
        95578756,
        103584161,
        108508688,
        110395359,
        116519524,
        123473815,
        129875239,
        132204328,
        146336749,
        153907681,
        156184986,
        158664440,
        164461624,
        165898124,
        169204102,
        170744631,
        174369166,
        178007820,
        184086765,
        187851397,
        189900572,
        194106930
    ]
}