{
    "name": "tcp_17",
    "flow_rate_mbps": [
        0.18866918735658061,
        0.08501302724536615,
        0.1410382136504362,
        0.2482080959510778,
        0.21481866714781517,
        0.14749529841310113,
        0.17652237072244303,
        0.17357467130475795,
        0.18020577007804064,
        0.14493082250389955,
        0.19857145327822073,
        0.2190276858904517,
        0.27302587406959233,
        0.18003579516036022,
        0.34831259793662644,
        0.16347385049655494,
        0.21489687785250577,
        0.13499266826862483,
        0.10466985366260986,
        0.21345048035777348,
        0.14471739980584916,
        0.17252408647908743,
        0.21122792494393244,
        0.22532703191714287,
        0.3075716241359381,
        0.20842220790534063,
        0.2639323920777123
    ],
    "time_stamp_us": [
        4540804,
        10918952,
        26502446,
        35425985,
        40496569,
        46715023,
        55322755,
        62077253,
        69709703,
        76877509,
        86094596,
        91876696,
        97975651,
        102585324,
        109208007,
        112440965,
        120139811,
        125945014,
        135268187,
        146764907,
        152816334,
        161055288,
        167966323,
        174238221,
        179970689,
        183631885,
        189935244,
        194661909
    ]
}