{
    "name": "tcp_32",
    "flow_rate_mbps": [
        0.5472303526428649,
        0.07697590203635532,
        0.14640070179555284,
        0.10730640644536082,
        0.15017982018716597,
        0.04699440953823055,
        0.10237080206688876,
        0.08102257695631143,
        0.060715358372806845,
        0.09582892613696069,
        0.057536659642515274,
        0.10276255587545151,
        0.11302042800106149,
        0.09075651557611157,
        0.10807998290943592,
        0.11179227159735648
    ],
    "time_stamp_us": [
        1944762,
        2455874,
        13457343,
        22355661,
        33364137,
        41523955,
        65016111,
        76663182,
        90834047,
        108653591,
        120634942,
        140206464,
        151164541,
        161225731,
        174241656,
        184558460,
        194927692
    ]
}