{
    "name": "scps_tp_5",
    "flow_rate_mbps": [
        0.5795041883537678,
        0.43996772098872455
    ],
    "time_stamp_us": [
        1512987,
        1995993,
        2579654
    ]
}