{
    "name": "scps_tp_1",
    "flow_rate_mbps": [
        1.6666666666666667,
        3.757933114281856,
        0.7290190355689045,
        1.976212777015786,
        1.5987541290577638,
        1.4664906801635842,
        1.2040018360609694,
        1.4778941542876896,
        0.7845858642442383,
        1.3688855128964152,
        1.2271688969003982,
        0.8760516995937087,
        0.7501357438310967,
        1.571532491773907,
        1.4900482535027104,
        1.4880545004665293,
        1.609992252880673,
        0.9691237883790109,
        0.7497874796253403,
        1.0347912263315295,
        1.0219357738751713,
        0.9483599128952036,
        0.8712715260888999,
        0.5066791347673562,
        0.6411890786321673,
        1.4370908799616726,
        1.2495828343705218,
        1.208995712403922,
        1.109223731976283,
        1.413771230766621,
        0.5073099001781524,
        1.1947106915073378,
        1.2965455735578337,
        1.181685977758183,
        1.0344263417385018,
        1.0442797868022689,
        1.0490034163796969,
        0.8863326240659593,
        0.675048362931701,
        1.0822044733395795,
        0.9903517799929449,
        0.9088430453644031,
        1.2054645262593293,
        0.5865229557574528,
        2.2127118665037333,
        0.8186027022345292,
        1.712036477717804,
        0.9890488467747999,
        1.3658573320582341,
        0.8273182380644449,
        0.6320940800224112,
        1.6501479752260393,
        0.6054611511891467,
        1.586532539519606,
        1.462021175757637,
        1.1930322747487265,
        0.5211634493976863,
        0.7528315306197885,
        1.4461806229599168,
        1.120295507814254,
        0.5302324569829526,
        0.9314009405390135,
        0.8695396698094632,
        0.6326934437028537
    ],
    "time_stamp_us": [
        2631339,
        2737323,
        3092795,
        5566585,
        8114003,
        10696614,
        13775638,
        16453109,
        18903298,
        22491433,
        25177063,
        28415737,
        31553634,
        34879752,
        37682723,
        40816796,
        43495085,
        46107669,
        49229004,
        52306356,
        55955092,
        58731470,
        61990992,
        65158776,
        70039498,
        73465882,
        76062461,
        79322557,
        82198994,
        85921381,
        88927808,
        92605560,
        95387020,
        98741904,
        102039836,
        105487080,
        108468350,
        111036273,
        114573726,
        117599287,
        120690311,
        123989987,
        126832458,
        130275977,
        133362915,
        136191878,
        139361181,
        141824493,
        145508032,
        148110705,
        151313342,
        155225671,
        158537374,
        161637160,
        164608470,
        168776727,
        171978518,
        175494958,
        178633190,
        181801259,
        185141949,
        188452497,
        191617278,
        194816764,
        197992520
    ]
}