{
    "name": "scps_tp_0",
    "flow_rate_mbps": [
        0.6741293532338309,
        1.4299077555320316,
        4.255319148936171,
        4.022748169589647,
        0.825656919552621,
        3.5865080935317692,
        1.4583333333333335,
        1.6028446883207137,
        1.3146981177633505,
        1.0139874153340547,
        2.1707092246280197,
        0.7783969149146258,
        1.4730073302760378,
        0.9703781548653555,
        0.6049511026316451,
        0.6950171550882936,
        0.9762481651132766,
        1.8878491847709553,
        1.1402861570373664,
        1.4223084153400374,
        1.2653832618832002,
        1.316413666601478,
        1.6985734271553314,
        1.5955031732223313,
        1.6478554955584803,
        1.151588020122111,
        1.4628439112542864,
        1.7656999980452195,
        1.415252289411124,
        1.6465753479579586,
        1.0971248132740008,
        1.6830854237458344,
        0.8471225641723293,
        1.7049261232630055,
        1.5890761059902918,
        1.609195659394673,
        1.6749780504851277,
        1.3188484844720907,
        1.3224854631186551,
        3.2419652700974253,
        0.9802605335847985,
        1.3753000068572996,
        0.8999257814325894,
        2.066289333814145,
        2.6313388787922913,
        2.944735971529969,
        1.069983534006256,
        1.0412885903755693,
        1.0280056535447128,
        1.1049493752147168,
        1.0107309381250424,
        1.2537079700652,
        1.0121806535295073,
        1.1863363541815783,
        1.2006805438339359,
        0.7954276692421791,
        0.8213705132449716,
        1.291672764203042,
        1.0374305742231664,
        1.391776611273827,
        1.0809436613427972,
        1.4732697402539152,
        1.8693214548482584,
        0.8634950431160908,
        1.1131562322686959,
        1.2764282325693643,
        2.067068359089132,
        1.156846720709856,
        1.1066326876114052,
        1.5784824341274952,
        0.7708815328253088,
        0.877516628425117,
        0.9627025432264197,
        0.6674091439860237,
        0.9276812365956492,
        0.8620064984290987,
        1.4296490007477018
    ],
    "time_stamp_us": [
        1654126,
        1876030,
        3639713,
        3743489,
        4037139,
        5521339,
        5930740,
        6036724,
        8585193,
        11322734,
        14316854,
        16844544,
        20049901,
        22897952,
        25753581,
        29056724,
        32170086,
        35053779,
        36919267,
        39959346,
        42582912,
        45313721,
        48576039,
        50883387,
        53374388,
        55960440,
        59219939,
        61348177,
        63599069,
        66048498,
        68542693,
        71400490,
        74148871,
        76846568,
        79261875,
        81651792,
        84334275,
        86746629,
        89483926,
        92430741,
        94164060,
        97159835,
        99784775,
        103293331,
        105334323,
        107717414,
        109449481,
        112390087,
        115210285,
        118335404,
        121592603,
        124377914,
        127565642,
        130674178,
        133307765,
        135836331,
        139667025,
        142892853,
        145619364,
        148673525,
        151330848,
        154241638,
        156939311,
        159744607,
        162608503,
        166307822,
        169577195,
        172439916,
        174577589,
        177191356,
        179779158,
        182356986,
        185665778,
        188418030,
        191197015,
        194267380,
        196687965,
        199112728
    ]
}