{
    "name": "scps_tp_23",
    "flow_rate_mbps": [
        0.2296209352251096,
        0.20642835858939423,
        0.4642934346026969,
        0.22283665395595945,
        0.5220445340427807,
        0.5081834853065513,
        0.2405990232907392,
        0.8595706869805357,
        0.9346150604710279,
        0.3342547848656861,
        0.4692689732882513,
        0.47897176392381396,
        0.42146765790433544,
        0.4881097070298409,
        0.3446054412489901,
        0.24729720648604342,
        0.38017958664350954,
        0.23754120459178746,
        0.37699567421221397,
        0.45953089554413196,
        0.42649208494943097,
        0.31333196424523563,
        0.6379495663563477,
        0.5021658759500499,
        0.554699891357015,
        0.4503701585941239,
        0.21483359268089236
    ],
    "time_stamp_us": [
        6918736,
        15140286,
        28510542,
        34621505,
        43687877,
        49101668,
        54771746,
        62434620,
        67854628,
        73122936,
        79662618,
        86226359,
        93164221,
        99686572,
        105092242,
        112716962,
        120886565,
        127507436,
        135083048,
        142609076,
        147558123,
        154469576,
        162538207,
        167262593,
        173880008,
        179631875,
        185564062,
        197332054
    ]
}