{
    "name": "tcp_0",
    "flow_rate_mbps": [
        0.1250577426607714,
        0.17049576341274383,
        0.2017887147202076,
        0.46057348938577913,
        0.12419651105853802,
        0.2503717522007085,
        0.4601867494546982,
        0.22358741503825835,
        0.17859435309042765,
        0.1448419065876942,
        0.2155460072871022,
        0.3033934038589077,
        0.17031499443295098,
        0.2574386208916326,
        0.15352502831049933,
        0.11273133774618042,
        0.20289252896524168,
        0.24725923323254834,
        0.3253074932182765,
        0.18498039609932643,
        0.3517827148781145,
        0.19693274458260449,
        0.3667262375349619,
        0.17364193162698494,
        0.11778731543934237,
        0.17879092896903565,
        0.1485754041170244,
        0.19670594050763393,
        0.13579152791780116
    ],
    "time_stamp_us": [
        5058516,
        14680951,
        22062718,
        28080894,
        30765547,
        40899165,
        45705458,
        48560299,
        54386745,
        61124696,
        69890115,
        75524179,
        79636068,
        87155312,
        92215625,
        100197646,
        110480501,
        116738001,
        121604796,
        125507565,
        132609723,
        136218769,
        142665640,
        145977102,
        153288700,
        163786265,
        170640304,
        179928517,
        186046075,
        195395701
    ]
}