{
    "name": "tcp_19",
    "flow_rate_mbps": [
        0.14582156892609133,
        0.16633076612522593,
        0.19565134835206102,
        0.2672984392936521,
        0.14186320746599188,
        0.24958652893275216,
        0.24940387390122568,
        0.1658694286970085,
        0.16275712557073815,
        0.16330600812423926,
        0.24846781100675394,
        0.5067316535809486,
        0.2498725119806691,
        0.2690200691218355,
        0.12070011265895424,
        0.2245513549355534,
        0.17330121725965708,
        0.15127365547170496,
        0.1740773819915056,
        0.1338217735714119,
        0.16245793187489213,
        0.14679679812780894,
        0.2630930211740458,
        0.15378945888753387,
        0.13246636053267066,
        0.18026574055835176,
        0.2199923625215223,
        0.1938579262269956
    ],
    "time_stamp_us": [
        4280119,
        12835232,
        20335468,
        26260293,
        30968738,
        39684740,
        44771553,
        49507967,
        57095622,
        64828371,
        72670336,
        77469026,
        79778414,
        84771040,
        89613504,
        99766270,
        105174387,
        112054431,
        120228227,
        127331275,
        136571027,
        144114149,
        152687633,
        157681152,
        165577662,
        175245324,
        181982045,
        187803338,
        194409413
    ]
}