{
    "max_utilization_details": [
        {
            "constellation_name": "Constellation 1",
            "maximum_link_utilization (MLU)": [
                0.029937856,
                0.036418752,
                0.038751072,
                0.038873344,
                0.037045472,
                0.038493888,
                0.0397208486,
                0.037058592,
                0.038834688,
                0.0382672548,
                0.037915008,
                0.039460512,
                0.03644464,
                0.038760832,
                0.038932224,
                0.037049568,
                0.038437632,
                0.039684384,
                0.036993728,
                0.038988928,
                0.0380822496,
                0.037950624,
                0.039460903,
                0.036534016,
                0.03870176,
                0.038958624,
                0.037200384,
                0.03829968,
                0.039680096,
                0.037076064,
                0.039044864,
                0.037927008,
                0.037937792,
                0.039567648,
                0.036451392,
                0.038834336,
                0.038950176,
                0.03718368,
                0.038309888,
                0.0396348926
            ]
        }
    ],
    "time_stamp (ns)": [
        0.0,
        5000000000.0,
        10000000000.0,
        15000000000.0,
        20000000000.0,
        25000000000.0,
        30000000000.0,
        35000000000.0,
        40000000000.0,
        45000000000.0,
        50000000000.0,
        55000000000.0,
        60000000000.0,
        65000000000.0,
        70000000000.0,
        75000000000.0,
        80000000000.0,
        85000000000.0,
        90000000000.0,
        95000000000.0,
        100000000000.0,
        105000000000.0,
        110000000000.0,
        115000000000.0,
        120000000000.0,
        125000000000.0,
        130000000000.0,
        135000000000.0,
        140000000000.0,
        145000000000.0,
        150000000000.0,
        155000000000.0,
        160000000000.0,
        165000000000.0,
        170000000000.0,
        175000000000.0,
        180000000000.0,
        185000000000.0,
        190000000000.0,
        195000000000.0
    ]
}