{
    "throughput_send_bps": [
        3780702.01,
        4699478.79,
        4909169.736,
        4939946.65,
        4753256.414,
        4921441.6,
        5035716.360000001,
        4774602.04,
        4955195.694,
        4921947.832,
        4868291.674,
        5032672.024,
        4741207.144,
        4977873.381999999,
        4997089.050000001,
        4812489.600000001,
        4962565.306,
        5087269.894,
        4871096.0,
        5155806.399999999,
        5193670.399999999,
        5281195.199999999,
        5497198.8379999995,
        5201297.056,
        5427251.494,
        5447161.819999999,
        5261525.836,
        5389162.506,
        5521500.05,
        5252163.02,
        5456232.18,
        5352067.199999999,
        5343372.8,
        5501935.252,
        5200696.748,
        5428576.0,
        5443572.765999999,
        5270758.434,
        5380361.600000001,
        5519478.4
    ],
    "throughput_sink_bps": [
        3742715.2,
        4690838.399999999,
        4917056.0,
        4941681.6,
        4751496.000000001,
        4911340.800000001,
        5042099.199999999,
        4782060.2360000005,
        4956741.364,
        4909545.600000001,
        4869287.549999999,
        5038035.634,
        4742694.416000001,
        4975856.0,
        4999466.414,
        4813680.785999999,
        4959963.882,
        5086444.15,
        4865007.894,
        5164660.507999999,
        5179513.966,
        5286083.502,
        5498316.498,
        5203766.4,
        5426438.4,
        5443638.4,
        5269800.14,
        5382209.214,
        5523398.4459999995,
        5253726.6,
        5455652.8,
        5345340.800000001,
        5342169.600000001,
        5510065.6,
        5188562.1219999995,
        5438836.51,
        5443926.75,
        5267761.017999999,
        5381472.0,
        5512857.516000001
    ],
    "time_stamp_ns": [
        0.0,
        5000000000.0,
        10000000000.0,
        15000000000.0,
        20000000000.0,
        25000000000.0,
        30000000000.0,
        35000000000.0,
        40000000000.0,
        45000000000.0,
        50000000000.0,
        55000000000.0,
        60000000000.0,
        65000000000.0,
        70000000000.0,
        75000000000.0,
        80000000000.0,
        85000000000.0,
        90000000000.0,
        95000000000.0,
        100000000000.0,
        105000000000.0,
        110000000000.0,
        115000000000.0,
        120000000000.0,
        125000000000.0,
        130000000000.0,
        135000000000.0,
        140000000000.0,
        145000000000.0,
        150000000000.0,
        155000000000.0,
        160000000000.0,
        165000000000.0,
        170000000000.0,
        175000000000.0,
        180000000000.0,
        185000000000.0,
        190000000000.0,
        195000000000.0
    ]
}