{
    "name": "tcp_3",
    "flow_rate_mbps": [
        0.22944266230494198,
        0.09422458048052157,
        0.218750081473351,
        0.43890127787142047,
        0.989611780658541,
        0.2026148934777131,
        0.2173145284965322,
        0.10504233703665695,
        0.3750662045511564,
        0.393016431626431,
        0.35114812954153485,
        0.1802611402028523,
        0.5089588254348387,
        0.15075150444266322,
        0.3160979048492584,
        0.22745826690092458,
        0.25177387299519566,
        0.9024744059222806,
        0.0692522454208664,
        0.16389798042705936,
        0.1867738416926742,
        0.22496637730773936,
        0.33663809827233243,
        0.1536835750812984,
        0.2730084248693612,
        0.29090817366205396,
        0.09596323727190502,
        0.3796089695226835,
        0.11330562926212473,
        0.17715541188948938,
        0.7158251337524357
    ],
    "time_stamp_us": [
        5257038,
        10742330,
        26208358,
        31961773,
        34929912,
        36246307,
        42294431,
        48390664,
        58690511,
        62134383,
        65477144,
        68998393,
        75490308,
        77963121,
        87483424,
        91534827,
        96825292,
        101911761,
        103355259,
        119775232,
        127925668,
        134545867,
        140729191,
        144533395,
        152004330,
        157180434,
        161620598,
        174045356,
        177535263,
        188740355,
        196343171,
        198085943
    ]
}