{
    "name": "tcp_42",
    "flow_rate_mbps": [
        0.09549670262559418,
        0.1403919112340234,
        0.08334810739616565,
        0.13355500132812617,
        0.055960266425109685,
        0.06723888266824851,
        0.1298994919615562,
        0.0889649107955961,
        0.0818823970887328,
        0.07480280624900813,
        0.052996096965595124,
        0.05900128662061289,
        0.09607772858428461
    ],
    "time_stamp_us": [
        1653995,
        14819015,
        23469086,
        39098955,
        48770476,
        70274305,
        88499474,
        97593274,
        110871318,
        125837172,
        141924269,
        162964309,
        183546911,
        195956863
    ]
}