{
    "name": "tcp_43",
    "flow_rate_mbps": [
        0.05950503945140593,
        0.0413626644505189,
        0.04377134454783399,
        0.13531569036908625,
        0.055264135741248735,
        0.13622270061678685,
        0.11354666186698892,
        0.023538684201690474
    ],
    "time_stamp_us": [
        11628477,
        31480241,
        60306237,
        88807075,
        97781644,
        120355416,
        129513361,
        141180811,
        193241495
    ]
}