{
    "name": "scps_tp_14",
    "flow_rate_mbps": [
        0.2676698303486286,
        0.2778560073789189,
        0.32181036637528915,
        0.32773202636988646,
        0.13485523903900373,
        0.31851701219055367,
        0.2945011076448488,
        0.21848772978978603,
        0.21009140984941974,
        0.24278278268830553,
        0.6158112030085433,
        0.3103258493556955,
        0.6226598579234497,
        0.26242402960481886,
        0.18553979733981663,
        0.33368328249464524,
        0.2345648202465567,
        0.2808689614238267,
        0.3021820386601591,
        0.30637549519885127,
        0.27121952407659106
    ],
    "time_stamp_us": [
        10886495,
        16124590,
        24706877,
        31808202,
        39960228,
        55678416,
        62125293,
        70484922,
        78064295,
        88101069,
        98696219,
        105741755,
        113781820,
        120661210,
        128990935,
        139046783,
        148641510,
        159749058,
        168199974,
        178100761,
        184514851,
        198802318
    ]
}