{
    "throughput_send_bps": [
        54159279.29999999,
        62401785.04,
        88244743.42000002,
        70107065.65999998,
        51206572.82,
        56724717.88,
        66823298.68000001,
        74824620.4,
        69425226.97999999,
        67063987.18,
        72736147.16000001,
        76910026.12,
        63238949.8,
        77210487.71999998,
        72672506.17999999,
        66220525.680000015,
        68043815.44,
        72471396.0,
        64797911.400000006,
        86768223.04,
        55994098.1,
        53973225.17999999,
        66370166.4,
        96733548.58,
        117973725.3,
        78852143.42,
        71647603.92,
        65624377.220000006,
        72080780.28,
        70134226.27999999,
        60608866.55999999,
        47903665.08,
        50866804.14,
        59893696.95999999,
        64761553.08,
        90338555.17999999,
        89014852.76,
        70226175.26000002,
        79486070.55999999,
        74676366.70000002
    ],
    "throughput_sink_bps": [
        53419849.6,
        62278703.99999999,
        87694778.94,
        70800225.86,
        51340801.919999994,
        56440690.76,
        66670374.78,
        74722267.94,
        69689611.74,
        67248299.62,
        72149352.52000001,
        77247755.91999999,
        63243646.42,
        76950313.46,
        73062656.12,
        66100571.2,
        67902465.75999999,
        72697263.84,
        64797492.800000004,
        86391571.20000002,
        56375932.8,
        53771307.199999996,
        66420986.26000001,
        96012008.32000001,
        117945602.92,
        79907772.1,
        71122308.53999999,
        66133349.0,
        71488052.86,
        70570294.4,
        60947382.900000006,
        47628463.45999999,
        50814635.24,
        59874872.000000015,
        64214355.20000002,
        90594222.39999999,
        89020386.27999999,
        70541175.32,
        79209762.9,
        74666493.42
    ],
    "time_stamp_ns": [
        0.0,
        5000000000.0,
        10000000000.0,
        15000000000.0,
        20000000000.0,
        25000000000.0,
        30000000000.0,
        35000000000.0,
        40000000000.0,
        45000000000.0,
        50000000000.0,
        55000000000.0,
        60000000000.0,
        65000000000.0,
        70000000000.0,
        75000000000.0,
        80000000000.0,
        85000000000.0,
        90000000000.0,
        95000000000.0,
        100000000000.0,
        105000000000.0,
        110000000000.0,
        115000000000.0,
        120000000000.0,
        125000000000.0,
        130000000000.0,
        135000000000.0,
        140000000000.0,
        145000000000.0,
        150000000000.0,
        155000000000.0,
        160000000000.0,
        165000000000.0,
        170000000000.0,
        175000000000.0,
        180000000000.0,
        185000000000.0,
        190000000000.0,
        195000000000.0
    ]
}