{
    "name": "tcp_25",
    "flow_rate_mbps": [
        0.033672073014396064,
        0.04645484191433047,
        0.025908851272312548,
        0.02746916176639601
    ],
    "time_stamp_us": [
        25885627,
        60639650,
        86543516,
        126171672,
        159931712
    ]
}