{
    "name": "tcp_34",
    "flow_rate_mbps": [
        0.26838394076560734,
        0.2113103382631147,
        0.8023601552083756,
        0.45192980053536425,
        0.4266902650621357,
        0.3096638688461318,
        0.23919796645153904,
        0.3615388981796429,
        0.5201291929715096,
        0.43564196008151873,
        0.37788996681246517,
        0.3086144989465563,
        0.3875513799177922,
        0.3065752719551364,
        0.38668857918480226,
        0.4172557873003349,
        1.0099491243202354,
        0.3675765943808494,
        0.2242509733115161,
        0.3604616544964357,
        0.3040585051598191,
        0.376641688740769,
        0.16254735282332966,
        0.48292421679097997,
        0.27144566557417776,
        0.6738692547152536,
        0.24923969812913932,
        0.24537528150523977,
        0.39245364344073463,
        0.17114082405344216,
        0.42847261576756335,
        0.17912438986812854,
        0.3694495764632063,
        0.3387040973743818,
        0.49023657676234744,
        0.148286185927734,
        0.22117814441166,
        0.3392926005831791,
        0.7199717123200384,
        0.6556773919227096,
        0.354989965783416,
        0.3106772751984369,
        0.44300925270642766,
        0.33978347030274403,
        0.6918047920775461,
        0.21915162755282985,
        0.30111802161475243,
        0.48396116110009657,
        0.4112697563460853,
        0.3084142717250576,
        0.35136955354174304
    ],
    "time_stamp_us": [
        2880149,
        7446145,
        13245388,
        14800201,
        17487344,
        20488678,
        24945123,
        29975935,
        33640271,
        36166105,
        39029741,
        42418664,
        47069126,
        50202646,
        54235848,
        57462010,
        60240162,
        61540980,
        64994954,
        70311854,
        73680867,
        77711144,
        81081987,
        88077610,
        90615151,
        95251659,
        97004640,
        102187121,
        107316244,
        110916975,
        117625836,
        120666217,
        127754029,
        131339904,
        135935774,
        138615623,
        147475248,
        153764477,
        157506380,
        159177779,
        161080422,
        164781259,
        168903350,
        171644602,
        175121169,
        176908494,
        182550615,
        186766902,
        189481500,
        192300088,
        196345037,
        199864067
    ]
}