{
    "name": "tcp_13",
    "flow_rate_mbps": [
        0.056766683300494995,
        0.10914453305183858,
        0.05278910335645698,
        0.05334341918178486,
        0.09440795871267951,
        0.04708462113252509,
        0.05323126205159768,
        0.06368185617008901,
        0.11473160998378794,
        0.1011894381690769
    ],
    "time_stamp_us": [
        13722410,
        33753878,
        44981559,
        66104100,
        85558421,
        98304804,
        123627722,
        145404399,
        163607386,
        173710966,
        186257730
    ]
}