{
    "name": "scps_tp_14",
    "flow_rate_mbps": [
        0.06552970564873545,
        0.06549600827613973,
        0.22192366767924776,
        0.2528635745999559,
        0.16657170592790282,
        0.2944377425986652,
        0.6836086229965899,
        0.24039275650656758,
        0.21915203362971067,
        0.12970283301549154,
        0.17891314509151235,
        0.2599735790475485,
        0.19551534621322159
    ],
    "time_stamp_us": [
        28457735,
        50696199,
        70754826,
        83390522,
        92253483,
        107895035,
        117606290,
        125196598,
        134657116,
        146293969,
        163913322,
        176069388,
        183331049,
        198915708
    ]
}