{
    "name": "tcp_0",
    "flow_rate_mbps": [
        0.12391139451304727,
        0.09036655191104477,
        0.06454760443742717,
        0.09095922617535865,
        0.08236600767434211,
        0.10152633933710997,
        0.06328890568140681,
        0.07421988634043207,
        0.10813574961931546,
        0.05893199882249043,
        0.046042645872242945
    ],
    "time_stamp_us": [
        16327119,
        27820493,
        41747770,
        59877645,
        73107309,
        88253363,
        99779830,
        118793589,
        134709539,
        145531492,
        164639617,
        189096943
    ]
}