{
    "name": "tcp_9",
    "flow_rate_mbps": [
        0.35624225034211426,
        0.2657287968923035,
        0.3436459352962462,
        0.1644769588015286,
        0.2413006028872249,
        0.175949125662644,
        0.14183852239447228,
        0.2359894038529875,
        0.2924254580167126,
        0.3067398339665119,
        0.3418360832284755,
        0.3888288225922954,
        0.36844170655164754,
        0.3480186964642146,
        0.22914083552789913,
        0.1627158613574394,
        0.24374476542393178,
        0.25822900281268457,
        0.15928080928372176,
        0.3667867904773973,
        0.1523272731046853,
        0.46195501219601054,
        0.489610492759256,
        0.28662312535698076,
        0.4237552466269091,
        0.38099158204370115,
        0.18317356690973213,
        0.24608690612586992,
        0.23069467849998898,
        0.23190893493090822,
        0.15438386100015722,
        0.2540030633436461,
        0.15348584295532489,
        0.15203582798141685,
        0.26959094020850854,
        0.4873511318238145,
        0.31340715471312836,
        0.20774290093748388
    ],
    "time_stamp_us": [
        4800026,
        8363893,
        12933966,
        16532088,
        23915493,
        29131228,
        36786168,
        44725337,
        49824549,
        54656960,
        58580024,
        61971123,
        65264706,
        68740534,
        72325169,
        78395846,
        86334101,
        91180482,
        96139801,
        103556137,
        106957350,
        115147085,
        117919303,
        120399642,
        124829152,
        127721010,
        130908482,
        138261508,
        142972039,
        148379706,
        153711454,
        161363031,
        166448324,
        174144669,
        181987031,
        186737339,
        189274483,
        193254992,
        199525820
    ]
}