{
    "name": "scps_tp_21",
    "flow_rate_mbps": [
        0.42676819151553935,
        0.3782497990452771,
        0.4972343177175506,
        0.3719962756994553,
        0.588126170042092,
        0.446380025259968,
        0.47786198140464253,
        0.41367895706566926,
        0.42270425857736155,
        0.29787702489308343,
        0.4656274047213557,
        0.743306442238393,
        0.5404701783200794,
        0.2718840158549755,
        0.4906197542695532,
        0.8450181399384812,
        0.41540398912220566,
        0.4140657590045325,
        0.6012401799704828,
        0.43588809224780173,
        0.27176802119072235,
        0.47601346804976186,
        0.536436311729526,
        0.6868200976024591,
        0.321446623430969,
        0.45511149356878117,
        0.7226892651222026,
        0.49563067346487566,
        0.3762444427190358,
        0.43091521039113634
    ],
    "time_stamp_us": [
        6743291,
        12900076,
        18153747,
        24525954,
        32271838,
        38109769,
        44688558,
        51503915,
        56814700,
        62456091,
        68941989,
        74940605,
        80317230,
        86486081,
        93795080,
        100928262,
        105971278,
        115007301,
        122419457,
        127579192,
        133429868,
        142651262,
        148588573,
        153610157,
        159155714,
        164788251,
        171556175,
        177498646,
        182532717,
        189281521,
        195763353
    ]
}