{
    "max_utilization_details": [
        {
            "constellation_name": "Test1",
            "maximum_link_utilization (MLU)": [
                0.0071741152,
                0.00819224,
                0.01163112,
                0.0093570512,
                0.0067509472,
                0.0074366016,
                0.0087770704,
                0.0098303264,
                0.0091928048,
                0.0088702704,
                0.0095696384,
                0.0101958144,
                0.0083187584,
                0.0101325504,
                0.0096395088,
                0.0086918768,
                0.0089295216,
                0.0095837408,
                0.0085397648,
                0.0113962496,
                0.0074320144,
                0.0070549504,
                0.0087498384,
                0.0127915008,
                0.0180220592,
                0.0081657344,
                0.0094102432,
                0.0087149728,
                0.0094847904,
                0.0093206288,
                0.0080376992,
                0.0062600832,
                0.0066718832,
                0.0078596592,
                0.0086867424,
                0.0119919824,
                0.0117294176,
                0.0093037792,
                0.0104350368,
                0.0098544448
            ]
        }
    ],
    "time_stamp (ns)": [
        0.0,
        5000000000.0,
        10000000000.0,
        15000000000.0,
        20000000000.0,
        25000000000.0,
        30000000000.0,
        35000000000.0,
        40000000000.0,
        45000000000.0,
        50000000000.0,
        55000000000.0,
        60000000000.0,
        65000000000.0,
        70000000000.0,
        75000000000.0,
        80000000000.0,
        85000000000.0,
        90000000000.0,
        95000000000.0,
        100000000000.0,
        105000000000.0,
        110000000000.0,
        115000000000.0,
        120000000000.0,
        125000000000.0,
        130000000000.0,
        135000000000.0,
        140000000000.0,
        145000000000.0,
        150000000000.0,
        155000000000.0,
        160000000000.0,
        165000000000.0,
        170000000000.0,
        175000000000.0,
        180000000000.0,
        185000000000.0,
        190000000000.0,
        195000000000.0
    ]
}