{
    "throughput_send_bps": [
        53965327.300000004,
        62038165.83999999,
        88033773.82,
        69810640.05999999,
        50817721.620000005,
        56367991.48,
        66499509.879999995,
        74510703.60000001,
        69092903.78,
        66729398.38,
        72438614.36,
        76653654.92,
        62887052.2,
        76913806.12,
        72398054.98,
        65858074.48,
        67697469.84000002,
        72180835.99999999,
        64476452.20000001,
        86539067.84,
        55967309.300000004,
        53289985.18000001,
        66044867.199999996,
        96695872.74,
        136250330.88,
        60324397.68,
        71337037.52000001,
        65302492.42,
        71763564.28,
        69806663.6,
        60277942.839999996,
        47522480.54,
        50468937.08,
        59539366.379999995,
        64844892.06000001,
        89714345.58000003,
        88787702.26000002,
        69924122.56,
        79239139.36000001,
        74411791.04
    ],
    "throughput_sink_bps": [
        53230806.4,
        61914230.39999999,
        87480142.14,
        70509355.46000001,
        50952188.800000004,
        56083023.55999999,
        66346175.10000001,
        74407810.33999999,
        69357866.88,
        66912632.64000001,
        71850958.28000002,
        76992349.20000002,
        62893049.93999999,
        76652737.14000002,
        72789872.12000002,
        65737748.8,
        67555760.48,
        72405761.12000002,
        64476199.99999999,
        86161046.4,
        56155689.59999999,
        53281966.4,
        66096007.699999996,
        95942593.82000001,
        136312358.48000002,
        61322756.800000004,
        70872112.75999999,
        65752757.120000005,
        71167557.32,
        70244432.0,
        60617724.96,
        47245773.760000005,
        50419133.27999999,
        59519124.8,
        64148447.25999999,
        90113698.34,
        88796366.44,
        70241054.36,
        78962474.57999998,
        74400723.82000001
    ],
    "time_stamp_ns": [
        0.0,
        5000000000.0,
        10000000000.0,
        15000000000.0,
        20000000000.0,
        25000000000.0,
        30000000000.0,
        35000000000.0,
        40000000000.0,
        45000000000.0,
        50000000000.0,
        55000000000.0,
        60000000000.0,
        65000000000.0,
        70000000000.0,
        75000000000.0,
        80000000000.0,
        85000000000.0,
        90000000000.0,
        95000000000.0,
        100000000000.0,
        105000000000.0,
        110000000000.0,
        115000000000.0,
        120000000000.0,
        125000000000.0,
        130000000000.0,
        135000000000.0,
        140000000000.0,
        145000000000.0,
        150000000000.0,
        155000000000.0,
        160000000000.0,
        165000000000.0,
        170000000000.0,
        175000000000.0,
        180000000000.0,
        185000000000.0,
        190000000000.0,
        195000000000.0
    ]
}