{
    "name": "tcp_18",
    "flow_rate_mbps": [
        0.046804420719639896,
        0.014209111448787557
    ],
    "time_stamp_us": [
        64177863,
        91539381,
        163797242
    ]
}