{
    "name": "tcp_2",
    "flow_rate_mbps": [
        0.14025371786689617,
        0.18004711935481446,
        0.18293835301485303,
        0.16895498745882342,
        0.2480913441945504,
        0.2247048029933274,
        0.09918390279535234,
        0.18767030635154905,
        0.1341682720021284,
        0.24848947174041852,
        0.1328825248969351,
        0.20861753263385308,
        0.22533485396548666,
        0.15214451140113158,
        0.13675154315024238,
        0.197414622727391,
        0.11187786666222707,
        0.14198877316521807,
        0.2161498070877656,
        0.1970907368814319,
        0.18627208753262253,
        0.13121306496164808,
        0.14572350707346332,
        0.21450028841622557,
        0.23755786419779423,
        0.28540461269950534
    ],
    "time_stamp_us": [
        2844626,
        11503220,
        18677342,
        25677733,
        32538732,
        37478203,
        43324807,
        54900879,
        61842414,
        70976019,
        76307432,
        85612493,
        91433672,
        96969966,
        105314664,
        114760115,
        120911635,
        131963687,
        140283218,
        146003695,
        152165324,
        158981160,
        168068060,
        176628930,
        182084587,
        187475442,
        192155955
    ]
}