{
    "name": "tcp_38",
    "flow_rate_mbps": [
        0.06012970484148372,
        0.05570556188181075,
        0.099397697783167,
        0.04149420666849701,
        0.05772731183995164,
        0.02995136343619512,
        0.036437235785531756
    ],
    "time_stamp_us": [
        20922030,
        41852783,
        64644044,
        76084148,
        104020578,
        125822390,
        161576355,
        193086978
    ]
}