{
    "name": "tcp_17",
    "flow_rate_mbps": [
        0.08129564941251191,
        0.154893572496974,
        0.03884357485988791,
        0.07206207926648654,
        0.09854860987545146,
        0.09720660635115447,
        0.06036283006049902,
        0.10809732855799263,
        0.09578012938012466,
        0.055009283375855124,
        0.06851682904356726
    ],
    "time_stamp_us": [
        4689583,
        18693186,
        27103606,
        55241078,
        73012422,
        86455534,
        98721367,
        118473920,
        129606110,
        142861469,
        162529422,
        180414663
    ]
}