{
    "name": "tcp_5",
    "flow_rate_mbps": [
        0.5480110060099099,
        0.20740483296709447,
        0.22235732867684463,
        0.25665800117109117,
        0.2771858356531537,
        0.34202768858240773,
        0.24156658458578603,
        0.2179251675110554,
        0.37840989159164634,
        0.20562777937534837,
        0.604611060788245,
        0.6450450625909895,
        0.581963653386905,
        0.2521853681636233,
        0.45125846074974196,
        0.8809229660161183,
        0.3251837552009017,
        0.3881865953406939,
        0.3543002919094752,
        0.691296180338134,
        0.1948432638043661,
        0.3096855583685406,
        0.20143692367309596,
        0.7757966130360654,
        0.17071339735925709,
        0.32211581175844684,
        0.24181345756406797,
        0.3313363646726533,
        0.18985556557199595,
        0.14544164640646348,
        0.21229526852954395,
        0.14796666812159948,
        0.1691367749789478,
        0.36044216777916505,
        0.25736769767809575,
        0.2881096551128825,
        0.4382569911847644,
        0.12262197531410224,
        0.3989477296122612,
        0.1736339986064119,
        0.37041926476191067,
        0.18667664045960528
    ],
    "time_stamp_us": [
        1908083,
        2442700,
        6482413,
        12887239,
        17489784,
        23225142,
        26872566,
        31808348,
        37887499,
        41242591,
        47846368,
        49909711,
        51963521,
        54031279,
        59065671,
        61952531,
        63406279,
        67242633,
        70541665,
        74343186,
        76227646,
        82460348,
        86417394,
        92172049,
        93851252,
        102581674,
        106386020,
        111408073,
        115039911,
        121261904,
        129459831,
        135492184,
        143923272,
        151429623,
        154706931,
        159639951,
        164123244,
        166969793,
        176963434,
        179979769,
        187100955,
        190289990,
        196736217
    ]
}