{
    "name": "tcp_13",
    "flow_rate_mbps": [
        0.05182494004113903,
        0.04982646921817281,
        0.03551046788528832,
        0.04047316779836294,
        0.0401150088166851,
        0.02190557159438433
    ],
    "time_stamp_us": [
        15986602,
        37076062,
        60119236,
        89654189,
        118568160,
        145538614,
        190392956
    ]
}