{
    "name": "tcp_1",
    "flow_rate_mbps": [
        0.07669679251882454,
        0.05136136020031879,
        0.05743711229018457,
        0.1674763467361899,
        0.168163640069941,
        0.3184620647660325,
        0.1323795448275093,
        0.11064669272894057,
        0.13835640180091818,
        0.13279345532966602,
        0.16508723612270487,
        0.07278883934319368,
        0.09599675963507004,
        0.10648632613803256,
        0.07733002457608511
    ],
    "time_stamp_us": [
        6576959,
        23994115,
        45918768,
        66869682,
        74450454,
        82000243,
        86437569,
        95944778,
        107119807,
        117413223,
        126558252,
        134114984,
        150192174,
        162842601,
        173832181,
        189108007
    ]
}