{
    "name": "tcp_25",
    "flow_rate_mbps": [
        0.04346379005666592,
        0.06852881848309492,
        0.06588501281795633,
        0.04721452749480659,
        0.07464257197160176,
        0.04571195053272775,
        0.04895774022778394,
        0.08656287137182732
    ],
    "time_stamp_us": [
        18345249,
        43745703,
        61788915,
        79215640,
        102832100,
        117770492,
        139989627,
        161637685,
        176559556
    ]
}