{
    "name": "scps_tp_1",
    "flow_rate_mbps": [
        2.1645019013256084,
        1.686080866679053,
        1.6957318906893195,
        1.719806021386367,
        1.2795559195503317,
        1.500379210565724,
        1.0930734037795062,
        2.1255038806329343,
        1.134811935867112,
        1.7880158271398583,
        1.459879202763554,
        1.7964232026406033,
        1.1086869398193535,
        2.1369251719572753,
        1.231050818881771,
        1.592362275428444,
        0.9266911283731272,
        2.107741894338179,
        2.9112242991206587,
        1.26549379546377,
        3.3736077527940145,
        1.46212948723106,
        1.921166489465576,
        1.154149255401002,
        0.8575148442585762,
        1.1430817464892022,
        1.432628696790871,
        1.6541240287485721,
        3.2024213469981424,
        0.9125478682902947,
        1.2505911400881102,
        1.7439543328548541,
        1.0060509485561704,
        2.7016781937478953,
        1.8042711262069897,
        2.4933161863914726,
        0.6332338256573373,
        1.750149813169283,
        1.6559106870329152,
        1.1824851250649875,
        1.5593211046025504,
        1.8107989588584694,
        0.9152714016331959,
        1.5048692275105844,
        1.369198854121415,
        2.664053050627765,
        1.9105656459053229,
        2.966601155108154,
        1.631358086178758,
        3.6505916481570773,
        1.551918812662395,
        1.3012332041909787,
        0.8046037635248978,
        1.6369611539580817,
        1.0651794448625402,
        1.3199404900603038,
        1.9148187474593956,
        1.4697061057643364,
        2.4947661156766556,
        1.1407624272692607,
        1.4288092809712143,
        2.1208557169649382,
        1.2187720390108803,
        3.062375688806286,
        1.4191665249017986,
        1.1536576120615951,
        1.1145978350581258,
        2.6143061158895846,
        0.5236785572568176,
        1.490773296062545,
        2.261476833929409,
        0.5896688520261076,
        1.5861173681699,
        0.6545086396782183,
        1.8479158618019444
    ],
    "time_stamp_us": [
        2317920,
        2975882,
        4682073,
        5300567,
        7566590,
        10172244,
        13277379,
        16479067,
        18889112,
        21661730,
        23896878,
        26899099,
        29142223,
        32368526,
        34269725,
        37040821,
        40084450,
        43074702,
        45520770,
        47720257,
        50285074,
        52385994,
        55617664,
        57922014,
        60925577,
        64169929,
        67202573,
        69907419,
        73311275,
        75248709,
        77934464,
        81015375,
        83053777,
        86258068,
        88517819,
        91252929,
        93657245,
        96725685,
        99135353,
        101422143,
        103914927,
        107270849,
        109922938,
        112950499,
        115400785,
        118351883,
        120705710,
        123525566,
        126015203,
        128444688,
        129962820,
        132168090,
        135112128,
        138240525,
        140587508,
        143645021,
        146756434,
        149356701,
        153187671,
        155395878,
        158241133,
        161154104,
        164048332,
        166847346,
        168963507,
        172090751,
        175095594,
        177868971,
        179925532,
        183214267,
        185961727,
        188607644,
        191621946,
        194155529,
        197006156,
        199371978
    ]
}