{
    "name": "tcp_18",
    "flow_rate_mbps": [
        0.07391076672212538,
        0.08169732894321749,
        0.10095019034148414,
        0.4062025706067779,
        0.10370904341417697,
        0.07045862524085053,
        0.17658926201407352,
        0.11628983758167698,
        0.11266949384419368,
        0.0817796922569466,
        0.05650262041138139,
        0.10718709552254099,
        0.08017063313427605,
        0.10751094598355665
    ],
    "time_stamp_us": [
        16872363,
        31958663,
        46958419,
        58988114,
        61814684,
        75972755,
        92738339,
        100115458,
        111033007,
        122399349,
        136709014,
        158787990,
        170323707,
        184369748,
        196589527
    ]
}