{
    "name": "scps_tp_0",
    "flow_rate_mbps": [
        1.2479086658390282,
        0.7445719809671638,
        1.000451122085719,
        1.0125360754856172,
        1.1454680308080145,
        1.2042480452733286,
        1.0147944642719595,
        1.1470593039315147,
        0.9518450844822686,
        1.7495123879583223,
        0.48567924564181497,
        0.9340436631764311,
        0.6975326506610181,
        0.6597505328601073,
        1.3717619575593356,
        0.5439706991628229,
        1.1299481039593635,
        1.6083043800850885,
        0.9990404935477222,
        1.002314457645425,
        0.532143191257618,
        1.1110858417330054,
        1.1812160962091949,
        0.5301822674005192,
        0.9143064025252583,
        0.8373771734415018,
        0.6067751642397219,
        0.5572300749730923,
        1.1783479257257023,
        0.869337743017537,
        0.9076118714870468,
        0.37312785169044266,
        1.060659225715632,
        1.3858081005634098,
        1.865153299782275,
        0.6763660628082321,
        0.42307387697645243,
        0.6868272872001896,
        0.9854958260484129,
        0.6740419890402277,
        0.7163775193790204,
        0.9245275532059204,
        1.013967533129339,
        1.338798188885994,
        0.7408131407948249,
        0.9131924042905705,
        0.28973701702295823,
        0.8293877019232967,
        0.7683376049529483,
        1.1664671861819782
    ],
    "time_stamp_us": [
        1738717,
        1911095,
        4754812,
        8793630,
        12806050,
        16507035,
        20348237,
        24242937,
        28651009,
        33104843,
        36588145,
        40111458,
        44236490,
        47971713,
        50883359,
        54762516,
        58902739,
        62537313,
        66003821,
        69540014,
        74011904,
        77870715,
        81696162,
        85528145,
        89297113,
        93716463,
        97711222,
        101859579,
        106198469,
        110555077,
        114695056,
        118976710,
        124864665,
        129205060,
        132909469,
        136271509,
        140335817,
        145032869,
        149855042,
        153103762,
        157231220,
        160991472,
        165326140,
        168701396,
        172420433,
        178426158,
        182052995,
        186015761,
        189822714,
        194047107,
        198088438
    ]
}