{
    "name": "scps_tp_32",
    "flow_rate_mbps": [
        0.21745226672642265,
        0.2010051797606986,
        0.4490038434301024,
        0.15464736236508284,
        0.3174268490209797,
        0.22192680514207433,
        0.2306406547371302,
        0.09970882641398549,
        0.08412373876329042,
        0.1472852840708884,
        0.3911032432263143,
        0.29438799641197094,
        0.12024931115587248,
        0.6227512288447545
    ],
    "time_stamp_us": [
        9023254,
        19938753,
        31637556,
        40759616,
        58892224,
        67761039,
        79501126,
        90654060,
        106376640,
        130917632,
        149656775,
        159395380,
        171658380,
        189469376,
        198794191
    ]
}