{
    "name": "tcp_30",
    "flow_rate_mbps": [
        0.10910101995330546,
        0.17030480970849607,
        0.08367573104168592,
        0.12653789854408787,
        0.168560865242917,
        0.12866679001978396,
        0.08747211317044208,
        0.08375070271375273,
        0.24647376016550657,
        0.12629177146408238,
        0.09223143502230954,
        0.15299747503681774,
        0.09268414237975542,
        0.08574891156484467,
        0.10729017544197651,
        0.11626441006192645,
        0.13074505053512758,
        0.09358868192808388
    ],
    "time_stamp_us": [
        3307218,
        13729852,
        20860596,
        34977951,
        44313336,
        51386864,
        61082606,
        73451348,
        88478804,
        93719443,
        103422688,
        115991071,
        124072773,
        137175338,
        149921389,
        161651820,
        171622197,
        180488307,
        193582198
    ]
}