{
    "name": "scps_tp_20",
    "flow_rate_mbps": [
        0.17052772352801804,
        0.6689961473314986,
        0.5526728423853544,
        0.16679010348368237,
        0.12550779904546275,
        0.33219922531736545,
        0.13707085089260057,
        0.22704240843843265,
        0.47128248581865323,
        1.1993079161758917,
        1.6590336615525532,
        1.8071665341112293,
        1.8110034407465943,
        1.52410110242543,
        1.9539173847255067,
        1.8234116295852094,
        2.395833333333333,
        3.9583333333333335,
        6.770833333333334,
        2.8125000000000004,
        0.10204081632653061,
        0.0,
        6.428571428571429,
        4.270833333333333,
        6.530612244897959,
        2.346938775510204,
        2.0408163265306127,
        1.0204081632653064,
        4.693877551020408,
        6.354166666666667,
        0.6536608978280899,
        1.5604240282685513,
        1.326530612244898,
        3.8845883180858554,
        2.9591836734693877,
        3.3333333333333335,
        1.326530612244898,
        0.0,
        2.7457336257031177,
        0.9948497519717778,
        1.8387496502378382,
        1.7283735159301712,
        1.0707011604742203,
        1.9346198012285347,
        0.7055283434909215,
        0.3589920607525026,
        0.9652281524877808,
        1.4643978961419064,
        0.25746691953400164,
        0.21830986102414632,
        0.7520127025909301
    ],
    "time_stamp_us": [
        2407815,
        20923514,
        29488227,
        37738171,
        52498759,
        73785723,
        81894592,
        99211184,
        109568368,
        120461198,
        126776040,
        131946568,
        135880771,
        141982935,
        146242180,
        151208695,
        154357079,
        154463063,
        154569047,
        154675031,
        154781015,
        154889207,
        154999607,
        155107799,
        155213783,
        155321975,
        155430167,
        155538359,
        155646551,
        155754743,
        155860727,
        156823428,
        157644128,
        157752320,
        157857474,
        157965666,
        158071650,
        158179842,
        158290242,
        158772736,
        160544107,
        160694209,
        161083847,
        161442752,
        161861625,
        163406283,
        163806069,
        164286055,
        164612693,
        171533318,
        186603274,
        194222507
    ]
}