{
    "name": "scps_tp_31",
    "flow_rate_mbps": [
        0.9567413074007948,
        1.368177344250161,
        0.5326628407659562,
        0.3801049291328324,
        0.4165600170874691,
        0.689788261198303,
        0.9409482576096153,
        1.1209076618139566,
        0.6924129036200671,
        0.780052968364356,
        0.36375289307290415,
        0.5975835457222587,
        0.33246050405348854,
        0.7479347030378665,
        0.5284967431707343,
        0.4541208914708069,
        0.899359466046049,
        0.3429454115720387,
        0.392177849296084,
        0.4038351439671037,
        0.6326181942908913,
        0.6872054695013169,
        1.3202885459472526,
        0.6265995375872426,
        0.6485468577076561,
        0.9933065565902747,
        1.47018918402446,
        0.7102172209663328,
        1.194139661167156,
        0.7229275551993383,
        0.6595260183857637,
        0.49086167068233194,
        0.4811718626908099,
        0.32818237503897557,
        0.9235512745437815,
        0.5623930846772095,
        0.6049741902022909,
        0.5257899524942169,
        0.2534965729743192,
        0.5603574470839727,
        0.4433355676510041,
        0.9884732877061393,
        0.3982590250092501,
        0.9331592533572637,
        0.904872668939242,
        0.39284694363228395,
        0.22381251647170922
    ],
    "time_stamp_us": [
        2672033,
        6214558,
        11515976,
        14832145,
        18869346,
        23401322,
        27194486,
        30902065,
        34940221,
        38671174,
        42365077,
        46462364,
        50803849,
        54954718,
        58674401,
        63061183,
        66464682,
        70392811,
        74867459,
        79202635,
        83357994,
        87040215,
        90542399,
        94079444,
        97550369,
        102418853,
        106909068,
        110258188,
        114921550,
        118749042,
        123208244,
        127761332,
        131787232,
        136376029,
        140984686,
        145252213,
        148903467,
        153027676,
        157772993,
        162302285,
        167739957,
        171375668,
        176379263,
        181563025,
        186626598,
        190616198,
        195028298,
        199270420
    ]
}