{
    "name": "tcp_32",
    "flow_rate_mbps": [
        0.134593815093735,
        0.05132905834718933,
        0.10327509013883229,
        0.05874090154514111,
        0.03574814022243327,
        0.047916868639979494,
        0.07741685971417045,
        0.04927251629027939
    ],
    "time_stamp_us": [
        18839284,
        27451864,
        48529983,
        59968172,
        79514348,
        113485346,
        137446845,
        151564700,
        176659420
    ]
}