{
    "name": "tcp_42",
    "flow_rate_mbps": [
        0.12683287535682913,
        0.1802500896059694,
        0.15361401498854718,
        0.0825110944085873,
        0.17363215679157973,
        0.07231067824280353,
        0.13676612408311173,
        0.24297498152358096,
        0.1449291188892299,
        0.14072885613361527,
        0.13368332064093427,
        0.09187186253735587,
        0.15946715245086254,
        0.07200277215061408,
        0.11199331169333224,
        0.0911567606720761,
        0.09047430169245947,
        0.11863407477242102
    ],
    "time_stamp_us": [
        1653995,
        12443122,
        18935435,
        27056569,
        41239389,
        48678564,
        63487995,
        72932439,
        78021358,
        86629152,
        95336961,
        105164365,
        117541604,
        125849271,
        142255306,
        153197388,
        167246154,
        181278868,
        192445980
    ]
}