{
    "name": "scps_tp_0",
    "flow_rate_mbps": [
        1.3810322867598002,
        0.9422806119975023,
        1.0438074163160755,
        1.1364615298778107,
        1.2887320621333949,
        0.6552443011496686,
        0.844405461650799,
        0.7959968606274145,
        1.544487968662563,
        0.6306499764624813,
        1.82441746144557,
        1.2833521321893748,
        0.6166860377373283,
        0.7506380898539537,
        0.6700357038758515,
        0.7433925541295877,
        0.9460514203145639,
        1.0940890167278,
        1.015721685982172,
        1.26169874755237,
        1.1825510525405094,
        1.584078167111051,
        0.7124749790525401,
        0.7586999613760339,
        0.6792250443477763,
        0.7858590534689016,
        0.6495352277232679,
        0.7335837699487051,
        1.0870892630562718,
        0.926986265861533,
        1.097898686105081,
        0.5864058713376376,
        0.7549592577739009,
        0.7573232444571454,
        0.5132881266858788,
        1.0012897405213916,
        1.429950743179409,
        0.6224397667092278,
        1.384038243222937,
        0.7702373550454118,
        1.494420189034592,
        1.2212312971052668,
        1.0381872930973064,
        0.5831175333259436,
        1.0279513463296694,
        0.7509090181148474,
        1.0985933512925674,
        0.6397238394907052,
        0.8410777737436984,
        1.3946776810768335,
        0.935498631640401,
        0.5391755071011438
    ],
    "time_stamp_us": [
        2476882,
        5642514,
        9684622,
        13238381,
        16822981,
        20129673,
        25251671,
        28886323,
        32755886,
        36294146,
        39637744,
        43220082,
        46377189,
        49438455,
        52850592,
        56689671,
        60105363,
        63232804,
        66552607,
        70019856,
        74079906,
        76871295,
        80760194,
        84510052,
        87958688,
        93306194,
        97380207,
        101935341,
        105938483,
        109675729,
        113641613,
        117171119,
        121237654,
        124586391,
        127749743,
        131578236,
        134930073,
        138396598,
        142263189,
        145717082,
        149945389,
        154111928,
        158107633,
        161669996,
        165702665,
        169504557,
        173900509,
        177136356,
        180691390,
        184051650,
        188080796,
        191503142,
        195843992
    ]
}