{
    "name": "tcp_28",
    "flow_rate_mbps": [
        0.17875796445814443,
        0.15298664643317117,
        0.24283463848953019,
        0.29250397929084765,
        0.15501675045544286,
        0.1958540674312781,
        0.2253634077904278,
        0.2663495199687664,
        0.15425637204103257,
        0.13920637236623815,
        0.14160024842148844,
        0.10566621291355474,
        0.2632182846107308,
        0.21808740627992412,
        0.19830442065355444,
        0.2135131994418753,
        0.141498399147234,
        0.1506820147912563,
        0.21732711273843972,
        0.14670822019733498,
        0.14268824767458155,
        0.1061583393761544,
        0.09006475482244027,
        0.08512226958176515,
        0.264671459986531
    ],
    "time_stamp_us": [
        8123403,
        14731668,
        23246921,
        28247855,
        32701538,
        40464312,
        46890321,
        52376926,
        57143595,
        64873065,
        73755417,
        82643537,
        93822891,
        98520437,
        104392578,
        110349480,
        116347423,
        124695786,
        132755142,
        139054218,
        147557627,
        156377975,
        167505504,
        180498822,
        193468401,
        198515564
    ]
}