{
    "name": "scps_tp_13",
    "flow_rate_mbps": [
        0.3707515315962061,
        0.528647134100455,
        0.6228342030342098,
        0.6321381368336023,
        0.3197235364481356,
        0.3065775757472188,
        1.2073976214500772,
        0.44550445855925963,
        1.36977582833687,
        0.8696208358631632,
        0.738420756994806,
        1.631538817634725,
        0.48275382054617194,
        1.194170354472934,
        0.6041146930745634,
        0.4442095555209543,
        0.6591237413296036,
        0.4881800566403338,
        0.9518226563264404,
        0.38341584721331207,
        0.9223013035596275,
        0.35898547582917834,
        0.25113365712575775,
        0.45123990649207296,
        0.9749055316434398,
        0.6200957811494052,
        0.31111135523489897,
        0.5014842660230836,
        0.23578647614446802,
        0.564723739230071,
        0.5611748129990034,
        0.8712062283128496,
        1.1213831333525566,
        0.24725923323254834,
        0.9003093794119696,
        0.42629804693956636,
        0.6602529552049261,
        0.4132233754345867,
        0.3513049910023949,
        0.5305946367832095,
        0.24187364439024037,
        0.44557714937960846,
        0.3196556477788707,
        0.25413588465972314,
        1.0358713101625172,
        0.3219388575798709
    ],
    "time_stamp_us": [
        5148883,
        9258158,
        13810760,
        17284943,
        21511361,
        25827590,
        30040814,
        33597687,
        37438726,
        41790971,
        44964768,
        49509819,
        53035227,
        56900054,
        61319122,
        64754761,
        70098185,
        74101318,
        78126718,
        81652753,
        87325132,
        91873754,
        96486754,
        100179449,
        104216326,
        108768644,
        113237373,
        117424684,
        121123145,
        125056195,
        129357059,
        133547411,
        139313210,
        143221669,
        148088464,
        151620050,
        155219785,
        159282955,
        163504207,
        167495269,
        170970012,
        175077942,
        179661660,
        184462326,
        188849900,
        192164443,
        196416679
    ]
}