{
    "name": "scps_tp_0",
    "flow_rate_mbps": [
        0.8388777077259786,
        0.8813069526656742,
        0.8493902833741721,
        1.1301885030256793,
        0.5274077711619913,
        0.7425119800676132,
        0.8673257272202167,
        0.9580076005140347,
        0.72481038846032,
        1.224581656996247,
        0.5330797326004036,
        0.9485447995532216,
        0.6868134486919308,
        0.7613574837340701,
        1.1811279390276475,
        1.036200750487012,
        1.1398826658546217,
        1.2727809483567942,
        0.44824794391100387,
        0.7224950099416206,
        0.8173852310433631,
        1.413570005577569,
        0.6057175776576426,
        0.8324628815346117,
        0.6324762518178635,
        0.9541167834959499,
        0.9502915587023982,
        1.2059339715095236,
        0.8924366946505716,
        1.1371865140392061,
        0.7506248093516227,
        0.9662807701598151,
        0.7628767054139526,
        0.9818119301886672,
        0.5877115714512896,
        1.1821841222195357,
        0.8535925332744244,
        0.4330831521767876,
        0.8941216965230288,
        0.9002371548664315,
        0.6392357722959865,
        0.9258893008514356,
        1.4262997588513544,
        0.8162965606390667,
        0.8821353506075793,
        0.8831477689504305,
        0.7155820585947628,
        1.2640744263681312
    ],
    "time_stamp_us": [
        1738717,
        4556949,
        9066615,
        12835907,
        16958122,
        20705052,
        24630322,
        28423499,
        32168772,
        36098517,
        39830861,
        43227276,
        47137940,
        51124350,
        54821956,
        58700960,
        62877448,
        67080828,
        70654483,
        74792193,
        79467990,
        83519935,
        87752962,
        91616941,
        95754639,
        99926432,
        103420847,
        107951667,
        111512857,
        115904429,
        119787697,
        125200148,
        129576019,
        133656993,
        137862442,
        142295637,
        147002315,
        151166925,
        155704437,
        160050691,
        164024044,
        168238076,
        172232506,
        177302408,
        181197463,
        185840560,
        189628284,
        193994408,
        198710586
    ]
}