{
    "name": "scps_tp_17",
    "flow_rate_mbps": [
        0.41015674065451363,
        0.45781246864779185,
        0.680343596869174,
        0.6289580224114827,
        0.4502561389101172,
        1.5550759554134577,
        0.5433108334827955,
        0.916028928582489,
        0.6596313043478261,
        0.419363157569838,
        0.5303886404952587,
        0.24336436586542634,
        0.48945021510369147,
        0.6802567160451237,
        0.6978330936639057,
        0.7214979733808606,
        0.7538541326299132,
        0.25789189097179194,
        0.37108040652254726,
        0.4939408477519843,
        0.5245401935519731,
        0.8024549533931477,
        0.5061986209833914,
        0.45092024307860573,
        1.2028770134996793,
        0.6349295847708918,
        0.5429184354399559,
        0.46180524775932164,
        0.4565324469689907,
        0.4877815805646476,
        1.1582418084900212,
        0.5332270453119412,
        0.4901375579267641,
        0.3720494113256713,
        0.49068435191804594,
        0.6656914161081731,
        0.647099040899825,
        0.657309106851049,
        0.5279886575909367,
        0.40551764106491917,
        0.9652968544090108,
        0.6066227267379664,
        0.4827232552160662,
        0.5844127527880859,
        0.8105137110587872,
        0.5619668168264099,
        0.34555755651751474
    ],
    "time_stamp_us": [
        4717365,
        8586559,
        13819444,
        18444166,
        23183433,
        27866634,
        29300699,
        32322645,
        34034032,
        35184032,
        36917365,
        37731485,
        40647672,
        44888185,
        49740706,
        54739953,
        59192689,
        63351796,
        68874110,
        73902023,
        78662755,
        82998438,
        86589219,
        91191049,
        95157338,
        99379216,
        102926318,
        107989620,
        112603513,
        116690320,
        121443267,
        126123326,
        130719642,
        135629937,
        139665530,
        144187867,
        148831460,
        153762019,
        158615991,
        163571552,
        167981915,
        172282188,
        176668176,
        180281675,
        184891020,
        189454052,
        194227857,
        198828422
    ]
}