{
    "name": "scps_tp_23",
    "flow_rate_mbps": [
        0.3353059659601633,
        0.29663258131945175,
        0.4356553724292203,
        0.9215222896344041,
        0.6511177039816055,
        0.6993705729816277,
        1.6739760150334302,
        0.6337612720173047,
        1.0101102520700855,
        0.33148157698101904,
        0.77299473521214,
        0.4783461091327666,
        0.282320645863897,
        0.7298946054101737,
        0.7519782292156643,
        0.8603881668546505,
        1.781021135865968,
        0.9425212983931845,
        0.6427196563235171,
        1.5853114270445805,
        0.30923469102952944,
        0.3622390600918282,
        0.5425981856839504,
        0.3652924212426258,
        1.0837312084169592,
        0.0,
        0.6164490048981939,
        0.7630256969271934,
        1.418484090096532,
        0.9589832080970933,
        0.0,
        1.9609642676062833,
        0.5078494423529647,
        0.48308957598212315,
        0.5463951515151516,
        0.1731058960206822,
        0.33403369901362684,
        0.5833163559832072,
        0.36318984400292387,
        0.3352051427809949,
        0.45210581982003667,
        0.6376598271886718,
        0.4270136215431504,
        0.44472630237058125,
        0.6779348444721899,
        0.5543846029611152,
        0.6945714259083988,
        0.8961046803170444,
        0.33202608088925245,
        0.5863828643845425,
        0.706361685624866,
        0.5152565018210826,
        0.62872678554685,
        1.1412454749972714,
        0.3714234928723585,
        0.4008718427472411,
        0.24033374409258706,
        0.6918161680980885,
        0.42569348708017546,
        0.8596846004715268,
        1.1756796137864072
    ],
    "time_stamp_us": [
        2247004,
        4154945,
        8174463,
        13192007,
        16917842,
        20495444,
        24804919,
        25581322,
        27823933,
        28261113,
        30083887,
        31569227,
        33313671,
        37757951,
        41993083,
        46353422,
        51267855,
        52953899,
        53844107,
        56317596,
        56903303,
        58515593,
        60994133,
        65450027,
        70618051,
        74641927,
        74813671,
        78855569,
        80823314,
        81360338,
        84414965,
        84523157,
        84913671,
        87820438,
        90013671,
        91663671,
        93180338,
        97206806,
        101275953,
        105288400,
        108845386,
        112251969,
        114398819,
        116961304,
        120535997,
        125633124,
        130054026,
        134774750,
        139345466,
        143335514,
        147496345,
        152466490,
        156430341,
        161346944,
        165506610,
        169073428,
        173259504,
        177807180,
        182387125,
        186795931,
        191393338,
        196097885
    ]
}