{
    "name": "tcp_21",
    "flow_rate_mbps": [
        0.11554342573184112,
        0.1393187612873254,
        0.12181108248602124,
        0.10858347810558934,
        0.05535763609118815,
        0.13530367452424785,
        0.15889568545353436,
        0.12730694379732047,
        0.12290478032050255,
        0.15377656710528784,
        0.10247020429776739,
        0.07939267004536972,
        0.0757218076561332,
        0.10271919984585355,
        0.08233707678197891
    ],
    "time_stamp_us": [
        11190031,
        22082559,
        31433202,
        42490324,
        53572673,
        74712304,
        83687670,
        92094695,
        102154162,
        111765505,
        119662677,
        132375836,
        149062515,
        165100167,
        176922689,
        191537733
    ]
}