{
    "name": "tcp_16",
    "flow_rate_mbps": [
        0.13921175203779654,
        0.12632202849072827,
        0.06865434353409858,
        0.0840415665045144,
        0.11146485395998028,
        0.11300631969925083,
        0.12698007953215282,
        0.060604234029819896,
        0.13993851082832237,
        0.11294313259071116,
        0.0917981601613892,
        0.07816398301666362,
        0.1045472931747988,
        0.07451304209296133,
        0.12679518721006885,
        0.23491136894424156
    ],
    "time_stamp_us": [
        2843509,
        12122036,
        22609518,
        39333296,
        53914652,
        64512432,
        75161040,
        85420287,
        104001167,
        112758156,
        123901463,
        137371014,
        152766340,
        163854145,
        180300125,
        190574332,
        196025920
    ]
}