{
    "name": "scps_tp_28",
    "flow_rate_mbps": [
        0.6948113249164041,
        1.5869596696370722,
        1.665522108480738,
        0.8709355584780735,
        1.4145524724888485,
        1.4153925567668562,
        0.8426717924074965,
        1.4257330198930533,
        1.4698197673451048,
        1.3425252933944087,
        1.1556668818741165,
        1.1139529542408748,
        1.05894038846159,
        1.3642014484454996,
        1.0643307015016448,
        0.8582135645798641,
        0.984018373739082,
        0.7047488159704578,
        1.1839107777384894,
        0.8223917769157079,
        0.9973284271872469,
        1.1265720774329775,
        0.9747398736151425,
        1.0602711729388603,
        1.4510901933938045,
        0.839760305148859,
        1.0351325404773897,
        1.336067482598908,
        0.587646787697839,
        1.4154854334354299,
        0.9263967597920032,
        0.5613461939942417,
        1.0513653464648791,
        1.533667537705774,
        1.034992066688168,
        0.6699375055249014,
        1.2064602610975756,
        1.3980109585579945,
        0.7620438318115675,
        1.2461440159182626,
        1.3452826120940335,
        1.2257447389997267,
        1.4706557427752394,
        1.2423454281144566,
        1.0065426004715212,
        1.3963157045161954,
        1.889502708806168,
        0.9442305909994008,
        1.3562702688344708,
        1.0179856179962814,
        0.7651863953661073,
        0.8479286300960465
    ],
    "time_stamp_us": [
        5458190,
        8858480,
        12642924,
        15380516,
        19614308,
        22743948,
        26308528,
        29898253,
        32832996,
        36318158,
        39887074,
        43364339,
        46951995,
        50527947,
        54396232,
        58047428,
        61585009,
        65736151,
        70059734,
        74200046,
        78039384,
        81670204,
        85011881,
        88455015,
        92130603,
        95782478,
        99476675,
        103092212,
        106802324,
        110108800,
        113478160,
        117220142,
        122235229,
        125910450,
        129668031,
        133060057,
        136487720,
        139717930,
        143058333,
        147172742,
        150698755,
        154005956,
        157635684,
        161321550,
        166537877,
        170343856,
        174407808,
        177498653,
        180854274,
        184167242,
        188049733,
        191685553,
        197427357
    ]
}