{
    "name": "tcp_11",
    "flow_rate_mbps": [
        0.24222402582923808,
        0.20208239091355054,
        0.5256526182426218,
        0.40450699263951284,
        0.4001650219392187,
        0.19685820672171536,
        0.45121531635231954,
        0.39833208834171097,
        0.5070886816550484,
        0.6707902443766632,
        0.7410098611653344,
        0.44870321666704854,
        0.385616781051459,
        0.3810407143132812,
        0.3164419858895771,
        0.3486740730738985,
        0.561181125439625,
        0.3633738606910664,
        0.6605719940395713,
        0.4309852019819461,
        0.3654602416643089,
        0.36523658115029395,
        0.47902712634624167,
        0.5531241294268309,
        0.20200504646664996,
        0.34426537552813624,
        0.3813926610806126,
        0.3027044235144306,
        0.409631766982247,
        0.4446855357868183,
        0.5453106932018745,
        0.20516930859219917,
        0.5262982951811972,
        0.37982134938158624,
        0.6564062387971482,
        0.9517552595358351,
        0.583514822467019,
        0.4858960508942505,
        0.32163263522445457,
        0.4636025783694123,
        0.20060421116209803,
        0.3901484260316425,
        0.4556997853587968,
        0.768443349206339,
        0.39312514050136455,
        0.2719238134781389,
        0.48856372296346434,
        1.141587322184555,
        0.5978173538375928,
        0.2643423829039437,
        0.19851735769756018,
        0.5442403312043606,
        0.31824993150401865,
        0.3931543203856085,
        0.15502785551761047,
        0.31479549133331614,
        0.16763061204462615
    ],
    "time_stamp_us": [
        3269996,
        8876046,
        15158632,
        17468903,
        20580246,
        23614994,
        30120387,
        32811785,
        36082222,
        38324670,
        40299654,
        41923600,
        44630066,
        47807936,
        50994997,
        54937331,
        58388577,
        60572257,
        64157325,
        65895455,
        69199884,
        73066570,
        76663581,
        79060439,
        81375724,
        86840934,
        90560855,
        93744975,
        97866223,
        100965592,
        103622031,
        105889509,
        112561852,
        114848312,
        118278135,
        119993658,
        121339214,
        123647433,
        126146733,
        129991119,
        132705858,
        138209232,
        141519972,
        144063752,
        145629723,
        148859229,
        153406385,
        155779054,
        156765470,
        159036933,
        163714503,
        169998689,
        172209771,
        176129709,
        179246653,
        187578575,
        191646740,
        198759522
    ]
}