{
    "name": "tcp_14",
    "flow_rate_mbps": [
        0.0903659622663612,
        0.05264752337526445,
        0.04947468771456118,
        0.054321012681447074,
        0.04092069083318456,
        0.042186539168801454,
        0.033734078294228996,
        0.05890828880219813
    ],
    "time_stamp_us": [
        4810584,
        17888517,
        37809682,
        60124123,
        80447750,
        109585088,
        137324742,
        168742230,
        187108406
    ]
}