{
    "name": "scps_tp_31",
    "flow_rate_mbps": [
        0.3401517938322147,
        0.25299755809318925,
        0.5030075835184991,
        0.32666026709836826,
        0.2944081511910712,
        0.5857583258978458,
        0.2513358351214688,
        0.5265485201499606,
        0.3014685859112024,
        0.5675826904906192,
        0.491278303130769,
        0.2283973319642275,
        0.32153857754994375,
        0.38470177949677253,
        0.2521581248292218,
        0.42067647021126314,
        0.33521457113492625,
        0.5709174260636216,
        0.3110967645608431,
        0.33678568239313067,
        0.6299015227648824,
        0.543012843391593,
        0.30119058227338064,
        0.425421760975895,
        0.19280854402653863,
        0.36481527321491664,
        0.5216821617002059,
        0.3490127552769044,
        0.20335112538402816,
        0.30403422602495495
    ],
    "time_stamp_us": [
        3875668,
        10821273,
        17715885,
        24058851,
        29939456,
        36801766,
        42663296,
        49427791,
        55843610,
        61153616,
        67008340,
        74334208,
        84098245,
        91033898,
        96371643,
        102326002,
        108099560,
        113961835,
        119685675,
        124440980,
        129849761,
        135020093,
        140651783,
        146846399,
        153463832,
        162052663,
        168710279,
        174635726,
        181215199,
        190878878,
        196470880
    ]
}