{
    "name": "tcp_1",
    "flow_rate_mbps": [
        0.12583582072810076,
        0.10494376208077758,
        0.09793848813701662,
        0.13518667098961598,
        0.11600212950769147,
        0.07513930082676398,
        0.19262566032660075,
        0.13739839990078528,
        0.08038026996217579,
        0.10730823329957213,
        0.09427093153702837,
        0.10807725071768451,
        0.23228076447117307,
        0.049605738808841185
    ],
    "time_stamp_us": [
        21235549,
        32289953,
        44282662,
        56456834,
        65521633,
        76085577,
        91365996,
        97670452,
        106830384,
        121801222,
        133529679,
        146528808,
        158275961,
        163456588,
        191053395
    ]
}