{
    "name": "tcp_29",
    "flow_rate_mbps": [
        0.46094926595159075,
        0.566489502586831,
        0.5248508523859191,
        0.43568259254213826,
        0.26065646771084333,
        0.2727574476038658,
        0.2585244820359214,
        0.2882040350093025,
        0.1815240232255473,
        0.5076405969605118,
        0.1729278894200769,
        0.1844616335713551,
        0.2635816180646806,
        0.6203361774182526,
        0.31593679536245906,
        0.6374311931815763,
        0.29150134761535706,
        0.30081489492243324,
        0.4895151545413692,
        0.31872690706943335,
        0.4114068511910862,
        0.21532006448477645,
        0.2748415307866048,
        0.4926417414654569,
        0.136241132749138,
        0.21386473929636624,
        0.7170115857699371,
        0.3401968268950488,
        0.12873917431622375,
        0.38989033371196535,
        0.2938006466807712,
        0.2828191499667401,
        0.4533181862280769,
        0.5461615332099854,
        0.6262969977272623,
        0.4419584435376554,
        0.3411196733764464,
        0.2546748675762956,
        0.18074664186385683,
        0.4408073339548348,
        0.45909367257472544,
        0.3332934077650649,
        0.19373070332999479,
        0.5600906543531627,
        0.23853823309814015,
        0.6267424888829848,
        0.5560254323976512,
        0.5092755969803279,
        0.40895025754184056,
        0.5767911409837658
    ],
    "time_stamp_us": [
        1881417,
        3752547,
        4205611,
        5335029,
        7970342,
        13137603,
        17792288,
        22660531,
        27372193,
        34123035,
        36558774,
        43645196,
        50168829,
        54734246,
        56709691,
        60413723,
        62526704,
        66503358,
        70760594,
        73263969,
        77143403,
        80148895,
        85686326,
        90225378,
        92511177,
        102073047,
        107699781,
        109362683,
        112964833,
        123255407,
        126370129,
        130729003,
        135374233,
        137858316,
        140081834,
        142056105,
        144953753,
        148772706,
        153671187,
        160451064,
        163256099,
        165660837,
        169735085,
        175775635,
        178062122,
        183060566,
        184822055,
        187125259,
        189293044,
        192424574,
        194606577
    ]
}