{
    "name": "tcp_21",
    "flow_rate_mbps": [
        0.2837121577157647,
        0.16910263268136796,
        0.2647644273430027,
        0.2306110618253246,
        0.2723712889561752,
        0.5089978275382578,
        0.2796149632826579,
        0.4023421802320379,
        0.25776256376426404,
        0.2230831933471553,
        0.5543281783490661,
        0.39172003976298103,
        0.31093714103946135,
        0.29192750099160153,
        0.4049903096056643,
        0.24553376807694935,
        0.4679770589506971,
        0.2963701947510666,
        0.36741673997027957,
        0.24930525991683536,
        0.17199066166383956,
        0.14676225883435812,
        0.29652214677139976,
        0.38330375742612455,
        0.31261641672628765,
        0.4040884026859601,
        0.24969932082002538,
        0.1960819766799032,
        0.2754544206030186,
        0.23303443617502526,
        0.2834972590940053,
        0.18336799699864864,
        0.26619329680369996,
        0.2997059344171154,
        0.2418116288098731,
        0.32570794493413496,
        0.18059944191029834,
        0.22177847033379378,
        0.255495523319148,
        0.2014953504582854,
        0.34203597708037414,
        0.3822999705812711
    ],
    "time_stamp_us": [
        6177120,
        10535340,
        17259777,
        22138378,
        27739497,
        32076518,
        34245486,
        38943947,
        42017152,
        46899785,
        52145541,
        54137141,
        57575515,
        61197083,
        65546108,
        68626478,
        73707327,
        76066417,
        80424750,
        83699941,
        88792493,
        95917531,
        104417809,
        108438824,
        111549464,
        115398782,
        118513348,
        123288371,
        129538002,
        134147113,
        139310985,
        143750393,
        150613968,
        154885751,
        159342920,
        163999768,
        168101111,
        174641995,
        180067950,
        184950697,
        190648893,
        194231674,
        197437115
    ]
}