{
    "name": "tcp_21",
    "flow_rate_mbps": [
        0.11039042339489354,
        0.1425760134559461,
        0.17136033734339376,
        0.28002943260604235,
        0.10121866604226165,
        0.12863212761652548,
        0.17718669351165317,
        0.37170249868227656,
        0.17587925482987526,
        0.13153120934327428,
        0.13238945429453824,
        0.1334145306688983,
        0.26291204447454875,
        0.08439476072715213,
        0.12909017798620104,
        0.051155753979746206,
        0.23125319797492325,
        0.12356650297050101,
        0.20750913508545335,
        0.14416330763293064,
        0.2758170451280575
    ],
    "time_stamp_us": [
        6357848,
        18058863,
        26421560,
        33830509,
        38167196,
        50710337,
        60580344,
        67122596,
        70567932,
        77284358,
        86936820,
        97110440,
        106378396,
        111501326,
        125105962,
        134342296,
        154196954,
        159782520,
        169878460,
        175677530,
        184560789,
        189444026
    ]
}