{
    "name": "tcp_14",
    "flow_rate_mbps": [
        0.0887237543824888,
        0.08862555465302002,
        0.09245636395677173,
        0.14797882393334766,
        0.16692536543771155,
        0.08677697679411647,
        0.1269760411141395,
        0.0904450755695021,
        0.17304394897577038,
        0.1558652561802198,
        0.0691410998759522,
        0.08030153399563042,
        0.1270256551641124,
        0.05738994637294911,
        0.09267487373197514,
        0.10513132145682495
    ],
    "time_stamp_us": [
        10523641,
        24211069,
        37664525,
        48888847,
        56647795,
        64187452,
        77927502,
        87491511,
        99575751,
        106721219,
        113804260,
        129452261,
        145125187,
        154163991,
        173593178,
        186339675,
        196210758
    ]
}