{
    "name": "scps_tp_38",
    "flow_rate_mbps": [
        0.270571200192043,
        0.6984864979904557,
        1.3311266674204965,
        0.8516767288000534,
        0.3959749452499712,
        0.5082773163808616,
        0.0,
        1.6218873425660674,
        0.5553609761854884,
        0.6929537968918568,
        0.7649010028999851,
        0.6152531510361035,
        0.5347051621952505,
        0.34176206061737957,
        0.5330119510339106,
        0.2547437123627806,
        0.5397122116229974,
        0.5735453634266302,
        0.4172580187340335,
        1.0693659484281173,
        0.7331310682607591,
        0.4541038982753422,
        0.29773908874338884,
        0.6830632161227534,
        1.1986012054061521,
        0.6140400144610872,
        0.43787431511312314,
        0.394843101130143,
        0.7070708508333844,
        1.644912619503365,
        0.7686720289225728,
        0.5537291217250163,
        0.6555164983702025,
        1.0166548267424422,
        0.5651524194988912,
        0.4933561275516259,
        0.5429153258990969,
        0.3254584825175642,
        0.2763247347684102,
        0.18674887469954987,
        0.2598344001122711,
        0.25192353866220785,
        0.38203024181013107,
        0.7725617934470206,
        1.314362379140493,
        0.4730387091245457,
        0.590812775729516,
        0.9296851973659769,
        0.77135004692318,
        0.45086293337010885,
        0.4453961621639381,
        0.7314501611875363,
        0.4371187910788719,
        1.2427255578744583,
        0.7546723175946487,
        0.2487867766516084,
        0.9598307625013313,
        0.6995135227011006,
        0.4654326197749497,
        0.6960642990797371,
        2.2769253371229348,
        0.7356212928866033,
        0.5064219077278489,
        0.5315177965490838,
        0.7516560531436121,
        0.5719235215104647,
        0.5607660035858102,
        0.5762062336174957,
        0.6517604589664048
    ],
    "time_stamp_us": [
        1781983,
        3348299,
        4569969,
        4861812,
        5297273,
        5930606,
        8517918,
        8628318,
        8982276,
        11278397,
        14671870,
        16110498,
        20417018,
        20910374,
        23501908,
        28452191,
        32309244,
        36093483,
        39442756,
        43332148,
        46955828,
        51006618,
        54750607,
        58755187,
        61745247,
        65871657,
        69539431,
        72892722,
        77086793,
        80599878,
        84063065,
        87883472,
        92189982,
        95625685,
        96081769,
        97918017,
        101945939,
        105321493,
        108917159,
        109830606,
        110663939,
        111319495,
        113630990,
        117185473,
        121386768,
        123478246,
        123875000,
        126038352,
        128864599,
        129341975,
        130734203,
        134873619,
        139582730,
        143901556,
        147090804,
        151230773,
        155047053,
        158371139,
        161354012,
        166003106,
        170285469,
        170993371,
        172378040,
        176956041,
        180632456,
        183834346,
        187347543,
        191383451,
        195445330,
        199137975
    ]
}