{
    "name": "tcp_1",
    "flow_rate_mbps": [
        0.10436987966866272,
        0.06221409773896744,
        0.139115878453952,
        0.10905041192931049,
        0.1073100130091849,
        0.17452919734617606,
        0.16205653521442812,
        0.11121640787408714,
        0.1795440897427714,
        0.09250047252185069,
        0.15348985154123934,
        0.25637222017694056,
        0.061353363964309834,
        0.07408149170557769,
        0.11014667266620162,
        0.107424451114135
    ],
    "time_stamp_us": [
        5289522,
        16290397,
        37584606,
        46234661,
        57370795,
        68790419,
        76381126,
        84215429,
        95333213,
        102711902,
        117033991,
        124730135,
        129725372,
        148979084,
        164477692,
        175502991,
        186704910
    ]
}