{
    "name": "tcp_20",
    "flow_rate_mbps": [
        0.09153598814505055,
        0.04520126791343109,
        0.02758520436155172,
        0.0593969532999747,
        0.07219954563022596,
        0.08519773820290247,
        0.06768494034398201,
        0.04538256977457453
    ],
    "time_stamp_us": [
        10166831,
        23795569,
        50662072,
        91083741,
        111343366,
        128316326,
        141922321,
        161658469,
        186958050
    ]
}