{
    "name": "scps_tp_42",
    "flow_rate_mbps": [
        0.2935403623545819,
        1.2687793232107194,
        0.6643572953479091,
        0.38813912377054827,
        0.35682986835299113,
        0.5860723244824239,
        0.3092595146985684,
        0.6450985875350821,
        0.1651079277525836,
        0.8177107284132377,
        0.3033051924840084,
        0.27859487123748583,
        0.9083903599937667,
        1.1294815890265073,
        0.5003603869664189,
        0.2831591895969776,
        0.3374578610525722,
        0.41436305836916854,
        0.6587723801929147,
        0.6675770098925368,
        0.7350994425311302,
        0.39500669154490187,
        0.6568928605024467,
        0.8316089784725598,
        0.6070281665650155,
        0.31784904002732495,
        0.866369572876194
    ],
    "time_stamp_us": [
        1667334,
        7615872,
        11766381,
        16685180,
        25161316,
        33298303,
        39966695,
        47963086,
        54671642,
        68847097,
        76421218,
        86103347,
        96683872,
        101605985,
        106620250,
        112092146,
        121995268,
        131351814,
        138945155,
        146268595,
        152916637,
        158984061,
        166865649,
        172159663,
        177018485,
        182729192,
        191898828,
        196690132
    ]
}