{
    "name": "tcp_8",
    "flow_rate_mbps": [
        0.03558934901021432,
        0.3867464803534388,
        0.17633352165248786,
        0.039232837117344245,
        0.20492677457607317,
        0.20833858694426885,
        0.1245503091711778,
        0.10592904650312233,
        0.2679187082204336,
        0.22292429094236046,
        0.08490732523148686,
        0.28478543283530755,
        0.39847762123560226,
        0.2581862764873336,
        0.5220766993609461,
        0.11114617345827266,
        0.17687789320747976,
        0.2570614931060654,
        0.15266057800587862,
        0.1423239321464411
    ],
    "time_stamp_us": [
        13636386,
        44967108,
        48192787,
        56457126,
        85441010,
        91474775,
        97462720,
        107124358,
        117754870,
        122740860,
        128337020,
        142769697,
        146956428,
        150004027,
        155135206,
        157461301,
        169579397,
        176882062,
        181863905,
        189963442,
        198806368
    ]
}