{
    "name": "tcp_27",
    "flow_rate_mbps": [
        0.1723676116077342,
        0.1443934299883479,
        0.18163443523364686,
        0.13064770347151888,
        0.12746114701297273,
        0.11067203405122333,
        0.3077185769113182,
        0.17408046998122745,
        0.2330005378953859,
        0.20379198566512766,
        0.1650742618356189,
        0.1988143415818525,
        0.1649205342139367,
        0.15533829710615926,
        0.0825882102337565,
        0.16552956647396297,
        0.11088803169988888,
        0.22456112786976773,
        0.13169221715696702,
        0.14449937069940283,
        0.11041651529074863,
        0.1530059514403501,
        0.27613669956873044
    ],
    "time_stamp_us": [
        10678558,
        18492555,
        27896861,
        34886725,
        43421433,
        53468730,
        63543904,
        68100275,
        75203197,
        80462584,
        86638293,
        93727466,
        100335440,
        108435341,
        116466329,
        132240009,
        140176718,
        150829626,
        156532483,
        165586321,
        174219715,
        185917965,
        193638449,
        198276152
    ]
}