{
    "name": "tcp_27",
    "flow_rate_mbps": [
        0.10138047053591813,
        0.03741540577030578,
        0.07188288763481834,
        0.07222189916845963,
        0.13088373738635814,
        0.0833077255841896,
        0.06195334070032004,
        0.06172327214999961,
        0.0784244495451721
    ],
    "time_stamp_us": [
        4304267,
        16065112,
        47342068,
        63161132,
        79670252,
        89370464,
        105140430,
        126880662,
        146376712,
        160594727
    ]
}