{
    "name": "tcp_34",
    "flow_rate_mbps": [
        0.7553126580176401,
        0.4426681544732555,
        1.1058928541083266,
        0.42318611420562763,
        0.4971311264989306,
        0.5769637037073125,
        0.22793102844831706,
        0.5107480547873419,
        0.5990539237904332,
        0.4910089971906983,
        0.3484049539293481,
        0.575024412363445,
        0.5594694162329747,
        0.7637607619315634,
        0.5242284291521546,
        0.6858267773523727,
        0.5792840302683621,
        0.2655042984266902,
        0.2093711765958602,
        0.48502789220945913,
        0.5398613869411909,
        1.2348952661690151,
        0.641609210308283,
        0.6718181071616995,
        0.28020244806029937,
        0.7227939521656402,
        0.16483784972391288,
        0.39869020781413883,
        0.2717005595400427,
        0.3391483300462039,
        0.48327457349953057,
        0.287047973554821,
        0.23566067977889957,
        0.5132644842538829,
        0.7750721746281075,
        0.7159173258153367,
        0.5378705542855001,
        0.2814903355292528,
        0.16521521945097523,
        0.6691651332394788,
        0.6818318283114152,
        1.212538999087417,
        0.3797735450352982,
        0.5843625548217977,
        0.3682886940610003,
        0.28221111091944934,
        0.2751915622423762,
        0.17420215058539298,
        0.32682914531837925,
        0.3114271071294569,
        0.222728944963694,
        0.33448312794452706,
        0.2831817089692328,
        0.7311679139790802,
        0.3083173980156424,
        0.2733499960384059,
        0.6417282444865501,
        0.286436042911091,
        0.18833414962654585
    ],
    "time_stamp_us": [
        5146835,
        6754646,
        9672588,
        10790671,
        13712506,
        16088700,
        18346589,
        23432338,
        25874873,
        28067931,
        30653627,
        33885728,
        36170431,
        38380525,
        40086190,
        42508035,
        44166063,
        46395850,
        50928206,
        56675702,
        59316045,
        61585961,
        62497844,
        64579859,
        66272460,
        70961070,
        72671765,
        80775729,
        83904775,
        88902630,
        92450812,
        95077890,
        99577765,
        104918325,
        107305866,
        108943907,
        110794400,
        112929040,
        117478539,
        125229883,
        126978689,
        128727390,
        129847288,
        133103123,
        135086823,
        138743954,
        143555671,
        147968597,
        154813059,
        159136786,
        163142603,
        169041073,
        172803774,
        177053201,
        178668808,
        183144715,
        187587371,
        189548575,
        193672637,
        199944893
    ]
}