{
    "name": "tcp_6",
    "flow_rate_mbps": [
        0.12637509813330958,
        0.2069497814521155,
        0.04064109483150963,
        0.14285430724982592,
        0.1375382851423558,
        0.20239232819640907,
        0.11099772273693842,
        0.15442126635050285,
        0.29158715590272505,
        0.11086891391200673,
        0.3948024634560294,
        0.32477673518033473,
        0.6565236359861885,
        0.3557622800551974,
        0.09078363909882506,
        0.24040425203838656,
        0.1315062546316767,
        0.28973502882593727,
        0.09784163480609809,
        0.4476045947220943,
        0.21870495996074096,
        0.06225570505560003
    ],
    "time_stamp_us": [
        5113076,
        15159359,
        20974103,
        51126834,
        59086832,
        68558522,
        74722392,
        85862080,
        94226731,
        98618694,
        111165403,
        114269335,
        118178482,
        120028225,
        123689996,
        138161326,
        143258740,
        152325381,
        156669212,
        168516929,
        171156044,
        176910646,
        196417292
    ]
}