{
    "name": "scps_tp_19",
    "flow_rate_mbps": [
        0.6659026479281018,
        2.055504411597381,
        0.8607131374463439,
        0.6398926093273043,
        1.3640168484085955,
        1.8763988765714472,
        0.5402959156123062,
        0.7899381469526642,
        0.5272148090077456,
        0.7949948387327045,
        1.2369768331126845,
        0.7230265416371104,
        1.2609996778180483,
        0.6318084532474871,
        0.6601427555694017,
        1.2038411219302827,
        1.4860118374483495,
        1.2759995282462555,
        0.4403894987941381,
        1.0175078669895254,
        1.1903622598268315,
        1.2853531703572094,
        0.7680308938780147,
        1.5771250154233982,
        1.250739611305812,
        0.9363670351473259,
        1.1490934650734028,
        0.46763072764785973,
        0.3178900376218433,
        0.8103521569827747,
        0.7408353099326264,
        0.5008206434488177,
        0.39881300888464905,
        0.8459252944133048,
        0.506415952714124,
        1.6326843024330184,
        0.7145263510137266,
        0.523430318629111,
        0.5839427497889162,
        0.47228710309580973,
        0.40056965068076883,
        0.41127598862629317,
        0.6953938775104263,
        0.7703771524929148,
        1.3534162958044147,
        0.5311103022999455,
        0.5032888578659623,
        0.6004440337530593,
        0.9086333652350598,
        0.2966834919236568,
        0.7218973186224401,
        0.5393184786912704
    ],
    "time_stamp_us": [
        2423319,
        2638846,
        3218908,
        6605997,
        10056576,
        13941572,
        17777686,
        21414804,
        25062482,
        28685142,
        31879125,
        35511594,
        40122877,
        43931284,
        48928748,
        52908978,
        57356741,
        60261590,
        63653190,
        67914872,
        72092137,
        76200735,
        80220424,
        84446504,
        88247547,
        92290211,
        96133832,
        99986469,
        103480508,
        107022865,
        110551405,
        114679286,
        118470823,
        122069502,
        125684573,
        129608620,
        133266792,
        136805024,
        140938984,
        144512211,
        148065304,
        151923809,
        156111362,
        160032708,
        164890796,
        168806221,
        173400069,
        178752383,
        182448048,
        186141683,
        190234934,
        194776965,
        198072680
    ]
}