{
    "time_stamp (ns)": [
        0.0,
        5000000000.0,
        10000000000.0,
        15000000000.0,
        20000000000.0,
        25000000000.0,
        30000000000.0,
        35000000000.0,
        40000000000.0,
        45000000000.0,
        50000000000.0,
        55000000000.0,
        60000000000.0,
        65000000000.0,
        70000000000.0,
        75000000000.0,
        80000000000.0,
        85000000000.0,
        90000000000.0,
        95000000000.0,
        100000000000.0,
        105000000000.0,
        110000000000.0,
        115000000000.0,
        120000000000.0,
        125000000000.0,
        130000000000.0,
        135000000000.0,
        140000000000.0,
        145000000000.0,
        150000000000.0,
        155000000000.0,
        160000000000.0,
        165000000000.0,
        170000000000.0,
        175000000000.0,
        180000000000.0,
        185000000000.0,
        190000000000.0,
        195000000000.0
    ],
    "max_utilization_details": [
        {
            "constellation_name": "Test1",
            "maximum_link_utilization (MLU)": [
                0.0072388192,
                0.0082548512,
                0.0117359136,
                0.0094180304,
                0.006809488,
                0.007507488,
                0.0088397104,
                0.0099170112,
                0.0092570576,
                0.0089339376,
                0.009658304,
                0.0102591072,
                0.0083808416,
                0.0102051104,
                0.009701496,
                0.0087565024,
                0.0089948864,
                0.0096472928,
                0.0086011472,
                0.0114997184,
                0.0074904976,
                0.0071384384,
                0.0088121712,
                0.0128753888,
                0.0156457232,
                0.0106670656,
                0.0094976608,
                0.0087754336,
                0.0095731296,
                0.0093851408,
                0.0080967776,
                0.0063213312,
                0.0067299824,
                0.0079201584,
                0.0085980704,
                0.0120594032,
                0.0117970496,
                0.009366208000000001,
                0.0105311328,
                0.0099176512
            ]
        }
    ]
}