{
    "name": "tcp_9",
    "flow_rate_mbps": [
        0.647415711839321,
        0.4500236935028848,
        0.589357017940546,
        0.8700473696209585,
        0.5199321494213113,
        0.8037237080624529,
        0.38206599563752813,
        0.2753345664138081,
        0.44469492198048954,
        0.3817413941539446,
        0.5242775697901154,
        0.6213569138593642,
        0.26061103377047046,
        0.630326744019192,
        0.38804699730966247,
        1.1781797533578788,
        0.359515693972035,
        0.4826322184624963,
        1.1043578119310657,
        1.2497658291950635,
        0.29775460343408344,
        0.4261466016984769,
        0.28080785029666816,
        0.7575727212608236,
        0.9831611473909986,
        0.9565313094934235,
        0.7206963708068036,
        0.38632618281488174,
        0.4969593153948148,
        0.9978244895413715,
        1.526513492959694,
        0.920668045716099,
        0.6112687291791203,
        0.6536992628119728,
        0.4769722630260088,
        1.1450085906954355,
        0.46022411955822234,
        0.3941484990372176,
        0.7270742358078602,
        0.5565667768691526,
        0.35917468594672036,
        0.5141618915602765,
        0.6778638269897402,
        0.4815666670760469,
        0.7727040937860066,
        0.3729171114729754,
        0.521421103409857,
        0.6429070580013977,
        0.503478892565986,
        0.9061369923860931,
        0.8725608804922437,
        0.6266606056678539,
        0.5343736598588248,
        0.5418758758500607,
        0.4534525133711211,
        0.6180099701837295,
        0.24990814761157673,
        0.3157857100291997,
        0.41003274510271603,
        0.5485803449524923,
        0.3424761706159341,
        0.3107300066438981,
        0.2928563453293344,
        0.33863453653998826,
        0.8695987928416871,
        0.7493904119817468,
        0.44318423591531864,
        0.6469749525756813,
        0.6831747336735725,
        0.7621104060061346,
        0.6771176087378142,
        0.8474670237582468,
        0.5484532525346317,
        0.48779454670936595,
        0.2767198356778092,
        0.31393882446032484,
        0.5607684778722681,
        0.7908407306420177,
        1.0395277070589886,
        0.588201602902647
    ],
    "time_stamp_us": [
        3235418,
        5094131,
        8037976,
        9986133,
        11407297,
        13806687,
        15317654,
        19449715,
        23860349,
        26715340,
        29838711,
        32260329,
        34143691,
        38930595,
        40909759,
        44067727,
        45060988,
        49237273,
        51684851,
        52684527,
        53682730,
        58169109,
        61174272,
        65380992,
        67027725,
        68218008,
        69499137,
        71245448,
        74303175,
        76791266,
        77897673,
        78635354,
        80110283,
        82060849,
        83918584,
        86441498,
        87463534,
        90534038,
        93531081,
        95216521,
        97477813,
        100951109,
        103313011,
        105202240,
        107563533,
        109263744,
        112401814,
        114879044,
        116785136,
        119262936,
        120505662,
        121948037,
        124062100,
        126272688,
        128676781,
        131379247,
        133415719,
        138010047,
        142205297,
        145140087,
        147293427,
        151935385,
        155985718,
        160132461,
        163718628,
        165013570,
        166707747,
        169697023,
        171403426,
        173213329,
        174821285,
        176631074,
        178037996,
        180252223,
        182990753,
        187538891,
        191582991,
        193630467,
        195166048,
        196291790,
        198544079
    ]
}