{
    "name": "tcp_5",
    "flow_rate_mbps": [
        0.5594964683348433,
        0.44866614058417764,
        0.18539178178207408,
        0.5654938444096154,
        0.3464785172913031,
        0.1889089806073283,
        0.3330400767001389,
        0.21219067761243487,
        0.17023233337715987,
        0.5279590705274727,
        0.2169849826745185,
        0.1614811295039617,
        0.32626945132396534,
        0.13494149428102484,
        0.7676218245152496,
        0.25299275529786813,
        0.14277363298685708,
        0.2584415218676955,
        0.2937087876794935,
        0.11607320174512387,
        0.37880395820257595,
        0.1262371303674654,
        0.5117913455678887,
        0.19937967064567785,
        0.16956183519304707,
        0.23331013168074555,
        0.1286842645895348,
        0.3949839895529597,
        0.16317931964629345,
        0.10010131666326504,
        0.21540754145900073,
        0.20762090508279205,
        0.2708049191711831
    ],
    "time_stamp_us": [
        8876491,
        10987818,
        13817539,
        20665739,
        22852288,
        26484721,
        32796332,
        36442740,
        42061837,
        49325322,
        51792786,
        57033333,
        64348615,
        68104529,
        76858545,
        78613159,
        83238746,
        91280567,
        96962007,
        101134303,
        112262453,
        115555766,
        125263211,
        127636053,
        134114547,
        141341645,
        146546734,
        155469037,
        158543592,
        167000546,
        178470525,
        184210714,
        190378879,
        194985590
    ]
}