{
    "name": "scps_tp_18",
    "flow_rate_mbps": [
        0.8255205095259806,
        0.44028922879346266,
        0.7917190053199028,
        0.4525506611753585,
        1.2265882083087047,
        0.4937077116055414,
        0.9488512341876171,
        0.7205078678647004,
        0.6162328658078363,
        0.8396373740036912,
        0.6117985968993984,
        0.7463514603708964,
        0.5851763350839343,
        0.4004675097293998,
        0.5727477226130209,
        0.9055033476652559,
        0.621598157271706,
        0.6196029555773168,
        0.5993255958444588,
        0.6483285408589777,
        0.4846737310252893,
        0.6915927023800034,
        0.5174390397297443,
        0.45959535626242104,
        0.4895833799326285,
        0.6487857015685522,
        0.5490742188055079,
        0.6283896805406117,
        0.8708153663092169,
        1.203443473962795,
        0.30147671363757156,
        0.6757929591613517,
        0.5270557681336546,
        0.4938089988937009,
        0.35611815998705104,
        0.46253910105334184,
        0.39915464626599634,
        0.32795194828740215,
        0.5173979092667013,
        1.0732294724166478,
        0.5677706845539902,
        0.4984241002712014
    ],
    "time_stamp_us": [
        4679905,
        4897048,
        9737230,
        13251204,
        18227796,
        21855028,
        26394394,
        30966997,
        35517787,
        39154594,
        43888066,
        48218903,
        52878370,
        57066646,
        62442363,
        66779351,
        72021960,
        76764059,
        81414521,
        85098662,
        89951757,
        94074613,
        98879522,
        105557642,
        109977530,
        115118881,
        120291868,
        125358724,
        130436083,
        134746526,
        139553532,
        145412691,
        149627473,
        154235714,
        158259942,
        163468101,
        168480434,
        173182371,
        177423968,
        182416953,
        186881385,
        192053614,
        195819082
    ]
}