{
    "name": "scps_tp_17",
    "flow_rate_mbps": [
        0.587072,
        0.43347717401929986,
        0.43125180552050896,
        0.6923023301359752,
        1.235487836857574,
        0.651595865939011,
        0.8483306900692653,
        0.4967337295812851,
        0.6275604625045474,
        0.740953085140805,
        0.33491374590055273,
        1.7163455274548691,
        0.7326079622981606,
        0.43109313130084803,
        0.4802037532950073,
        0.8844659815779559,
        0.8575781143757346,
        0.427747267228807,
        0.47738014625066777,
        0.4420863164398834,
        0.27682599977688976,
        1.135211642451883,
        0.5913650357376232,
        1.5454345967296474,
        1.2006626461779515,
        0.3981854727291962,
        0.46174545454545457,
        0.43296083974231925,
        0.34648210980413335,
        0.3130196510362798,
        0.5888879799504712,
        0.5849297332035421,
        0.7425477592356627,
        0.8645812693779249,
        0.7733974834164702,
        0.868628414774426,
        0.8487038555954151,
        0.6638074959996183,
        0.8061154146645356,
        0.6647126152446237,
        1.1779481547265591,
        0.5634224541055831,
        0.9920506294990002,
        1.972276345821967,
        0.6893686311335052,
        0.9739697600711275,
        0.9492439226200966,
        0.6157358900972445,
        1.8406600346588928,
        0.5733089466816,
        0.3796067297348254,
        0.40198673039099836,
        0.6892624975689688,
        0.49454934730484607,
        0.5159162795988943,
        0.5700694600031958,
        1.39027720357561,
        0.21313638374396554,
        0.7527188575402582,
        0.5236939160639497,
        0.5130192857857466,
        0.49810371321880414,
        0.6566961250849762,
        3.148942613435623,
        0.49239276531369414
    ],
    "time_stamp_us": [
        1700708,
        2200708,
        2988385,
        5560358,
        7367892,
        7955158,
        9336947,
        10323732,
        11981280,
        14004352,
        15521803,
        17256793,
        17878486,
        18275708,
        20397347,
        22305537,
        22767375,
        23421832,
        23934041,
        24521799,
        25117375,
        26865390,
        27196042,
        29571130,
        30099758,
        30467375,
        31100708,
        31650708,
        32321771,
        32988449,
        33584041,
        34121909,
        34545153,
        34967375,
        35325708,
        35743894,
        36138576,
        36481169,
        36942375,
        37334041,
        38591258,
        38971852,
        40080647,
        41327035,
        41901851,
        43567375,
        45234244,
        47169165,
        48926282,
        49322140,
        50100708,
        50822044,
        51334041,
        51817375,
        53371776,
        54760637,
        58246528,
        58822206,
        60122031,
        60622425,
        62990037,
        64819208,
        68587098,
        72352858,
        72907622,
        73950708
    ]
}