{
    "name": "tcp_20",
    "flow_rate_mbps": [
        0.05144501437062931,
        0.02774394092200682,
        0.03894999886777445,
        0.031441309266201346
    ],
    "time_stamp_us": [
        19772753,
        43378539,
        83568936,
        111346087,
        151023824
    ]
}