{
    "name": "scps_tp_28",
    "flow_rate_mbps": [
        0.2670931183614311,
        0.908859947184257,
        0.8219216460015472,
        0.7726552242669168,
        1.0851550494358093,
        1.7281200491459936,
        1.439949650429481,
        1.4933672152425306,
        1.480173615995936,
        1.5535857915688476,
        1.1146656160210298,
        0.877478733256318,
        0.9997776001560411,
        1.6304258609698101,
        0.8943597153088335,
        1.079045143543557,
        1.0054347996761603,
        1.217925513760614,
        0.8085738462823545,
        1.0519110135408423,
        0.5705037651691268,
        0.6409059442395015,
        0.6164810291118531,
        1.332419964889184,
        0.7252565963267309,
        1.0727162227210152,
        0.883706876808599,
        0.6459232561081163,
        0.6143812139097254,
        1.1930880388039926,
        0.9192849200634942,
        0.6978850028655718,
        0.8562356809833972,
        0.9009565668518399,
        0.8410578613484034,
        0.7716868630566883,
        0.5988476522170562,
        1.071162963764323,
        0.785565761016831,
        1.1396489634020452,
        1.5586271744240716,
        1.1354138320466998,
        0.41526205390365517,
        1.085015228934463,
        0.713038646506006,
        0.9982731990791973
    ],
    "time_stamp_us": [
        10093972,
        14599367,
        17563256,
        21418222,
        26533466,
        31009877,
        34440472,
        38434945,
        41576838,
        44754195,
        48428070,
        52885012,
        57074652,
        60950554,
        64349715,
        68546684,
        72250403,
        77026844,
        80797715,
        85753997,
        89910090,
        94225434,
        99031381,
        104385901,
        108271883,
        112868987,
        116666599,
        120714276,
        124935954,
        128116520,
        131679040,
        135485999,
        140263405,
        145111416,
        149571742,
        153352124,
        157229137,
        162759759,
        166882381,
        171056290,
        175212096,
        178881171,
        182478802,
        188035197,
        191352238,
        195253962,
        199478537
    ]
}