{
    "name": "scps_tp_15",
    "flow_rate_mbps": [
        0.8183411854935905,
        1.0714514862218878,
        0.550682022741142,
        0.29610818424845825,
        0.9209149659028156,
        1.02713269483311,
        1.5411455031904249,
        0.8267930555919244,
        0.8958848608934159,
        0.7618275979861199,
        1.7796521774468481,
        1.7174649680961434,
        0.42216737375130575,
        0.8421795315817324,
        0.7440096704947124,
        2.792973066061531,
        1.0806065668936808,
        1.6722447983424331,
        1.663897956614778,
        0.6317622085825139,
        1.49125639958343,
        0.4410203922904958,
        1.0416222581761128,
        1.94573243587185,
        0.5986923146370238,
        0.8167125402044012,
        1.0412056433625763,
        1.0057717067853633,
        0.7789235008200557,
        0.8969219005255117,
        1.4647238991760716,
        0.9415125629553159,
        1.1329907708013929,
        0.7427231449122537,
        0.7116596054930447,
        0.4425876972012766,
        0.6925224527398616,
        0.6106727556202687,
        0.9812236270805833,
        1.0020449205163307,
        0.9405103233145792,
        0.580742500881374,
        0.5948234508936951,
        0.6603041748384902,
        0.7552867012306015,
        1.5106083776255037,
        0.3661530280861947,
        0.4671230707297347,
        0.9265040260928935,
        0.7974119670134138,
        1.0520276853485075,
        1.4127381113754351,
        0.4626650055109101,
        0.6327574037344724,
        1.5840745745728086,
        1.3557008505527035,
        0.532226153864904,
        1.1171990037993784,
        1.3162029412452085,
        0.3953704053723353,
        1.0373576097294863,
        0.7249471451336587
    ],
    "time_stamp_us": [
        1667365,
        1886413,
        2699986,
        5867549,
        9036661,
        12129585,
        14934909,
        17571078,
        21389978,
        25456572,
        28369357,
        30583992,
        34177288,
        37969149,
        41075945,
        44607512,
        47232156,
        50480998,
        52824674,
        55803799,
        58774537,
        61861652,
        65165989,
        68600017,
        71300820,
        74601614,
        77291618,
        79921185,
        83642268,
        87157273,
        90234464,
        93053398,
        96184190,
        99545912,
        103470066,
        107069090,
        110411614,
        113615900,
        116526526,
        119406848,
        122359530,
        126244910,
        130008919,
        133461103,
        136821736,
        140256723,
        143867030,
        147545492,
        150854256,
        154285995,
        157885640,
        160970882,
        163870103,
        167210749,
        170700238,
        174101290,
        177342359,
        181034624,
        184335164,
        187715433,
        191233754,
        194192348,
        197603576
    ]
}