{
    "name": "tcp_23",
    "flow_rate_mbps": [
        0.11595619941716352,
        0.07523069976032697,
        0.03972140790759699,
        0.08432968783120313,
        0.0444353145014336,
        0.08540265147192447,
        0.06352325011678656,
        0.0804239080652086,
        0.06337442434665165,
        0.05673587561275967
    ],
    "time_stamp_us": [
        11394674,
        21867594,
        38450186,
        65965827,
        79580961,
        105916771,
        120524280,
        139989279,
        157011083,
        176347590,
        198141208
    ]
}