{
    "name": "tcp_15",
    "flow_rate_mbps": [
        0.996142174221764,
        1.055407259338183,
        0.3664695979014135,
        0.12733031936003583,
        0.13015155431367254,
        0.09258543571273523,
        0.2244820774795898,
        0.43430226215623857,
        0.18402927489506887,
        0.17544332397110488,
        0.18485917502939803,
        0.2594721500019374,
        0.12406846646803267,
        0.137082135895999,
        0.1893876469015939,
        0.2979694939499483,
        0.17810094257554168,
        0.30441883734533254,
        0.20931293912509105,
        0.1914343024665506,
        0.11662853501141364,
        0.5108672447442806,
        0.20141476635846212,
        0.16343291507500007,
        0.29610993260058144,
        0.18829026875646648,
        0.11073632056024971,
        0.1008229712877826,
        0.1341142919676793
    ],
    "time_stamp_us": [
        1667360,
        1888469,
        2949034,
        6473692,
        17051534,
        26042898,
        40351844,
        45761630,
        48786620,
        55505551,
        62742076,
        69311401,
        74034220,
        83911347,
        93092412,
        99912709,
        103988294,
        111364785,
        115281494,
        121927237,
        128732287,
        138008919,
        140580546,
        146938769,
        154707094,
        158845557,
        165471072,
        176238271,
        188392644,
        198188468
    ]
}