{
    "name": "tcp_35",
    "flow_rate_mbps": [
        0.3394722976488142,
        0.4465309777976801,
        0.5204631839476709,
        0.5342471483607022,
        0.2573074808017804,
        0.4135673097770054,
        0.3377328796690653,
        0.7353197785629713,
        0.33863700328207963,
        0.415069916830258,
        0.5133562390129778,
        0.3806675841193217,
        0.5845790200332723,
        1.3272698761172963,
        0.5151599117449208,
        1.0184407892916119,
        1.3508372141178637,
        0.6176559629933475,
        0.45930758753709405,
        0.6324165933624221,
        0.2689325521345529,
        0.4847426018170914,
        0.11761517941316112,
        0.5798349529565574,
        0.6902995867949699,
        0.2531130171104756,
        0.350143738478769,
        0.6503058414798661,
        0.3126921956430259,
        0.5705306233383928,
        0.21553048578221978,
        0.3632914319664821,
        0.5639017595724721,
        0.6011019364512286,
        0.4299638440105248,
        0.4824035145731967,
        0.5764868860379121,
        0.2774404202180594,
        0.6763466507767433,
        0.46542660439471806,
        0.16843953972403955,
        0.6162189316345401,
        0.41304644060827006,
        0.20431864550128676,
        0.3614350455461752,
        0.5145220754271084,
        0.7203826782008503,
        0.3870314213939294,
        0.48198533402766747,
        0.26647977623964886,
        0.30412575740311065,
        0.4957737937308115,
        0.38790489937022044,
        0.3380421951795334,
        0.5497953207637374,
        0.18244926570872846,
        0.5553119308384232,
        0.5171414619344387,
        0.5604178804694296,
        0.6125701805125767,
        0.259614545029789,
        0.43794030638307424
    ],
    "time_stamp_us": [
        3153615,
        6763453,
        9878668,
        12254398,
        14692820,
        19455371,
        22471857,
        26002221,
        27818900,
        31535446,
        34514414,
        37052067,
        40329257,
        42633274,
        43589824,
        46011441,
        47095451,
        48051658,
        49964179,
        52896593,
        54956501,
        59390029,
        61986376,
        72123843,
        74427671,
        76138928,
        80849551,
        84979969,
        86711585,
        90913033,
        93002877,
        98893459,
        102205841,
        104457297,
        106367389,
        109345872,
        111886152,
        114165059,
        118542215,
        120272452,
        123000272,
        130078895,
        132121286,
        135034663,
        141140420,
        144439270,
        146863889,
        148656936,
        151908765,
        154451249,
        159174159,
        163167244,
        165594480,
        168810526,
        172305001,
        174614224,
        181149301,
        183336180,
        185748518,
        187935172,
        189971706,
        195159705,
        197831850
    ]
}