{
    "name": "scps_tp_16",
    "flow_rate_mbps": [
        0.5527140162699977,
        0.4937306686236285,
        0.7396917342006925,
        0.6733254664637058,
        0.9855247617216469,
        0.8360599562179649,
        0.4503866620938389,
        0.6987645363587311,
        0.3745742970998896,
        0.3001809061257932,
        0.803887787750323,
        0.5952432374806197,
        0.28152790954644463,
        0.682389657725383,
        0.5545879590189876,
        1.0477850540628757,
        0.3209397118743403,
        0.6172711870486141,
        0.4110885444394966,
        0.5024152655952988,
        0.33030523840894666,
        0.21839619551689352,
        0.6374629239586249,
        0.5412332952604115,
        0.33721804873075295,
        0.6856388178344814
    ],
    "time_stamp_us": [
        33845017,
        39717421,
        46380811,
        53276224,
        59588773,
        64685753,
        71050464,
        76835360,
        83486871,
        90943656,
        97563664,
        103056968,
        109585526,
        115153997,
        121738622,
        127969410,
        132721377,
        139153987,
        144841471,
        150078299,
        156274926,
        165031917,
        172665017,
        178726546,
        184335957,
        191505680,
        197511641
    ]
}