{
    "name": "tcp_42",
    "flow_rate_mbps": [
        0.05336439558689793,
        0.08061358327925323,
        0.042021551746257366,
        0.054339352833402015,
        0.10690270930699498,
        0.07074384825621816,
        0.05934088697508464,
        0.07513749995436932,
        0.08606013973654816
    ],
    "time_stamp_us": [
        25760824,
        46862534,
        65487683,
        94912584,
        118073699,
        128607389,
        145305378,
        164653926,
        180816295,
        196466746
    ]
}