{
    "name": "tcp_12",
    "flow_rate_mbps": [
        0.21164423028469728,
        0.1186789190430415,
        0.07554912586052681,
        0.16324629451982633,
        0.1420067528046451,
        0.09510426544176287,
        0.06100983058965116,
        0.11888473768123312,
        0.10236072161424177,
        0.11699990494406569,
        0.14948152012660013,
        0.10046641655220614,
        0.16307342345217227,
        0.1096488945293113,
        0.11399530946473937,
        0.1972261339568867,
        0.14556238738970054,
        0.12096432499331276,
        0.11003587295707289
    ],
    "time_stamp_us": [
        7156085,
        12633201,
        21656539,
        37584718,
        45159040,
        53710746,
        66131640,
        84046130,
        94075340,
        105723558,
        114970745,
        123316392,
        134854576,
        142030730,
        152501971,
        162186580,
        168343979,
        175549137,
        185497194,
        196332933
    ]
}