{
    "name": "scps_tp_11",
    "flow_rate_mbps": [
        0.7025072402196227,
        0.3809406408684994,
        0.6166974805407254,
        0.6703677753249395,
        0.7472027406336431,
        0.6318315711743282,
        0.46162697298754585,
        1.000423349854414,
        0.8692561629430144,
        0.5761364317700286,
        0.39916621005812736,
        1.785988981550305,
        0.6632711462234576,
        0.680373901454786,
        0.9463258312282963,
        0.8555611957655354,
        0.5400147367876255,
        0.4165448357608092,
        0.49093879947911206,
        0.7619721114425713,
        0.5931933959502159,
        0.785841849871839,
        0.35783956244302645,
        0.4296748846704256,
        0.5196552421376566,
        0.4016266666666667,
        0.45966117647058824,
        0.526491321642237,
        0.9950924625023733,
        0.7109267390241834,
        0.5512590546752375,
        0.9724398339133824,
        0.47491996458006946,
        0.3382814111821746,
        0.5184444233015933,
        0.7293059575841833,
        0.8506046275430857,
        0.8526883649547128,
        0.6070687729965688,
        1.5449606961492979,
        0.7006678537031626,
        2.5446067415730336,
        0.8852860447862111,
        0.9297465634225563,
        1.7403542250581432,
        1.3952915133566666,
        0.7630298188133762,
        0.80734743166161,
        1.6116888324735352,
        0.7245313176714987,
        1.5254545154312322,
        0.4934880289718999,
        0.5108275037818955,
        0.3691875600620033,
        0.7068178435353168,
        0.5877484263469688,
        0.5044859046953988
    ],
    "time_stamp_us": [
        1543711,
        2160405,
        3588155,
        4146886,
        5321489,
        6879085,
        7496604,
        8216198,
        8950815,
        9879876,
        11264187,
        15366899,
        15954822,
        16613533,
        17150038,
        17676157,
        18217902,
        18952119,
        19790713,
        20839691,
        21377044,
        21838155,
        22352742,
        23054822,
        23729844,
        24338155,
        24938155,
        25788155,
        27033091,
        27691466,
        28681734,
        30091641,
        30538155,
        31712635,
        32488155,
        34821489,
        35741476,
        36214081,
        36777044,
        38130235,
        38446489,
        39647800,
        39932600,
        40479822,
        41615254,
        41933865,
        42268155,
        43348312,
        46014822,
        46346489,
        47958135,
        48321489,
        48992484,
        49710378,
        51054822,
        51706509,
        52332600,
        53254822
    ]
}