{
    "name": "scps_tp_5",
    "flow_rate_mbps": [
        0.5795041883537678,
        0.4557084337720944,
        0.5023092084687947,
        0.3166803166803167,
        0.6679352374362403,
        0.9875772840206509,
        0.8427604435581282,
        0.3496037952744524,
        0.7643790576499763,
        1.0407835599086663,
        0.6153635753450047,
        0.413835711953116,
        0.956371202134587,
        1.2812944134688968,
        0.9403769870147742,
        0.6948156148151553,
        0.6074442781180837,
        0.5618165618165618,
        0.8458969011723139,
        0.6970327349284217,
        0.6157736850103278,
        0.5610347475688782,
        0.6159728092543941,
        0.7536755173572766,
        0.7080852085105653,
        0.35705142857142863,
        0.38036380981809503,
        0.6321481422229334,
        0.599959995199424,
        0.49420341819051034,
        0.9111241211695851,
        0.8455836029387385,
        0.8832599999999998,
        0.5875354538290135,
        0.44630404463040446,
        0.5239770870318671,
        0.35333461149496614,
        0.7116569494386904,
        0.5718211851477868,
        0.6933279999999999,
        0.5748385971034724,
        0.40165600144000124,
        0.4745252507070734,
        0.4532714027826195,
        0.4420425855747922,
        0.4467422419328704,
        0.46568725178678233,
        0.7188474249220601,
        0.8467735989606772,
        1.1233882352941176,
        0.9012404660330294,
        0.6445393452361373,
        0.5336882217864561,
        0.500274119609467,
        0.6858959161991062,
        0.7485484890472145,
        0.4021257142857143,
        0.5322763636363637,
        0.3161173333333333,
        0.36583236583236584,
        0.48292363636363633,
        0.5246254545454544,
        0.6609242216331513,
        0.7131016819244301,
        0.9624262060611367,
        0.80906,
        0.84842,
        0.5644297047590167,
        3.163465878656933,
        0.6373441796894298,
        0.9577372746059635,
        1.3961176470588235,
        1.1821183841284342,
        1.0160387000068134,
        1.0515599999999998,
        0.8866130943749093,
        1.0514573276123258,
        0.9546061324750127,
        1.6494856465772607,
        1.0450450450450448,
        0.9876587654265432,
        0.8302708140867825
    ],
    "time_stamp_us": [
        1512987,
        1995993,
        2579682,
        3129654,
        3796320,
        4224098,
        4590765,
        5012987,
        5746320,
        6464100,
        6824098,
        7379815,
        7946320,
        8324098,
        8635096,
        9012987,
        9535209,
        10079654,
        10635209,
        11024098,
        11462987,
        11996014,
        12459586,
        13029780,
        13446320,
        13912987,
        14612987,
        15279654,
        15779714,
        16279654,
        16815142,
        17390765,
        17812987,
        18212987,
        18712933,
        19246381,
        19813047,
        20496320,
        20979654,
        21435209,
        21935209,
        22479654,
        23246320,
        23768543,
        24379550,
        24962987,
        25629519,
        26196320,
        26612987,
        27006320,
        27346320,
        27762857,
        28279654,
        28846217,
        29446320,
        29901876,
        30379654,
        31079654,
        31629654,
        32379654,
        33046320,
        33596320,
        34146320,
        34648429,
        35068543,
        35479654,
        35879654,
        36279654,
        38132852,
        38299009,
        38724098,
        39072987,
        39412987,
        39719447,
        40012987,
        40412987,
        40812945,
        41159504,
        41454654,
        41751726,
        42046320,
        42490765,
        42904259
    ]
}