{
    "name": "tcp_39",
    "flow_rate_mbps": [
        0.46323289101346826,
        0.2516000721136335,
        0.7985416821704511,
        0.6565059869115557,
        0.7399890893315634,
        0.8733146905553281,
        0.6746835008748756,
        0.4263160863807187,
        0.8688048686649645,
        1.4604292008025306,
        0.43578777953315373,
        0.5790422635223279,
        0.5269793175071801,
        0.3985228300653952,
        0.31144993121940295,
        0.9989603034636444,
        0.7450227867169821,
        0.5520890305733989,
        0.3771347099317594,
        0.48540445856997105,
        0.40565916713779115,
        0.3912297691180089,
        0.4719127184492002,
        0.8462917419462825,
        0.6582278198878101,
        0.3934776177117917,
        0.42364103881188236,
        0.4904030226485078,
        0.6644017558292148,
        0.2765510909011412,
        0.50226051352043,
        0.7394296089681414,
        0.8709688646884342,
        0.5419494523277308,
        0.2900388622682812,
        0.6168486491732121,
        0.3023491342044809,
        0.48455324254476023,
        0.4211225800103669,
        0.3075197356334824,
        0.6478831415994382,
        0.7644464787120739,
        0.5289359655885696,
        0.820351838224031,
        0.3647647922678767,
        0.19134352137445126,
        0.9671360292696752,
        0.39960153692898825,
        0.44286749489640254,
        0.5550308280634297,
        1.0832125382517759,
        1.4331932484339085,
        0.7413666709569829,
        0.27962638954229013,
        0.606585805267526,
        0.3760723024306495,
        1.1310770986217107,
        1.016650893059587,
        0.40704348802483026,
        0.3922835753834485,
        0.7288857312461731,
        0.34436802372636943,
        0.4583294297885473,
        0.36711937967212616,
        0.5986500642993475,
        0.6910424917982888,
        0.9164819590254683,
        0.5548291147545866,
        1.2131528313147875,
        0.7747280019626078,
        0.2983543265151504,
        0.5171801758906904,
        0.5450976350436343,
        0.6628516303377125,
        0.3486816855542493,
        0.30494767078208973,
        0.8371496838158791,
        0.892827739559852,
        0.4220804867398403
    ],
    "time_stamp_us": [
        2170935,
        4768678,
        9683144,
        11120965,
        13155737,
        14767004,
        16208134,
        18073542,
        21051614,
        22423982,
        23195043,
        26539056,
        28769774,
        31011380,
        34307954,
        38171689,
        39298941,
        41136415,
        43356057,
        46693220,
        49240539,
        52343045,
        55277791,
        57968119,
        59390040,
        61184677,
        64355175,
        67325992,
        69667250,
        71578142,
        75969374,
        78431204,
        80073551,
        81366456,
        83688739,
        88751233,
        90791539,
        94515975,
        97227256,
        100032330,
        104555747,
        106259758,
        107963893,
        110238951,
        111773122,
        115223455,
        121281669,
        122446014,
        125678434,
        128395635,
        130543840,
        131624182,
        132409896,
        134375563,
        138915907,
        140990733,
        144073119,
        145068701,
        146360944,
        149344409,
        152355700,
        154067244,
        157689880,
        160411765,
        163569321,
        165708534,
        167338072,
        168663139,
        170812125,
        171740351,
        173493121,
        177785467,
        180261664,
        182347749,
        184329731,
        187875888,
        191640993,
        193012504,
        194385042,
        197549936
    ]
}