{
    "name": "scps_tp_15",
    "flow_rate_mbps": [
        0.4312871669571154,
        0.6999104185587182,
        0.5566378049842551,
        0.58864178140551,
        0.4048460133657708,
        0.5528753322132899,
        0.1691243931119531,
        0.6862876721967931,
        0.8474132907256602,
        0.7662082175739309,
        0.3656296553419823,
        0.5922405712380144,
        0.6077554661371526,
        0.487594869620959,
        0.5097554072634021,
        0.7346771276658018,
        0.6796572433745469,
        0.4162139341897994,
        0.19820839717056077,
        0.41281310799699444,
        0.5129121212888497,
        0.39992311445596085,
        0.9511444465638079,
        0.19882885777474066,
        0.5070187341009679,
        0.46009687444052577,
        0.40911873594915166,
        0.7321038837607499,
        0.4920045827182705,
        0.42423126764516655,
        0.607024224157524,
        0.5687170308967595,
        0.5919477538205374,
        0.4793098970239847,
        0.29363917078301255
    ],
    "time_stamp_us": [
        1680699,
        5243003,
        9123271,
        13922945,
        19586967,
        24931814,
        31780953,
        41833672,
        46466598,
        51417193,
        56633112,
        61403841,
        65970904,
        71402299,
        76247633,
        84607407,
        89476158,
        94804020,
        100427282,
        107389651,
        115011502,
        119316333,
        124726973,
        129880512,
        140652389,
        145725811,
        149780957,
        157930376,
        162378925,
        166754494,
        173338450,
        179467497,
        185582313,
        190077034,
        195282518,
        199643789
    ]
}