{
    "name": "tcp_16",
    "flow_rate_mbps": [
        0.1047869680529038,
        0.09452784537081867,
        0.06308999115544439,
        0.09467138124755087,
        0.06402220140207542,
        0.10415196905696109,
        0.15070321155597893,
        0.061267275843364395,
        0.16260490869662764,
        0.08396079738040792,
        0.058746582379393786,
        0.07494955318535601
    ],
    "time_stamp_us": [
        9606436,
        21301020,
        35199147,
        55672759,
        68733517,
        88736578,
        100820459,
        108951938,
        128593092,
        136468869,
        151195742,
        171679657,
        188913649
    ]
}