{
    "name": "scps_tp_17",
    "flow_rate_mbps": [
        0.38586230469882105,
        0.630093994531418,
        0.46963699996954367,
        0.5448739420736474,
        0.5809475259410305,
        0.5447691536781153,
        0.45049979361160825,
        0.5393616812187226,
        0.5710578917116061,
        0.6990854629675824,
        0.6718342141473709,
        0.6260035608090323,
        0.5572969026457257,
        0.444799048673093,
        1.1584580602695818,
        0.46928163702832854,
        0.7575475157054282,
        0.5372526285420094,
        0.5398344608290107,
        0.3800319023988115,
        0.7763193012593199,
        0.3938188014321288,
        0.9708390192954591,
        0.40236950933273724,
        0.45074109377330746,
        0.5504938564281049,
        0.44006546583443146,
        0.8225494106035278,
        0.49663583292697494,
        1.0895402110035959,
        0.541711885837848,
        0.6302399214051567,
        0.7232248379813774,
        0.3266627319695657,
        0.4385519082311856,
        1.1086216090156542
    ],
    "time_stamp_us": [
        7785045,
        13564516,
        18137548,
        24178980,
        30358758,
        36439858,
        41019853,
        46533729,
        51876044,
        57559811,
        62771191,
        67421624,
        72641786,
        77772552,
        82686951,
        87299427,
        93133706,
        98015776,
        103194122,
        108122744,
        113700381,
        119402983,
        124813390,
        130169417,
        134696599,
        141554638,
        147350452,
        152041754,
        156873561,
        161452852,
        166103768,
        171484045,
        176669118,
        181141752,
        186853331,
        193222292,
        198071990
    ]
}