{
    "name": "scps_tp_28",
    "flow_rate_mbps": [
        0.781614620569025,
        0.7017637549191074,
        1.0674757062254359,
        0.9817450943826278,
        0.9957415706825838,
        0.9915152592066101,
        1.0797710222018135,
        0.9991935754505249,
        0.6687300547564292,
        0.9584230979235537,
        1.036655616216857,
        0.6346974210247243,
        0.689107378766241,
        0.7705702669869535,
        0.629887224945052,
        0.9105302298427171,
        1.3576036536649934,
        1.018557640748087,
        1.0084889130058614,
        0.38457613083215436,
        1.168908848488678,
        0.8824462551371505,
        1.6106649999977485,
        0.9681736195962064,
        1.3843023019066185,
        0.717231459052783,
        0.3445280285016961,
        1.2576219512195124,
        0.594456564600944,
        0.5233966130067333,
        0.5084493216792626,
        0.9385442162513524,
        0.5824711102999053,
        0.5261159488948227,
        0.46967734755366675
    ],
    "time_stamp_us": [
        6063269,
        12546464,
        17564905,
        22611877,
        27244933,
        31956999,
        36099023,
        41395257,
        46312022,
        53674993,
        58052183,
        62556977,
        67392541,
        73224085,
        78496440,
        85770123,
        90086553,
        94111881,
        98263163,
        103025139,
        111206614,
        115891188,
        120770352,
        125211946,
        131141461,
        135168905,
        140402362,
        149054198,
        153399542,
        160809604,
        167770291,
        173307126,
        177694687,
        184006279,
        191119844,
        197301790
    ]
}