{
    "name": "tcp_0",
    "flow_rate_mbps": [
        0.1038633683547201,
        0.2270569386271132,
        0.1649414677819988,
        0.16597948190729342,
        0.1653863734949087,
        0.1622582690226847,
        0.2022105872914723,
        0.11116745881679263,
        0.16463107488967457,
        0.10389965948563508,
        0.11517482216028772,
        0.12476240804635419,
        0.14382776871540326,
        0.12265064774873342,
        0.2391383441901858,
        0.10785863111564845,
        0.13504081876411173,
        0.07243174588847995,
        0.13179916448299037
    ],
    "time_stamp_us": [
        18949958,
        30642242,
        36525524,
        44624397,
        51940964,
        59484028,
        67036432,
        73315035,
        84537024,
        91511163,
        104368183,
        114528737,
        124173950,
        132924416,
        142825709,
        148273267,
        159839518,
        169568132,
        185877003,
        195509841
    ]
}