{
    "name": "scps_tp_24",
    "flow_rate_mbps": [
        1.159797680404639,
        2.3089665041003835,
        2.0745981311336847,
        0.6938548943305703,
        1.007878915315997,
        0.32953578437331765,
        0.5251280189373551,
        0.7040239047454199,
        0.5107307231246173,
        0.4208623434943022,
        0.7381611718754353,
        0.7070846043998273,
        0.4881944979458096,
        0.6647324604317245,
        0.2261374505430491,
        0.547956370384651,
        0.7732902597884941,
        0.6972065746371728,
        1.2656540358944546,
        0.876109797231807,
        0.3224872606022134,
        0.9113463014773856,
        0.4549967481239893,
        0.6238317547762917,
        0.44730036314848576,
        0.906481884731357,
        1.2021707492094604,
        0.3554730316230934,
        1.4331640440207487,
        0.268709604237485,
        1.7427220319510082,
        0.7432870838392246,
        0.2818675196144354,
        0.47127769277304754,
        0.29699613035338757,
        1.157101477971355,
        0.2287463498282285,
        0.783385995747032,
        0.8481248653257011,
        0.6121325592456742,
        0.26059476385999997,
        1.3553584216901948,
        0.23040203719964625,
        0.8890362892822196,
        0.30283454460630194,
        0.7307245920538304,
        0.9221703692552528,
        0.5667578243376575,
        1.8477208720324663,
        0.764911794487799,
        1.1443307945221382
    ],
    "time_stamp_us": [
        1759062,
        2092396,
        2313229,
        2504896,
        4751383,
        7785557,
        11470741,
        16053852,
        20225074,
        23683648,
        27303644,
        31072577,
        34445073,
        39533209,
        43652039,
        47655268,
        51483310,
        55023921,
        59172591,
        63586309,
        66887813,
        71475157,
        75072999,
        78833905,
        83523631,
        88928858,
        92533828,
        97437757,
        101164622,
        105385995,
        109741031,
        113725694,
        118597459,
        122670862,
        125809903,
        130790978,
        134750527,
        139190729,
        144010422,
        147746287,
        152237079,
        157236105,
        160608320,
        165735358,
        169510412,
        174213178,
        177688085,
        180896516,
        184714443,
        188138077,
        192857680,
        196957893
    ]
}