{
    "name": "tcp_9",
    "flow_rate_mbps": [
        0.133025678793796,
        0.06977530131533864,
        0.22423271751810722,
        0.1980453044880555,
        0.23904441493700904,
        0.20020322979036065,
        0.5562770223665062,
        0.19993561937311938,
        0.39779149679673853,
        0.24906903775372002,
        0.2680883899077543,
        0.11259899401074762,
        0.137197668680714,
        0.21274570439371113,
        0.25555076193893234,
        0.12943746110041476,
        0.401958021674819,
        0.1366880792064498,
        0.3794391711578738,
        0.46247736412596124,
        0.15924879232044065,
        0.19147342452143915,
        0.19125752769407112,
        0.3847589553580069,
        0.18016130001975453,
        0.5379090808387798,
        0.19429832717662812,
        0.39638760506525195,
        0.2373975781458433,
        0.18660731892836016,
        0.2514288408394466
    ],
    "time_stamp_us": [
        8188518,
        17068608,
        34156603,
        39572405,
        45481356,
        50746319,
        57143019,
        59504720,
        65633893,
        68853268,
        74039300,
        79186856,
        89481797,
        98011388,
        104030969,
        109042263,
        120044951,
        123313352,
        132036278,
        135236791,
        137958135,
        145653264,
        151765026,
        158114580,
        161586468,
        168572208,
        170973506,
        177394148,
        180513519,
        185768501,
        192157961,
        197163592
    ]
}