{
    "name": "tcp_6",
    "flow_rate_mbps": [
        0.6856741079275794,
        0.8288228247648487,
        0.5087780040011203,
        0.4365532852755653,
        0.7869413358044053,
        0.2742309046040266,
        1.1242717832925404,
        0.2420454657898714,
        0.448496830723409,
        0.24796408021579133,
        0.1903998292284824,
        0.4451301578964646,
        0.1730951386036998,
        0.23803455899570117,
        0.9929868078712127,
        0.2414242248575496,
        0.6557047773470847,
        0.36527614308571926,
        0.20144924193154679,
        0.8739955779985638,
        0.31821375076578245,
        0.42866120715650285,
        0.3494632825327574,
        0.507749832861499,
        0.6201980941034437,
        0.5041444907807728,
        0.6680726399475122,
        0.6033080503405647,
        0.4701339995457643,
        0.11718212826010013,
        0.15629448449419897,
        0.32567024356587115,
        0.17760013273743303,
        0.36018899874838134,
        0.2817921580563507,
        0.2074172985360074,
        0.5858697831291202,
        0.32145648475932137,
        0.09840381199813768,
        0.3755096762949397,
        0.12475827079474502,
        0.14999215091655368,
        0.16453948991027348,
        0.22391861160122123,
        0.3688535226603227
    ],
    "time_stamp_us": [
        3207180,
        4913880,
        6432371,
        8971160,
        11752951,
        13408373,
        17917274,
        19056358,
        24210431,
        26942758,
        32107377,
        38253601,
        41056197,
        48008212,
        52646194,
        53858053,
        58979660,
        60831713,
        64367887,
        70176993,
        71591737,
        75685589,
        78879160,
        82543751,
        84935480,
        86822361,
        89537773,
        91421640,
        93763926,
        96370502,
        107016494,
        114715806,
        119156617,
        126678233,
        130141748,
        134294596,
        142331727,
        144366855,
        148282035,
        160286448,
        163843853,
        174285806,
        181719795,
        190039743,
        195611053,
        198963278
    ]
}