{
    "name": "scps_tp_20",
    "flow_rate_mbps": [
        0.5846521162949319,
        1.287197976645321,
        1.0760294301127014,
        0.8044367104659396,
        0.7456872727272726,
        0.13884892328738505,
        0.4769747358925217,
        0.5179055338900401,
        0.34412238587243454,
        0.6285933809473011,
        0.3678657434865307,
        0.347334710355589,
        0.47733455487103743,
        0.32528961232308995,
        0.7229100357302812,
        0.2703811704377426,
        0.6858206840991125,
        1.1727813467285981,
        1.4902796130130271,
        1.2860936929904203,
        0.3026187626649526,
        0.4580043129464906,
        0.5692232100719554,
        0.43635777753338556,
        0.2557856556223288,
        0.3269896919535204,
        0.40737014187187054,
        0.5537086469726628,
        0.23143466419325628,
        0.18373042490763553
    ],
    "time_stamp_us": [
        5594450,
        11863614,
        12198108,
        13825149,
        15189403,
        15739403,
        20487931,
        26853048,
        33226720,
        42017081,
        48129013,
        55751794,
        62617333,
        69463349,
        77439011,
        83349124,
        92821973,
        100001459,
        105329511,
        110448443,
        116105387,
        123000399,
        131822674,
        139037559,
        145666248,
        155981760,
        163848430,
        174471889,
        181011646,
        188787145,
        199422727
    ]
}