{
    "name": "tcp_2",
    "flow_rate_mbps": [
        0.13577610061861756,
        0.1006924724787101,
        0.08263410056615503,
        0.3137989171294713,
        0.14111329590825852,
        0.18769636712321314,
        0.15376851369230665,
        0.16120900262070093,
        0.13220218445393586,
        0.10119453719704015,
        0.11264557158938494,
        0.06721201483481717,
        0.10276738894733939,
        0.13886061733985264,
        0.10472552888411127,
        0.10514561095647744,
        0.08598078320943614,
        0.12939898908623687,
        0.2678247750733277
    ],
    "time_stamp_us": [
        6975302,
        16244680,
        28524446,
        42953356,
        46858532,
        55386148,
        62738448,
        71066811,
        78462924,
        87481837,
        99373388,
        111722209,
        128312100,
        141203349,
        149869305,
        161359913,
        172699616,
        185796496,
        195266740,
        199636164
    ]
}