{
    "name": "scps_tp_37",
    "flow_rate_mbps": [
        0.8137901282957611,
        0.4163069695240988,
        0.7466942631507006,
        0.7981255668320419,
        0.9597219053315119,
        1.0859514862977317,
        0.5990416250165647,
        1.1973406296814453,
        0.5093494317223702,
        0.5611094823880811,
        1.5557219863084266,
        0.5602852924843615,
        0.2777253688540055,
        0.8511999347373589,
        0.9043390002537427,
        1.147961433697955,
        0.9020083863284608,
        0.5557902041718344,
        0.1973764330772109,
        0.4446203401723554,
        1.2935690221164142,
        0.19524702993787793,
        0.31115759267742465,
        1.277431480692813,
        1.608220840285151,
        0.9355548421374019,
        0.5463791247540923,
        0.5429189508177997,
        1.228188405597778,
        1.46865180861182,
        0.6937416366732404,
        1.521777291861305,
        0.32822922022743456,
        0.42674828190744113,
        0.5642979440671632,
        0.39759810828188846,
        0.637532799896336,
        0.4979308952662922,
        0.24727729170661603,
        0.6804999911096887,
        0.2879109380984679,
        1.0808926465542823,
        0.8327225219820114,
        1.2131364396831101,
        0.660169071934001,
        0.5913771712631274,
        0.5912693835176244,
        0.48456005624357795,
        0.3815192139489312
    ],
    "time_stamp_us": [
        3202107,
        6878534,
        11837567,
        16066125,
        19136920,
        22875503,
        25976194,
        29643652,
        33682202,
        37388577,
        40359548,
        44688342,
        48432149,
        52566305,
        56586982,
        60212702,
        64838502,
        69367063,
        73240467,
        77994834,
        81868341,
        85947845,
        89623189,
        94945251,
        99491123,
        102655763,
        106726930,
        110363965,
        114146187,
        117418128,
        120936130,
        124500800,
        127895988,
        132234907,
        136762166,
        140146761,
        143562069,
        147112004,
        151213778,
        155589109,
        158963569,
        163373266,
        166999158,
        170472680,
        175241278,
        179723039,
        183662048,
        187303028,
        192406544,
        196515590
    ]
}