{
    "name": "scps_tp_16",
    "flow_rate_mbps": [
        0.8163109054624983,
        0.9870383485205533,
        1.1304514908220622,
        0.771166182022876,
        1.4295276455585468,
        1.0666663722108012,
        0.896678462402989,
        0.6475027047754693,
        0.43739101823573834,
        1.0658911066768582,
        0.5765667902229105,
        0.4487341831518324,
        0.40195397573840513,
        0.6682390559534771,
        0.5157437290272259,
        0.6079853696159443,
        1.012020259517943,
        0.36508163379446446,
        1.03293525550852,
        0.45955345875934095,
        1.0046788561147408,
        0.849994498779176,
        1.1035567632287964,
        0.7295195504568622,
        0.7700739382585647,
        0.3639880081203499,
        0.8463066130480512,
        0.38030962260878215,
        0.5201267255109893,
        0.6914172391341579,
        0.41476290807509286,
        0.9225622596090127,
        0.8806781306102414,
        0.5336499669691295,
        0.5170515718169426,
        0.7560363194537911,
        0.6196669449121192,
        1.1470752774350206,
        1.3917496035860182,
        1.1651525853040745,
        1.3725445873550486,
        0.8995380226605142,
        0.455080054654844,
        0.8613575339747089,
        0.9850092853257223,
        0.8674870433548906,
        1.067578595829235,
        0.39841304510660586,
        0.7242585474212613
    ],
    "time_stamp_us": [
        2956834,
        6770675,
        10461717,
        14573207,
        18238098,
        22161296,
        25783797,
        28812575,
        32171449,
        36310903,
        40174262,
        44769740,
        48607736,
        52672679,
        56588164,
        60890766,
        64558749,
        68409581,
        72915313,
        77511148,
        81859369,
        85309785,
        89336164,
        92987630,
        96165612,
        100280126,
        103768153,
        107407685,
        111529800,
        115159377,
        119310850,
        123197022,
        127648624,
        131246397,
        136894144,
        140523956,
        144320599,
        148347020,
        152379676,
        156591813,
        160656654,
        164461208,
        168854930,
        172639407,
        176599853,
        180758027,
        184868659,
        189811733,
        194577842,
        198403879
    ]
}