{
    "name": "tcp_37",
    "flow_rate_mbps": [
        0.04302668023575068,
        0.07073121892185913,
        0.014576618256425027,
        0.04461438170490323,
        0.06616289260870908,
        0.037207968680700504
    ],
    "time_stamp_us": [
        8019247,
        37526520,
        54695742,
        124374455,
        148872385,
        166059058,
        196916964
    ]
}