{
    "name": "tcp_12",
    "flow_rate_mbps": [
        0.10979436793219556,
        0.1305355728215033,
        0.22024945718253253,
        0.17868600392457043,
        0.1347364740771185,
        0.19675449660535677,
        0.16119860760690727,
        0.0926495096769025,
        0.12032983807097487,
        0.20048781158409096,
        0.22231792808749096,
        0.12302932419498247,
        0.20763303524546375,
        0.15011784393325858,
        0.311627247932644,
        0.2611846003460524,
        0.18511002730906018,
        0.13939645375998846,
        0.1341305041564116,
        0.19485139602685825,
        0.1384108752463331,
        0.19559714783085344,
        0.4802145203825067,
        0.2558157417973664,
        0.17055516744484872,
        0.14504901973665194
    ],
    "time_stamp_us": [
        9795312,
        20252679,
        28879293,
        34342916,
        41077411,
        49680872,
        55348036,
        62676139,
        74234538,
        83776311,
        89668340,
        94932153,
        103726154,
        109628105,
        117202954,
        120781075,
        125430660,
        132408564,
        140724414,
        149695975,
        156041734,
        164656086,
        170187455,
        172532407,
        177409042,
        184464589,
        192075809
    ]
}