{
    "name": "tcp_16",
    "flow_rate_mbps": [
        0.30418545423404436,
        0.15216165940616272,
        0.14967205624928287,
        0.469788833323688,
        0.43111142439317873,
        0.20476881829115642,
        0.2453961917626122,
        0.4087002164344767,
        0.4994612742500997,
        0.1702781176203589,
        0.3477832916376164,
        0.20688334854435117,
        0.31405352415993276,
        0.20207960714878306,
        0.4157370011579631,
        0.28932373539366346,
        0.32661922475808153,
        0.41872239146660356,
        0.22395594118347734,
        0.3382631518437135,
        0.37723177606150027,
        0.250336635504341,
        0.19399891988524073,
        0.19456449158864964,
        0.15479159919070917,
        0.3092100757060539,
        0.27951789395575666,
        0.23039948432327134,
        0.2534031716753551,
        0.23836823649373387,
        0.2943584892652976,
        0.24692257989694993,
        0.464797398531247,
        0.5798495962587096,
        0.31640437315080966,
        0.15451906237171403,
        0.5401469517442244,
        0.798619291003882,
        0.28294051872870307,
        0.30833128856385367,
        0.3135910379779637,
        0.27169269118359396
    ],
    "time_stamp_us": [
        4253872,
        8282467,
        16698779,
        24812518,
        27162510,
        30184281,
        36060957,
        41099666,
        44125062,
        46644897,
        53906429,
        57271283,
        63194621,
        67237244,
        73137493,
        76005460,
        80393624,
        84111715,
        86985600,
        92753163,
        96310630,
        99529871,
        104821945,
        110797236,
        117436063,
        125281450,
        129208877,
        133316521,
        138826950,
        143662880,
        148989093,
        153152180,
        157980900,
        160569899,
        162473841,
        166625996,
        174413773,
        176498539,
        178060635,
        182586816,
        186597048,
        190610428,
        194836379
    ]
}