{
    "name": "scps_tp_13",
    "flow_rate_mbps": [
        0.29881244950617547,
        0.20647000557319395,
        0.24429213421204587,
        0.3869464476543672,
        0.7133846720065629,
        0.906857448503279,
        0.7559055118110236,
        1.4291386533662496,
        1.559454326382188,
        1.768890526571114,
        1.8399417686917465,
        1.4914527851446493,
        1.9638366700797532,
        1.4562777954966117,
        1.1773003611685926,
        0.9920776870937785,
        0.24062964461466305,
        0.3191339475683272,
        0.8934111756440893,
        1.2601521239008164,
        1.3807536419266007,
        1.9842754720994566,
        1.6168507586727812,
        0.8001700422069049,
        0.37146685317359573,
        0.24256508222824458
    ],
    "time_stamp_us": [
        7625096,
        17896154,
        26718743,
        42355104,
        50572055,
        58046732,
        65399773,
        71898998,
        76379459,
        80988148,
        85943661,
        90335800,
        95472912,
        100498666,
        105759860,
        110739252,
        117660968,
        131195460,
        144098882,
        152044518,
        156626441,
        161359856,
        165938817,
        170493152,
        178067742,
        186686546,
        196062339
    ]
}