{
    "name": "tcp_1",
    "flow_rate_mbps": [
        0.43673337178801425,
        0.2542335282507755,
        0.45046195767871583,
        0.6442898788196774,
        0.29021938561602195,
        0.3539444717549747,
        0.632854911876255,
        0.1789516203379744,
        0.5117820504534302,
        0.5563233214578603,
        0.5903672845769125,
        0.4089724027729386,
        0.5007079798461876,
        0.2535885091009033,
        0.49186459185392256,
        0.33086229776050696,
        0.5512921019116162,
        0.3245557301788839,
        0.20643774144382815,
        0.41783202760824706,
        0.22375791387482227,
        0.3762788245601857,
        0.5738365485518523,
        0.19297058733674596,
        0.21201114601876556,
        0.30263987499657335,
        0.3792946661842327,
        0.19378668920155773,
        0.18559203164646737,
        0.24470920328405404,
        0.32333032465800954,
        0.26360831940960683,
        0.17866679613535952,
        0.3011478892395358,
        0.29946379792938327,
        0.6064559543510056,
        0.6192457843877485,
        0.6592943153622361,
        0.3228049767347765,
        0.40310869030504354,
        0.42136817209982463,
        0.22169975399290054,
        0.4895377536080318,
        0.25904188914792814,
        0.2053547418131803,
        0.5301155065988337,
        0.7190597851542698,
        0.27429459782858984,
        0.29713930268144945,
        0.25182787753876024,
        0.2859993506928715
    ],
    "time_stamp_us": [
        2861522,
        5819116,
        10552402,
        13370842,
        15152897,
        19603599,
        22878689,
        24815057,
        31724634,
        33968089,
        36210526,
        38304951,
        41301339,
        43704656,
        48711192,
        51269945,
        54740150,
        57003052,
        60778798,
        67089272,
        69969281,
        75297897,
        78495951,
        80631472,
        87210713,
        92886641,
        97191163,
        100422002,
        106802626,
        113464981,
        119014098,
        122599286,
        127750565,
        134485784,
        138408375,
        142500489,
        144393718,
        146443954,
        148336159,
        152132383,
        155144970,
        158158012,
        163884676,
        166275176,
        171261551,
        176906417,
        178988982,
        180754621,
        185262475,
        189609527,
        194300350,
        198507912
    ]
}