{
    "name": "tcp_40",
    "flow_rate_mbps": [
        0.05076983371210295,
        0.09354112303200994,
        0.092542448536683,
        0.11554114219946605,
        0.04907850324686149,
        0.12405276418937018,
        0.06370552024345846,
        0.16047525125390585,
        0.04756981802729545,
        0.08285604703502385,
        0.051748810133436726
    ],
    "time_stamp_us": [
        12660095,
        36144907,
        50071616,
        62478463,
        72797904,
        95742369,
        105798735,
        125208042,
        132981951,
        159206983,
        173330756,
        196584624
    ]
}