{
    "name": "tcp_40",
    "flow_rate_mbps": [
        0.14881759567488617,
        0.15984916241116448,
        0.20708492732943629,
        0.4858376343624961,
        0.34596753474628267,
        0.4213673699538103,
        0.28004554967923073,
        0.5048603973065385,
        0.5259474491009077,
        0.25447771887089843,
        0.5134119984557228,
        0.2802565187987823,
        0.22277770405018973,
        0.304995353743376,
        0.46409788950152225,
        0.5161003923810277,
        0.3256389016569534,
        0.11647887884699606,
        0.6261840209635521,
        0.3482926868728269,
        0.3426751169443614,
        0.4265843821015891,
        0.41160548509048606,
        0.3468468785894987,
        0.36310379451977937,
        0.2166385735925588,
        0.8203876660252499,
        0.3013057467511233,
        0.4957924125893614,
        0.44719050899828056,
        0.2878533726298686,
        0.2688313115835645,
        0.4655381372826968,
        0.3079898556910256,
        0.27645941049096295,
        0.1819398073481569,
        0.243328834072649,
        0.3233981462683761,
        0.5275749436343277,
        0.2343948615574234,
        0.15021430029253693,
        0.13545458263465707,
        0.324366447755194,
        0.30063281195995756,
        0.22156610437123933
    ],
    "time_stamp_us": [
        1974957,
        11248054,
        18776151,
        24906969,
        27565635,
        31267254,
        34044498,
        38775157,
        41158707,
        43530655,
        48346165,
        50840536,
        55331279,
        60832009,
        64813709,
        67335246,
        69966362,
        73627841,
        83674641,
        85614007,
        89322612,
        93027579,
        95926138,
        99010645,
        102416413,
        106551429,
        112055158,
        113589262,
        117656360,
        120150307,
        122964678,
        127336904,
        131731035,
        134387058,
        138222509,
        142974599,
        149649334,
        154367887,
        158293698,
        160616477,
        166080078,
        174091033,
        183871433,
        187513240,
        191809777,
        197390414
    ]
}