{
    "name": "tcp_0",
    "flow_rate_mbps": [
        0.08173586328111532,
        0.03403802915717259,
        0.15363922372414873,
        0.0853051569106909,
        0.08407941691701715,
        0.10403000744581502,
        0.12426366946711416,
        0.06615017521343046,
        0.057274666434098176,
        0.1653924841175837,
        0.06459028766792532,
        0.10043678020970878
    ],
    "time_stamp_us": [
        11528806,
        25711075,
        57172356,
        64573591,
        79586048,
        94817362,
        107021533,
        117593891,
        136119012,
        157514859,
        164990894,
        184647100,
        197837487
    ]
}