{
    "name": "scps_tp_9",
    "flow_rate_mbps": [
        2.386696507667256,
        1.5365121908825952,
        2.5364498244872817,
        4.347826086956522,
        1.25,
        4.227843354701792,
        1.8156134240061923,
        1.4037827125605455,
        2.378573448419805,
        2.3387468507602445,
        1.2339781864501234,
        3.071123325515475,
        1.2878020941495392,
        2.019230769230769,
        5.1004851004851,
        2.8056908271976337,
        2.7415751368768673,
        1.5809785634116946,
        1.6227870214244469,
        1.6121608717801177,
        1.9556465395953688,
        1.6084082310036514,
        1.6148264015798628,
        1.5720236338807192,
        1.6529884301421922,
        2.365516299480932,
        1.7095819620815549,
        2.8133727583523997,
        1.7045701912929965,
        3.5610230110541505,
        1.7291472516112867,
        1.7052298283863616,
        1.940290767023355,
        3.4152603981376934,
        0.9140877583113834,
        1.6300019984934435,
        1.506970983735666,
        1.3967408173397144,
        2.0903983611263155,
        1.8367166938933484,
        1.8433395822431493,
        1.9904544392978898,
        1.1725426798258487,
        2.0463354915936662,
        1.0930162513006474,
        0.9061619665536524,
        1.994235934782786,
        2.473925910807225,
        1.5633304569273048,
        1.8118926556763102,
        1.4970948512211686,
        1.5053391964070766,
        1.9075630574764724,
        2.0645088772717557,
        1.7570817164535424,
        1.6202580969324711,
        1.3887349256927757,
        2.080991537175418,
        2.12141039202857,
        2.3455257323591834,
        1.9434861642933632,
        1.7765298757027725,
        1.7928575494904886,
        1.7917569727290512,
        2.4158507380626424,
        1.5146775324381712,
        1.944215678657447,
        2.4548038789033315,
        1.607179650645981,
        1.8593880324697785,
        1.166408286570175,
        1.3746319184180622,
        2.0422015730267513,
        1.4480592035125317,
        1.4057874128545507,
        1.9331178171612757,
        2.2823483761803742,
        1.1859800812929087,
        2.108561554920902,
        2.304720014719927,
        1.8365384766001307,
        1.6997783997492564,
        1.6578641761625292
    ],
    "time_stamp_us": [
        4125655,
        6776147,
        9951963,
        12546077,
        12647645,
        12753629,
        13004310,
        13293702,
        14295840,
        14444366,
        14817075,
        15118539,
        15327036,
        17219451,
        17449083,
        17639559,
        17880227,
        18029814,
        18584893,
        21530640,
        24516347,
        27163942,
        30163479,
        33000688,
        35915148,
        39194445,
        41639983,
        44352225,
        46863659,
        49881804,
        50374741,
        50502434,
        52160519,
        53548847,
        53678149,
        54906705,
        58029057,
        60732334,
        64376131,
        67180496,
        70071655,
        72886546,
        75271529,
        79141273,
        81898123,
        85009074,
        89979841,
        92919433,
        95271193,
        98357220,
        100916312,
        104573956,
        107514848,
        110379655,
        113368918,
        116133502,
        119254190,
        121798088,
        124981186,
        128103637,
        130937151,
        134021670,
        137041850,
        140379360,
        143527912,
        146452596,
        149163985,
        152059960,
        155104635,
        158147680,
        161134211,
        163973697,
        167041631,
        169690537,
        172968856,
        176172982,
        179867987,
        182383291,
        185520342,
        188201070,
        190826083,
        194018088,
        197291550,
        199988514
    ]
}