{
    "name": "tcp_16",
    "flow_rate_mbps": [
        0.2615180781770056,
        0.18204306367992382,
        0.179072004205179,
        0.09834765837848111,
        0.1402385264522717,
        0.13187133792030342,
        0.20673929766526322,
        0.19666874498975684,
        0.2533834518034458,
        0.24696144955633437,
        0.2503636631090336,
        0.6058216073575734,
        0.30890834504319625,
        0.3264012488395608,
        0.1887201842696892,
        0.19996940886659853,
        0.22107379711107755,
        0.29720002045942173,
        0.3395749999650471,
        0.21860385106127564,
        0.3509279699261957,
        0.1920052036192865,
        0.12978465755571844,
        0.16130177807774743,
        0.20120727679768943,
        0.2180741099710469,
        0.22317677118835658,
        0.11825123030859494,
        0.152128941814143,
        0.15470506615389662
    ],
    "time_stamp_us": [
        2219030,
        8382428,
        15295957,
        22570796,
        34694318,
        43590019,
        53050149,
        59137816,
        65368801,
        70422959,
        75653249,
        80547889,
        82406654,
        86802521,
        90861329,
        97530250,
        103989638,
        109932269,
        114018406,
        117594641,
        123250900,
        126837277,
        133737090,
        144199960,
        151591819,
        157627386,
        163702385,
        169094344,
        180110889,
        188311301,
        196731969
    ]
}