{
    "name": "scps_tp_30",
    "flow_rate_mbps": [
        0.22779069777103114,
        0.3776283304170151,
        0.2801605238595766,
        0.41082790780950973,
        0.38477254041157255,
        0.43836406753948853,
        0.24210846764555433,
        0.32231929755413957,
        0.44502625918314453,
        0.8389191812358561,
        0.41533286094473104,
        0.2935848392122054,
        0.82842017654938,
        0.5197211315284408,
        0.4198713098238572,
        0.3167410521026265,
        0.9168797580756449,
        0.73199853219677,
        0.3997917920302917,
        0.3871806144388012,
        0.19903321619854097,
        0.15382009951923128,
        0.509481022452036,
        0.3732160560264346,
        0.3664477142769996,
        0.4063814089225435,
        0.3467089863786917,
        0.3388568469647769,
        0.24919843721017879,
        0.38667191932804784,
        0.45013139433255217
    ],
    "time_stamp_us": [
        2991822,
        10213188,
        17931253,
        23842150,
        31393341,
        37418719,
        42077860,
        49784158,
        57182536,
        62664999,
        68797461,
        74432652,
        79998062,
        84808954,
        91797625,
        96846029,
        102736519,
        108287345,
        114214570,
        120124046,
        126938850,
        132984876,
        144109560,
        148270029,
        153357913,
        158931423,
        164527742,
        170736984,
        176014965,
        183147594,
        189600196,
        195731739
    ]
}