{
    "name": "tcp_8",
    "flow_rate_mbps": [
        0.4824964268278405,
        0.3951490385331999,
        0.34694978435608476,
        0.14822523351516068,
        0.45482560074881423,
        0.2743301335577147,
        0.4077980858150323,
        0.29987833883183357,
        0.6118231147827632,
        0.4259018873963304,
        0.5502214210134421,
        0.31804658871485725,
        0.3977603462388521,
        0.45734042124402685,
        0.5381765164948937,
        0.21335452090264287,
        0.41969729268812617,
        0.4656015650472775,
        0.26296369542486087,
        0.5715175714073415,
        0.4163745677238911,
        0.8665260763452836,
        0.21390024202074798,
        0.2768357446670083,
        0.48248781036811966,
        0.16133852411772018,
        0.40517019049738445,
        0.6789899058679075,
        0.5543250319928849,
        0.3208032017491503,
        0.584946097508079,
        0.3299029805408789,
        0.598612791645682,
        0.18353521564859582,
        0.4615155171712516,
        0.6041338070764121,
        0.7062487101337456,
        0.3011035408741501,
        0.3145970926217752,
        0.5514833471800102,
        0.23320918570484728,
        0.219790362996164,
        0.4520837821804971,
        0.5212088223368863,
        0.33119806801126994,
        0.25151612903225806,
        0.8118249841215142,
        0.5689418424560225,
        0.5050366009764107,
        0.3529959038983705,
        0.28413012523344106,
        0.8077796662402642,
        0.49572496059407717,
        0.35831876974861926,
        0.19517571994321323,
        0.5788308784702326,
        0.5144091880183698,
        0.4463346875841905,
        0.4433358690480159
    ],
    "time_stamp_us": [
        2257485,
        3162843,
        4035000,
        7510869,
        15703806,
        18737936,
        23406180,
        26465341,
        30662243,
        32755397,
        35554915,
        37902479,
        41894347,
        45447039,
        48126531,
        50362526,
        56313185,
        59127785,
        61949425,
        66525570,
        68766341,
        71789004,
        73139500,
        79126590,
        83553186,
        86138785,
        93597388,
        96594647,
        98415705,
        100706058,
        104525970,
        106753047,
        110501058,
        112548191,
        118984449,
        121639701,
        123704674,
        125502341,
        129498840,
        133113368,
        135395504,
        140697525,
        146222790,
        148933438,
        151454040,
        155054061,
        160014061,
        161401158,
        164680509,
        167106947,
        170641039,
        174915137,
        176527854,
        179111222,
        182500383,
        188665904,
        190802072,
        193098454,
        195967691,
        198607315
    ]
}