{
    "name": "scps_tp_24",
    "flow_rate_mbps": [
        0.6315559102220307,
        0.9936746728689425,
        1.4830858596661076,
        1.5563331662174364,
        1.477561160015121,
        1.4501359492238333,
        1.741205280369663,
        1.8364588706023754,
        1.170812130345658,
        0.1292280120883132,
        0.0785905439417376,
        0.5676055981841355,
        0.12703528510248926,
        0.11917660501146775,
        0.1712603585097129,
        0.108409492270031,
        0.1212150433253556,
        0.22659182122720212,
        0.6124648510112677
    ],
    "time_stamp_us": [
        9101485,
        16723043,
        23844730,
        29174590,
        34083359,
        39194051,
        44089261,
        48965056,
        53684138,
        59332320,
        76674690,
        93250730,
        101633734,
        116842107,
        132404893,
        144330595,
        165512504,
        178081241,
        191236173,
        199798297
    ]
}