{
    "name": "scps_tp_38",
    "flow_rate_mbps": [
        0.14087300439285905,
        0.34833600092622585,
        0.13663692322374385,
        0.44091077629106135,
        0.16194459975698952,
        0.09680868830934547,
        0.28591898359462947,
        0.22969302781724976,
        0.11859252786791542,
        0.2412937312696453,
        0.19644133963916666,
        0.43321110188547673,
        0.273174209579928,
        0.23922307598556397,
        0.11578143590289985,
        0.31526495736029847
    ],
    "time_stamp_us": [
        2135340,
        14579172,
        26083926,
        39496406,
        48310162,
        64125941,
        79065096,
        91343819,
        102927279,
        117077243,
        128881611,
        142313407,
        150774132,
        160311782,
        172725969,
        188268357,
        197233007
    ]
}