{
    "name": "scps_tp_43",
    "flow_rate_mbps": [
        0.4808067235109201,
        1.2691960550674737,
        0.5592618548877333,
        0.5039356352740668,
        0.4309466214933326,
        0.1483419925107734,
        0.6156352831081552,
        0.5570700678591805,
        0.7462007487176793,
        1.3231411987708042,
        0.7190121924581141,
        0.711825207990824,
        0.28744838143105483,
        0.5956401893885682,
        0.868872541141891,
        0.8333225413643836,
        0.9786235948445602,
        0.6411345848426266,
        1.1345629454515664,
        0.17583038738283768,
        0.8416653455001936,
        0.6858821127039421,
        0.8623738695507293,
        0.540350408550919,
        0.8277863071471416,
        0.7403855012487333,
        0.4299891123179465,
        0.28727466197783813
    ],
    "time_stamp_us": [
        6713244,
        14566046,
        18358557,
        24557013,
        29880550,
        35721459,
        50085025,
        55913151,
        61204550,
        66989374,
        70794138,
        76260304,
        80525396,
        91202513,
        98431038,
        104186911,
        109592165,
        114691245,
        119891526,
        125360134,
        142626774,
        147243906,
        153360409,
        158365941,
        167784718,
        173839614,
        179863719,
        186590587,
        194853063
    ]
}