{
    "name": "tcp_38",
    "flow_rate_mbps": [
        0.017849684806856503,
        0.011252710821811823
    ],
    "time_stamp_us": [
        27119684,
        87732519,
        180936727
    ]
}