{
    "name": "scps_tp_8",
    "flow_rate_mbps": [
        0.5110836363636363,
        0.5198887673923398,
        0.33179193655063866,
        0.7899067057865018,
        0.7428461706966819,
        0.7899385473224654,
        0.32647003371066147,
        0.7374694983446816,
        1.2330772026508365,
        0.7246516706358939,
        0.38038838038838046,
        0.7416613188498803,
        1.1696354907399404,
        0.9497945201441014,
        0.6579234425461452,
        0.6340841002995868,
        0.6326866298520863,
        0.7539265032458461,
        0.7629154933855147,
        0.5705467054776395,
        0.6268575199018671,
        0.5121695604567496,
        0.7489879889104324,
        0.5314531963179233,
        0.3728246870562976,
        0.5065265652775034,
        0.6043159598551582,
        0.5885504890313731,
        0.6123786895247623,
        1.0909854546041957,
        0.8272313892160734,
        0.5795730502061331,
        0.4675333096768732,
        0.4944709214149337,
        0.3450251706080474,
        0.6357674589342585,
        0.6679439062842671,
        0.7304018370492571,
        0.3898507869043388,
        0.4121801431298174,
        0.5628940882757738,
        0.40726485056211476,
        0.36665846153846154,
        0.6056325350643574,
        0.4740856805585699,
        0.6538276021605628,
        1.4774568297106214,
        0.7958501131295571,
        0.5427088540861866,
        0.49213999042066503,
        0.7091398081077256,
        0.6044689019137652,
        0.3935575142960016,
        0.4359903588681613,
        0.3867093333333333,
        0.3250146931884969,
        0.5184436363636363,
        0.4639479363746451,
        2.7425147685005977,
        0.9149478841311887,
        0.642816938281301,
        0.8645834360486329,
        0.6436153351368152,
        1.0235483847428066,
        0.9201652114811523,
        0.9020907842208684,
        1.5080186255517294,
        1.1282295823322426
    ],
    "time_stamp_us": [
        1796181,
        2346181,
        3162848,
        3879514,
        4304192,
        4673959,
        5288741,
        5951736,
        6319339,
        6707292,
        7212848,
        7879514,
        8262848,
        8644649,
        9153458,
        9712672,
        10212694,
        10696017,
        11118403,
        11579361,
        12051736,
        12729185,
        13240625,
        13751736,
        14379208,
        15046181,
        15679056,
        16218403,
        16746181,
        17273959,
        17707292,
        18279514,
        18846138,
        19401307,
        20012530,
        20624752,
        21229514,
        21712848,
        22285070,
        22946205,
        23562848,
        24062736,
        24679514,
        25329514,
        25896115,
        26462848,
        27173959,
        27554429,
        28090540,
        28640625,
        29246095,
        29896043,
        30524072,
        31229514,
        31812848,
        32562848,
        33296181,
        33846181,
        35799176,
        36096261,
        36462848,
        37074008,
        37479660,
        38129514,
        38540625,
        39076181,
        39542848,
        39856181,
        40237848
    ]
}