{
    "name": "scps_tp_1",
    "flow_rate_mbps": [
        1.1781932389703542,
        1.451666286089609,
        1.2667180833715548,
        1.6389758448665541,
        1.391296249135955,
        0.7889708992767492,
        0.9424404402162853,
        0.5290069203150967,
        0.6345344338387059,
        1.0088170331488255,
        1.3942535743700402,
        2.0528227425195644,
        0.9345361954707182,
        0.9789270623353399,
        1.2534387752621716,
        1.3749499379973997,
        1.3589802345642308,
        0.4218618294615463,
        1.2220888483700731,
        0.5413394031340806,
        1.3096234151216983,
        1.2830107201980299,
        0.7708810567978996,
        0.8675698054943898,
        1.4864811153414914,
        1.2866863701972644,
        0.5179353894367452,
        1.1910370957411005,
        0.8545709020974093,
        1.613722416920557,
        0.8953073593073593,
        0.7542120285323906,
        0.6996700227730762,
        1.2772466005042498,
        1.4548456464573913,
        1.4680988914190611,
        1.3595671632464221,
        1.193875396861534,
        1.412688987842355,
        0.7463840553722864,
        0.7564642091798379,
        0.8713191894296173,
        1.1161514413991909,
        1.175696271479973,
        1.3243161582937162,
        1.2102107806970652,
        0.9526953634472742,
        0.8987854935570445,
        0.7315671735271917,
        0.9344889752336121,
        0.5570786399779024,
        1.413889942989476,
        1.050808588862406,
        1.0725512271126927,
        1.2346067892683363,
        1.0772844131715757
    ],
    "time_stamp_us": [
        3276268,
        6527755,
        9645827,
        12966408,
        16482555,
        19918430,
        23556587,
        26789725,
        30003596,
        34092263,
        37670791,
        40980605,
        44126712,
        47091862,
        50181939,
        53432006,
        56595583,
        59763841,
        63322921,
        66502788,
        70581560,
        73751204,
        77021013,
        81231468,
        84336417,
        87581988,
        91262885,
        95312811,
        98260427,
        101438443,
        104845423,
        108310423,
        112423643,
        115737205,
        119030414,
        122703216,
        126643659,
        130468288,
        134333616,
        137287642,
        140881931,
        143961310,
        147509034,
        151287446,
        155869854,
        159421151,
        163042735,
        166299012,
        169492655,
        172933378,
        175863236,
        178915157,
        182506950,
        186331205,
        190407318,
        194261371,
        197366512
    ]
}