{
    "name": "scps_tp_21",
    "flow_rate_mbps": [
        0.4792494796871096,
        0.6987413157564901,
        0.7078906468954622,
        0.3272699553645791,
        0.6030715639595396,
        0.6653575141503986,
        0.44306983141932504,
        0.41034782997484887,
        0.9142861420669506,
        0.8448337695246818,
        0.6568471619918815,
        0.4336223078175012,
        0.7340490501543626,
        0.5268617505070318,
        0.8182728417606906,
        0.5751659550017356,
        0.39009622765163227,
        0.34390316015273487,
        0.7216115039515122,
        0.9989695724485298,
        0.4733572990076168,
        0.7261043132026893,
        0.5710568877872075,
        0.9373974196360809,
        0.666406268533109,
        0.6826053311151752,
        0.9472035476641256,
        0.4727822024159026,
        0.4871294203215884,
        0.6338404748462809,
        0.735482414817848,
        0.7629279775467398,
        1.030226338014391,
        0.9429594137566906,
        0.3737484374179559,
        1.0385447391425597,
        0.44356994616987266,
        0.6658705514614248,
        0.7421146703446005,
        0.6724441875618683,
        0.4860539964915116,
        0.4510352938748981
    ],
    "time_stamp_us": [
        4056172,
        7741935,
        11755094,
        16464974,
        20715410,
        25145531,
        29924195,
        34110262,
        39679391,
        43953939,
        48788973,
        53864857,
        58473107,
        63105386,
        68113455,
        72700678,
        77998349,
        82186854,
        85910693,
        91800843,
        96276655,
        101291049,
        106703825,
        111614299,
        116183887,
        120441470,
        125616935,
        130675362,
        136653252,
        140868641,
        145362390,
        148844839,
        153417538,
        157854000,
        162431758,
        166773930,
        171568177,
        176023303,
        179902976,
        184470033,
        189034159,
        193872140,
        198718590
    ]
}