{
    "name": "tcp_36",
    "flow_rate_mbps": [
        0.07409925353131606,
        0.09897213992608694,
        0.09686046969816375,
        0.048268028525549865,
        0.05370771695090926,
        0.15741391726228135,
        0.048137844108517916,
        0.07264965117936488,
        0.10514030373548071,
        0.10680636629794768,
        0.13570288934068556
    ],
    "time_stamp_us": [
        17924328,
        33866189,
        47028681,
        60022217,
        82665777,
        102193697,
        109697989,
        133320152,
        149428144,
        162028450,
        172778371,
        181727333
    ]
}