{
    "name": "tcp_12",
    "flow_rate_mbps": [
        0.013227793697953072,
        0.015678492440997362
    ],
    "time_stamp_us": [
        24938605,
        99218566,
        166816902
    ]
}