{
    "name": "tcp_41",
    "flow_rate_mbps": [
        0.2016061577532966,
        0.29668613691467827,
        0.22761919883215817,
        0.13187085395748244,
        0.36118359376322035,
        0.2515790411566921,
        0.31793845247520397,
        0.25907893567302953,
        0.20196953975805812,
        0.2958073505132203,
        0.45654752619989913,
        0.8537850857581563,
        0.4508886110753461,
        0.4087617185764429,
        0.4990327486410598,
        0.18030970720617948,
        0.13146777327026085,
        0.21951587279523543,
        0.38497421086343286,
        0.4578424680157664,
        0.41722835358733884,
        0.2183482323942179,
        0.3698563903025576,
        0.23754387380481706,
        0.3167996969742029,
        0.2412028592848159,
        0.3319815544700761,
        0.29593109109751164,
        0.27165303776604993,
        0.2628487225950338,
        0.2340813307599692,
        0.2774764268420971,
        0.4122080056495775,
        0.2742466910411393,
        0.4694425965268687,
        0.3975737070959557,
        0.22825368043297453,
        0.07488000848261764,
        0.49236124830882105,
        0.3904391789286437,
        0.6754010362031254,
        0.34372299435358633,
        0.2521985499197674
    ],
    "time_stamp_us": [
        1650893,
        7784039,
        12323786,
        17998527,
        26621509,
        30167185,
        35038179,
        38996681,
        43811893,
        49988666,
        54877794,
        57634484,
        59056856,
        61946084,
        64917008,
        67527498,
        75548364,
        84365734,
        89797323,
        93066529,
        95791309,
        98596104,
        104056739,
        107370025,
        112575295,
        116408632,
        121809563,
        125600617,
        129778887,
        134615056,
        139235204,
        144706123,
        149082711,
        152189492,
        156617622,
        159133968,
        162382875,
        167267966,
        183338477,
        185737691,
        188961138,
        190742835,
        194436507,
        199645736
    ]
}