{
    "name": "tcp_30",
    "flow_rate_mbps": [
        0.02373492375020208,
        0.03340042281589133,
        0.05045757793277773,
        0.04221719124466504,
        0.026933547856604165
    ],
    "time_stamp_us": [
        4713202,
        47505840,
        81550918,
        104743470,
        129847935,
        167148628
    ]
}