{
    "name": "scps_tp_22",
    "flow_rate_mbps": [
        0.3008320266765811,
        0.45876660961106547,
        0.7202469716427401,
        0.6644073105686529,
        0.6740859956747135,
        0.5029638670987837,
        0.6124890675709079,
        0.3442811409776386,
        0.6189057376946187,
        0.8005850564488058,
        0.4047986782083977,
        0.5918922509947623,
        0.5369967580766372,
        0.8985761199109996,
        0.7551006779361615,
        1.2251951044165923,
        0.8739566690326874,
        0.79266658041834,
        0.6152252042413411,
        0.5894483129471925,
        0.25469110916939897,
        0.47280269960682336,
        0.888898571879868,
        0.6347762987460677,
        1.239605405111727,
        0.5305568379837686,
        0.5221131373644153,
        0.6445173818524669,
        0.4965374117958393,
        1.5275307605840345,
        0.6492694115193997,
        1.260277696227413,
        0.4950146471725311,
        1.4200268061565713,
        0.448488564229478,
        0.9596481952233935,
        0.8236026564193705,
        0.8982458965756516,
        1.254255942342854,
        1.158384536115107,
        0.6705020380785305,
        0.6816302098001842,
        0.8955284235822871,
        0.32861730696168623,
        0.3651809974627859,
        0.909466129321204,
        0.6898485981321888,
        0.8163574813811781,
        0.5865244068608424,
        0.48222280883717034
    ],
    "time_stamp_us": [
        3978770,
        8309160,
        12352000,
        15800817,
        19938279,
        23181070,
        26868651,
        30311390,
        34319742,
        39492743,
        44043415,
        48052519,
        51913492,
        55614073,
        59263046,
        62976670,
        66671102,
        70056533,
        74555171,
        79149001,
        82819959,
        86981235,
        90857355,
        95080109,
        98836771,
        102702001,
        105823250,
        109713901,
        113824884,
        117271150,
        121231738,
        124972558,
        128695547,
        132308531,
        135768184,
        139780594,
        143404422,
        146742148,
        151510909,
        154609224,
        158021148,
        161742300,
        164771039,
        168925547,
        172621031,
        176399979,
        179944564,
        184105477,
        188351852,
        191984642,
        195670573
    ]
}