{
    "name": "tcp_44",
    "flow_rate_mbps": [
        0.08625980782034941,
        0.11120229422493448,
        0.07087465494280572,
        0.12712757081079695,
        0.17043507703345734,
        0.06881370819903154,
        0.14071781516506526,
        0.1188043543255649,
        0.08891155823411766,
        0.14367979628597788,
        0.11277264501381085,
        0.050342450065335664,
        0.0563289568693157,
        0.17551696241410572
    ],
    "time_stamp_us": [
        7195260,
        22681499,
        33602137,
        50580844,
        61175556,
        68819053,
        86947999,
        95813401,
        106499878,
        119165048,
        128231876,
        139098341,
        163001826,
        183384948,
        190555537
    ]
}