{
    "name": "tcp_29",
    "flow_rate_mbps": [
        0.09974324680196207,
        0.0682819527919258,
        0.06211033236983788,
        0.06469717887975134,
        0.07979041651805624,
        0.0388874575316185,
        0.05150453015214867,
        0.05536859999872252,
        0.11274161225677161
    ],
    "time_stamp_us": [
        15805944,
        27759836,
        43443043,
        63528590,
        83834885,
        98501308,
        128026509,
        150318917,
        171454362,
        182127972
    ]
}