{
    "throughput_send_bps": [
        8290231.999999999,
        9017988.8,
        7462230.3999999985,
        8981433.600000001,
        8324635.200000002,
        9518972.8,
        8279059.200000001,
        9568352.0,
        9601299.200000003,
        9516441.6,
        8983622.4,
        8436249.599999998,
        9312412.8,
        8573555.2,
        8296240.000000001,
        8075609.6,
        8962599.24,
        9360360.760000002,
        8117756.800000001,
        8476633.600000001,
        7165852.8,
        8553040.0,
        7387039.999999999,
        7317292.799999999,
        7579574.4,
        8203468.800000001,
        8531065.6,
        7504444.799999998,
        8646894.500000002,
        7695834.240000002,
        8155575.259999999,
        8991110.4,
        8513203.2,
        7772115.280000001,
        7634809.5200000005,
        7451420.800000002,
        8206662.4,
        7541680.0,
        8648508.8,
        7504169.6
    ],
    "throughput_sink_bps": [
        7683741.16,
        8586876.44,
        7072700.799999999,
        8507459.200000001,
        7851463.999999999,
        9071472.0,
        7809088.0,
        9116921.600000001,
        9157350.4,
        9042192.0,
        8530515.199999997,
        8021641.6,
        8846147.88,
        8130728.92,
        7835761.44,
        7656558.5600000005,
        8513158.4,
        8958761.6,
        7693654.399999999,
        8054886.3999999985,
        6748320.0,
        8110288.0,
        7014262.400000001,
        6932307.2,
        7211510.399999999,
        7810124.800000002,
        8062896.000000002,
        7131539.199999999,
        8294694.399999999,
        7301548.799999999,
        7705440.000000001,
        8525843.200000001,
        8104902.4,
        7317072.000000001,
        7199744.000000001,
        7068659.2,
        7808672.0,
        7184932.980000001,
        8219927.82,
        7122163.2
    ],
    "time_stamp_ns": [
        0.0,
        5000000000.0,
        10000000000.0,
        15000000000.0,
        20000000000.0,
        25000000000.0,
        30000000000.0,
        35000000000.0,
        40000000000.0,
        45000000000.0,
        50000000000.0,
        55000000000.0,
        60000000000.0,
        65000000000.0,
        70000000000.0,
        75000000000.0,
        80000000000.0,
        85000000000.0,
        90000000000.0,
        95000000000.0,
        100000000000.0,
        105000000000.0,
        110000000000.0,
        115000000000.0,
        120000000000.0,
        125000000000.0,
        130000000000.0,
        135000000000.0,
        140000000000.0,
        145000000000.0,
        150000000000.0,
        155000000000.0,
        160000000000.0,
        165000000000.0,
        170000000000.0,
        175000000000.0,
        180000000000.0,
        185000000000.0,
        190000000000.0,
        195000000000.0
    ]
}