{
    "name": "tcp_26",
    "flow_rate_mbps": [
        0.0371262245096467,
        0.05818464509625212,
        0.0647856649751815,
        0.03264739500402592,
        0.050148269229647414,
        0.07423960753152853,
        0.040987213349600184
    ],
    "time_stamp_us": [
        16492559,
        45931588,
        65854370,
        83406401,
        117222269,
        138136251,
        153601850,
        177304852
    ]
}