{
    "name": "tcp_39",
    "flow_rate_mbps": [
        0.19690748921485127,
        0.14286032176950975,
        0.27695567930127313,
        0.1311856022987883,
        0.3822448797625493,
        0.21487389414746386,
        0.24850419889104802,
        0.18199700513671777,
        0.2140466242642147,
        0.14237876115001846,
        0.09538088609414143,
        0.33170249070335855,
        0.06407645650441753,
        0.18919645121441778,
        0.3383285832490577,
        0.18401598033513433,
        0.24698367636621715,
        0.3571676738498742,
        0.1770129992857161,
        0.3903128866890578,
        0.1150861684294618,
        0.12778737142428112,
        0.29348453420733217,
        0.24695268637540094,
        0.16587401951513323,
        0.1266515966373246
    ],
    "time_stamp_us": [
        10516199,
        16851763,
        25120539,
        29664804,
        39006073,
        42269740,
        47972806,
        53081774,
        60421675,
        66353093,
        75115074,
        88425917,
        92719403,
        109776526,
        116136899,
        119987357,
        126826763,
        132011883,
        135566516,
        142614134,
        145697199,
        157496358,
        167086038,
        171374373,
        176381324,
        183968769,
        193818783
    ]
}