{
    "name": "tcp_24",
    "flow_rate_mbps": [
        0.07252960804447957,
        0.05587441229343205,
        0.04631778781258813,
        0.04864848429566117,
        0.09495978573494145,
        0.066660748121983,
        0.056723675547066,
        0.05684937988971184,
        0.07421958984840943
    ],
    "time_stamp_us": [
        12740836,
        31006480,
        51357835,
        76384937,
        99078347,
        110704321,
        127431406,
        145921040,
        165923369,
        181541887
    ]
}